Workbook

Sheet INTRO
A2: PURPOSE
A3: A small, inspectable discrete-event simulation of two architectures carrying the same traffic under the same link conditions, built in plain Excel formulas with no macros. Phase 1 of the Read Me handoff: agree the logic here, then translate it to MATLAB and SimEvents.
A5: THE TWO PATHS
A6: Ground-centric: observation arrives > wait for link > downlink full volume > ground processing > delivered.
A7: Bounded orbital edge: observation arrives > onboard processing (slower, reduces volume) > wait for link > downlink reduced volume > delivered to the same endpoint.
A8: Both paths use the identical arrival stream, the identical processing draws and the identical link schedule.
A10: SHEETS
A11: Settings Every input. Blue on yellow is yours to change.
A12: Arrivals Shared random streams: arrivals, processing demands, volumes.
A13: Ground_Run Event calculation for the ground path, one row per observation.
A14: Edge_Run Event calculation for the edge path, one row per observation.
A15: Replications Per-replication results for both paths, the paired difference, uptime and downtime.
... A52: Demonstration only. Every number here is a simulated test value used to prove the logic. None of it is a measurement, a benchmark, or evidence for or against any hypothesis.

Sheet Settings
A1: Settings - every input lives here
A2: Excel DES Baseline v1.2 | 19 September 2026 | Prepared by Carlo Antonio Nino, GWU D.Eng. Praxis
A3: DEMONSTRATION MODEL. All values are simulated test values, not measured observations and not research findings.
A5: Blue cells on a yellow fill are inputs. Black cells are calculated. Change nothing else.
A7: SCENARIO
A8: Entities per replication | B8: 100 | C8: Working input. The sheets are built for up to 120 rows per replication.
A9: Replications | B9: 10 | C9: Working input. The sheets are built for up to 10 replications.
A10: Scheduled assessment window (s) | B10: 6000 | C10: Used for the uptime and downtime measures.
A11: Mean time between arrivals (s) | B11: 60 | C11: Exponential, generated by inverse transform.
A12: Observation size (MB) | B12: 300 | C12: Raw volume produced by each observation.
A14: RANDOM STREAMS
A15: Base seed, arrival stream | B15: 12345 | C15: Replication seed = base seed + 1000 * replication number.
A16: Base seed, processing stream | B16: 54321 | C16: Separate stream. Both paths use the same draws.
A17: Generator multiplier a | B17: 16807 | C17: Park-Miller generator, as used in HW5.
A18: Generator modulus m | B18: 2147483647 | C18: 2^31 - 1.
A20: GROUND-CENTRIC PATH
A21: Ground processing mean time (s) | B21: 4 | C21: Processing happens after the downlink.
A23: ORBITAL EDGE PATH
A24: Onboard processing mean time (s) | B24: 12 | C24: Onboard compute is slower than the ground. The edge path must be able to lose.
A25: Output fraction after filtering | B25: 0.25 | C25: Share of raw volume still downlinked.
A27: COMMUNICATIONS LINK (identical for both paths)
A28: Link rate (Mbps) | B28: 100 | C28: Transmission time = MB * 8 / Mbps + propagation.
A29: One-way propagation delay (s) | B29: 0.02 | C29: Held separate from queueing and transmission.
A30: Link up window (s) | B30: 600 | C30: Length of each contact or available period.
A31: Link down window (s) | B31: 120 | C31: Length of each interruption.
A32: Cycle offset (s) | B32: 0 | C32: Shifts the schedule. 0 means the window starts with the link up.
A33: Cycle length (s) | B33: =B30+B31 -> 720 | C33: Up window plus down window.
A35: ANALYSIS
A36: Service deadline (s) | B36: 120 | C36: Delivered later than this counts as outside the service deadline. Drives the availability measure.
A37: Staleness limit (s) | B37: 900 | C37: Not delivered by this time counts as dropped, not delivered. Keep it above the deadline.
A38: Significance level alpha | B38: 0.05 | C38: Two-sided. 0.05 with 9 degrees of freedom gives t = 2.2622, as in HW10.
A39: Acceptable-loss margin, availability | B39: 0.02 | C39: Recorded before testing. For a preservation claim only, never for an improvement claim.
A40: Main latency statistic, selected before testing | B40: Mean | C40: Type Mean, Median or P90. This choice drives the comparison sheet.
A42: HYPOTHESIS TEXT (editable, nothing is locked into the sheet)
A43: H0 latency (NULL HYPOTHESIS) | B43: Edge processing does not reduce the selected latency measure.
A44: H1 latency | B44: Edge processing reduces the selected latency measure.
A45: H0 availability (NULL HYPOTHESIS) | B45: Edge availability is not higher than ground availability.
A46: H1 availability | B46: Edge availability is higher than ground availability.
A48: Grid limits: the run sheets are built for 120 observations per replication and 10 replications. Entries above those limits are ignored by the results sheets.

Sheet Arrivals
A1: Arrivals - shared random streams used by BOTH paths
A5: Rep | B5: Entity | C5: X arrival | D5: U arrival | E5: Interarrival (s) | F5: Arrival time (s) | G5: X service | H5: U service | I5: Ground proc time (s) | J5: Edge proc time (s) | K5: Ground volume (MB) | L5: Edge volume (MB)
A6: 1 | B6: 1 | C6: =MOD(Settings!$B$17*(Settings!$B$15+1000*A6),Settings!$B$18) -> 224289415 | D6: =MAX(C6,1)/Settings!$B$18 -> 0.1044429 | E6: =-Settings!$B$11*LN(D6) -> 135.54689 | F6: =E6 -> 135.54689 | G6: =MOD(Settings!$B$17*(Settings!$B$16+1000*A6),Settings!$B$18) -> 929780047 | H6: =MAX(G6,1)/Settings!$B$18 -> 0.43296257 | I6: =-Settings!$B$21*LN(H6) -> 3.348416 | J6: =-Settings!$B$24*LN(H6) -> 10.045248 | K6: =Settings!$B$12 -> 300 | L6: =Settings!$B$12*Settings!$B$25 -> 75
A7: 1 | B7: 2 | C7: =MOD(Settings!$B$17*C6,Settings!$B$18) -> 798397420 | D7: =MAX(C7,1)/Settings!$B$18 -> 0.37178277 | E7: =-Settings!$B$11*LN(D7) -> 59.366733 | F7: =F6+E7 -> 194.91362 | G7: =MOD(Settings!$B$17*G6,Settings!$B$18) -> 1722234357 | H7: =MAX(G7,1)/Settings!$B$18 -> 0.80197787 | I7: =-Settings!$B$21*LN(H7) -> 0.88269707 | J7: =-Settings!$B$24*LN(H7) -> 2.6480912 | K7: =Settings!$B$12 -> 300 | L7: =Settings!$B$12*Settings!$B$25 -> 75
A8: 1 | B8: 3 | C8: =MOD(Settings!$B$17*C7,Settings!$B$18) -> 1187611484 | D8: =MAX(C8,1)/Settings!$B$18 -> 0.55302469 | E8: =-Settings!$B$11*LN(D8) -> 35.541158 | F8: =F7+E8 -> 230.45478 | G8: =MOD(Settings!$B$17*G7,Settings!$B$18) -> 1808243833 | H8: =MAX(G8,1)/Settings!$B$18 -> 0.84202915 | I8: =-Settings!$B$21*LN(H8) -> 0.68776257 | J8: =-Settings!$B$24*LN(H8) -> 2.0632877 | K8: =Settings!$B$12 -> 300 | L8: =Settings!$B$12*Settings!$B$25 -> 75
A9: 1 | B9: 4 | C9: =MOD(Settings!$B$17*C8,Settings!$B$18) -> 1473196370 | D9: =MAX(C9,1)/Settings!$B$18 -> 0.68601052 | E9: =-Settings!$B$11*LN(D9) -> 22.611739 | F9: =F8+E9 -> 253.06652 | G9: =MOD(Settings!$B$17*G8,Settings!$B$18) -> 2113012534 | H9: =MAX(G9,1)/Settings!$B$18 -> 0.98394814 | I9: =-Settings!$B$21*LN(H9) -> 0.064728358 | J9: =-Settings!$B$24*LN(H9) -> 0.19418507 | K9: =Settings!$B$12 -> 300 | L9: =Settings!$B$12*Settings!$B$25 -> 75
A10: 1 | B10: 5 | C10: =MOD(Settings!$B$17*C9,Settings!$B$18) -> 1672424327 | D10: =MAX(C10,1)/Settings!$B$18 -> 0.77878327 | E10: =-Settings!$B$11*LN(D10) -> 15.00135 | F10: =F9+E10 -> 268.06787 | G10: =MOD(Settings!$B$17*G9,Settings!$B$18) -> 464588499 | H10: =MAX(G10,1)/Settings!$B$18 -> 0.21634088 | I10: =-Settings!$B$21*LN(H10) -> 6.1235999 | J10: =-Settings!$B$24*LN(H10) -> 18.3708 | K10: =Settings!$B$12 -> 300 | L10: =Settings!$B$12*Settings!$B$25 -> 75
A11: 1 | B11: 6 | C11: =MOD(Settings!$B$17*C10,Settings!$B$18) -> 22208306 | D11: =MAX(C11,1)/Settings!$B$18 -> 0.010341548 | E11: =-Settings!$B$11*LN(D11) -> 274.29514 | F11: =F10+E11 -> 542.36301 | G11: =MOD(Settings!$B$17*G10,Settings!$B$18) -> 88362201 | H11: =MAX(G11,1)/Settings!$B$18 -> 0.041146856 | I11: =-Settings!$B$21*LN(H11) -> 12.762431 | J11: =-Settings!$B$24*LN(H11) -> 38.287293 | K11: =Settings!$B$12 -> 300 | L11: =Settings!$B$12*Settings!$B$25 -> 75
A12: 1 | B12: 7 | C12: =MOD(Settings!$B$17*C11,Settings!$B$18) -> 1740328011 | D12: =MAX(C12,1)/Settings!$B$18 -> 0.81040338 | E12: =-Settings!$B$11*LN(D12) -> 12.613389 | F12: =F11+E12 -> 554.9764 | G12: =MOD(Settings!$B$17*G11,Settings!$B$18) -> 1192312130 | H12: =MAX(G12,1)/Settings!$B$18 -> 0.5552136 | I12: =-Settings!$B$21*LN(H12) -> 2.3536095 | J12: =-Settings!$B$24*LN(H12) -> 7.0608285 | K12: =Settings!$B$12 -> 300 | L12: =Settings!$B$12*Settings!$B$25 -> 75
A13: 1 | B13: 8 | C13: =MOD(Settings!$B$17*C12,Settings!$B$18) -> 965608737 | D13: =MAX(C13,1)/Settings!$B$18 -> 0.44964661 | E13: =-Settings!$B$11*LN(D13) -> 47.957599 | F13: =F12+E13 -> 602.934 | G13: =MOD(Settings!$B$17*G12,Settings!$B$18) -> 1020058753 | H13: =MAX(G13,1)/Settings!$B$18 -> 0.47500187 | I13: =-Settings!$B$21*LN(H13) -> 2.9777461 | J13: =-Settings!$B$24*LN(H13) -> 8.9332384 | K13: =Settings!$B$12 -> 300 | L13: =Settings!$B$12*Settings!$B$25 -> 75
A14: 1 | B14: 9 | C14: =MOD(Settings!$B$17*C13,Settings!$B$18) -> 452122380 | D14: =MAX(C14,1)/Settings!$B$18 -> 0.21053589 | E14: =-Settings!$B$11*LN(D14) -> 93.485949 | F14: =F13+E14 -> 696.41994 | G14: =MOD(Settings!$B$17*G13,Settings!$B$18) -> 765507670 | H14: =MAX(G14,1)/Settings!$B$18 -> 0.35646729 | I14: =-Settings!$B$21*LN(H14) -> 4.1260512 | J14: =-Settings!$B$24*LN(H14) -> 12.378154 | K14: =Settings!$B$12 -> 300 | L14: =Settings!$B$12*Settings!$B$25 -> 75
A15: 1 | B15: 10 | C15: =MOD(Settings!$B$17*C14,Settings!$B$18) -> 1023697574 | D15: =MAX(C15,1)/Settings!$B$18 -> 0.47669633 | E15: =-Settings!$B$11*LN(D15) -> 44.452537 | F15: =F14+E15 -> 740.87248 | G15: =MOD(Settings!$B$17*G14,Settings!$B$18) -> 312880513 | H15: =MAX(G15,1)/Settings!$B$18 -> 0.14569634 | I15: =-Settings!$B$21*LN(H15) -> 7.7049227 | J15: =-Settings!$B$24*LN(H15) -> 23.114768 | K15: =Settings!$B$12 -> 300 | L15: =Settings!$B$12*Settings!$B$25 -> 75
A16: 1 | B16: 11 | C16: =MOD(Settings!$B$17*C15,Settings!$B$18) -> 1793630101 | D16: =MAX(C16,1)/Settings!$B$18 -> 0.8352241 | E16: =-Settings!$B$11*LN(D16) -> 10.803312 | F16: =F15+E16 -> 751.67579 | G16: =MOD(Settings!$B$17*G15,Settings!$B$18) -> 1542814135 | H16: =MAX(G16,1)/Settings!$B$18 -> 0.71842882 | I16: =-Settings!$B$21*LN(H16) -> 1.3227546 | J16: =-Settings!$B$24*LN(H16) -> 3.9682638 | K16: =Settings!$B$12 -> 300 | L16: =Settings!$B$12*Settings!$B$25 -> 75
A17: 1 | B17: 12 | C17: =MOD(Settings!$B$17*C16,Settings!$B$18) -> 1313154568 | D17: =MAX(C17,1)/Settings!$B$18 -> 0.61148525 | E17: =-Settings!$B$11*LN(D17) -> 29.511867 | F17: =F16+E17 -> 781.18766 | G17: =MOD(Settings!$B$17*G16,Settings!$B$18) -> 1359613067 | H17: =MAX(G17,1)/Settings!$B$18 -> 0.63311917 | I17: =-Settings!$B$21*LN(H17) -> 1.8283864 | J17: =-Settings!$B$24*LN(H17) -> 5.4851593 | K17: =Settings!$B$12 -> 300 | L17: =Settings!$B$12*Settings!$B$25 -> 75
A18: 1 | B18: 13 | C18: =MOD(Settings!$B$17*C17,Settings!$B$18) -> 499384157 | D18: =MAX(C18,1)/Settings!$B$18 -> 0.23254387 | E18: =-Settings!$B$11*LN(D18) -> 87.520583 | F18: =F17+E18 -> 868.70824 | G18: =MOD(Settings!$B$17*G17,Settings!$B$18) -> 1790812989 | H18: =MAX(G18,1)/Settings!$B$18 -> 0.83391228 | I18: =-Settings!$B$21*LN(H18) -> 0.72650824 | J18: =-Settings!$B$24*LN(H18) -> 2.1795247 | K18: =Settings!$B$12 -> 300 | L18: =Settings!$B$12*Settings!$B$25 -> 75
... A125: 1 | B125: 120 | C125: =MOD(Settings!$B$17*C124,Settings!$B$18) -> 1185002360 | D125: =MAX(C125,1)/Settings!$B$18 -> 0.55180972 | E125: =-Settings!$B$11*LN(D125) -> 35.67312 | F125: =F124+E125 -> 7339.641 | G125: =MOD(Settings!$B$17*G124,Settings!$B$18) -> 787169147 | H125: =MAX(G125,1)/Settings!$B$18 -> 0.3665542 | I125: =-Settings!$B$21*LN(H125) -> 4.0144355 | J125: =-Settings!$B$24*LN(H125) -> 12.043307 | K125: =Settings!$B$12 -> 300 | L125: =Settings!$B$12*Settings!$B$25 -> 75
A126: 2 | B126: 1 | C126: =MOD(Settings!$B$17*(Settings!$B$15+1000*A126),Settings!$B$18) -> 241096415 | D126: =MAX(C126,1)/Settings!$B$18 -> 0.11226927 | E126: =-Settings!$B$11*LN(D126) -> 131.21131 | F126: =E126 -> 131.21131 | G126: =MOD(Settings!$B$17*(Settings!$B$16+1000*A126),Settings!$B$18) -> 946587047 | H126: =MAX(G126,1)/Settings!$B$18 -> 0.44078894 | I126: =-Settings!$B$21*LN(H126) -> 3.2767564 | J126: =-Settings!$B$24*LN(H126) -> 9.8302693 | K126: =Settings!$B$12 -> 300 | L126: =Settings!$B$12*Settings!$B$25 -> 75
A127: 2 | B127: 2 | C127: =MOD(Settings!$B$17*C126,Settings!$B$18) -> 1953288663 | D127: =MAX(C127,1)/Settings!$B$18 -> 0.90957091 | E127: =-Settings!$B$11*LN(D127) -> 5.6869388 | F127: =F126+E127 -> 136.89825 | G127: =MOD(Settings!$B$17*G126,Settings!$B$18) -> 729641953 | H127: =MAX(G127,1)/Settings!$B$18 -> 0.33976601 | I127: =-Settings!$B$21*LN(H127) -> 4.3179924 | J127: =-Settings!$B$24*LN(H127) -> 12.953977 | K127: =Settings!$B$12 -> 300 | L127: =Settings!$B$12*Settings!$B$25 -> 75
A128: 2 | B128: 3 | C128: =MOD(Settings!$B$17*C127,Settings!$B$18) -> 340047352 | D128: =MAX(C128,1)/Settings!$B$18 -> 0.15834689 | E128: =-Settings!$B$11*LN(D128) -> 110.57803 | F128: =F127+E128 -> 247.47628 | G128: =MOD(Settings!$B$17*G127,Settings!$B$18) -> 960679701 | H128: =MAX(G128,1)/Settings!$B$18 -> 0.44735135 | I128: =-Settings!$B$21*LN(H128) -> 3.2176439 | J128: =-Settings!$B$24*LN(H128) -> 9.6529318 | K128: =Settings!$B$12 -> 300 | L128: =Settings!$B$12*Settings!$B$25 -> 75
A129: 2 | B129: 4 | C129: =MOD(Settings!$B$17*C128,Settings!$B$18) -> 721860397 | D129: =MAX(C129,1)/Settings!$B$18 -> 0.33614244 | E129: =-Settings!$B$11*LN(D129) -> 65.413216 | F129: =F128+E129 -> 312.88949 | G129: =MOD(Settings!$B$17*G128,Settings!$B$18) -> 1361676561 | H129: =MAX(G129,1)/Settings!$B$18 -> 0.63408006 | I129: =-Settings!$B$21*LN(H129) -> 1.8223202 | J129: =-Settings!$B$24*LN(H129) -> 5.4669606 | K129: =Settings!$B$12 -> 300 | L129: =Settings!$B$12*Settings!$B$25 -> 75
A130: 2 | B130: 5 | C130: =MOD(Settings!$B$17*C129,Settings!$B$18) -> 1172570476 | D130: =MAX(C130,1)/Settings!$B$18 -> 0.54602068 | E130: =-Settings!$B$11*LN(D130) -> 36.305906 | F130: =F129+E130 -> 349.1954 | G130: =MOD(Settings!$B$17*G129,Settings!$B$18) -> 2112218295 | H130: =MAX(G130,1)/Settings!$B$18 -> 0.98357829 | I130: =-Settings!$B$21*LN(H130) -> 0.06623216 | J130: =-Settings!$B$24*LN(H130) -> 0.19869648 | K130: =Settings!$B$12 -> 300 | L130: =Settings!$B$12*Settings!$B$25 -> 75
A131: 2 | B131: 6 | C131: =MOD(Settings!$B$17*C130,Settings!$B$18) -> 2082045260 | D131: =MAX(C131,1)/Settings!$B$18 -> 0.96952788 | E131: =-Settings!$B$11*LN(D131) -> 1.8567631 | F131: =F130+E131 -> 351.05216 | G131: =MOD(Settings!$B$17*G130,Settings!$B$18) -> 715508 | H131: =MAX(G131,1)/Settings!$B$18 -> 0.00033318438 | I131: =-Settings!$B$21*LN(H131) -> 32.027258 | J131: =-Settings!$B$24*LN(H131) -> 96.081774 | K131: =Settings!$B$12 -> 300 | L131: =Settings!$B$12*Settings!$B$25 -> 75
A132: 2 | B132: 7 | C132: =MOD(Settings!$B$17*C131,Settings!$B$18) -> 1836140602 | D132: =MAX(C132,1)/Settings!$B$18 -> 0.8550196 | E132: =-Settings!$B$11*LN(D132) -> 9.3978534 | F132: =F131+E132 -> 360.45001 | G132: =MOD(Settings!$B$17*G131,Settings!$B$18) -> 1288124721 | H132: =MAX(G132,1)/Settings!$B$18 -> 0.59982982 | I132: =-Settings!$B$21*LN(H132) -> 2.0444372 | J132: =-Settings!$B$24*LN(H132) -> 6.1333116 | K132: =Settings!$B$12 -> 300 | L132: =Settings!$B$12*Settings!$B$25 -> 75
A133: 2 | B133: 8 | C133: =MOD(Settings!$B$17*C132,Settings!$B$18) -> 675090424 | D133: =MAX(C133,1)/Settings!$B$18 -> 0.31436348 | E133: =-Settings!$B$11*LN(D133) -> 69.432324 | F133: =F132+E133 -> 429.88234 | G133: =MOD(Settings!$B$17*G132,Settings!$B$18) -> 729540440 | H133: =MAX(G133,1)/Settings!$B$18 -> 0.33971874 | I133: =-Settings!$B$21*LN(H133) -> 4.3185489 | J133: =-Settings!$B$24*LN(H133) -> 12.955647 | K133: =Settings!$B$12 -> 300 | L133: =Settings!$B$12*Settings!$B$25 -> 75
A134: 2 | B134: 9 | C134: =MOD(Settings!$B$17*C133,Settings!$B$18) -> 1088649067 | D134: =MAX(C134,1)/Settings!$B$18 -> 0.50694173 | E134: =-Settings!$B$11*LN(D134) -> 40.761553 | F134: =F133+E134 -> 470.64389 | G134: =MOD(Settings!$B$17*G133,Settings!$B$18) -> 1402034357 | H134: =MAX(G134,1)/Settings!$B$18 -> 0.65287312 | I134: =-Settings!$B$21*LN(H134) -> 1.7054899 | J134: =-Settings!$B$24*LN(H134) -> 5.1164696 | K134: =Settings!$B$12 -> 300 | L134: =Settings!$B$12*Settings!$B$25 -> 75
A135: 2 | B135: 10 | C135: =MOD(Settings!$B$17*C134,Settings!$B$18) -> 364196629 | D135: =MAX(C135,1)/Settings!$B$18 -> 0.16959227 | E135: =-Settings!$B$11*LN(D135) -> 106.46149 | F135: =F134+E135 -> 577.10538 | G135: =MOD(Settings!$B$17*G134,Settings!$B$18) -> 1800863215 | H135: =MAX(G135,1)/Settings!$B$18 -> 0.83859228 | I135: =-Settings!$B$21*LN(H135) -> 0.70412258 | J135: =-Settings!$B$24*LN(H135) -> 2.1123678 | K135: =Settings!$B$12 -> 300 | L135: =Settings!$B$12*Settings!$B$25 -> 75
A136: 2 | B136: 11 | C136: =MOD(Settings!$B$17*C135,Settings!$B$18) -> 724349653 | D136: =MAX(C136,1)/Settings!$B$18 -> 0.33730159 | E136: =-Settings!$B$11*LN(D136) -> 65.206669 | F136: =F135+E136 -> 642.31205 | G136: =MOD(Settings!$B$17*G135,Settings!$B$18) -> 473533687 | H136: =MAX(G136,1)/Settings!$B$18 -> 0.22050631 | I136: =-Settings!$B$21*LN(H136) -> 6.0473159 | J136: =-Settings!$B$24*LN(H136) -> 18.141948 | K136: =Settings!$B$12 -> 300 | L136: =Settings!$B$12*Settings!$B$25 -> 75
A137: 2 | B137: 12 | C137: =MOD(Settings!$B$17*C136,Settings!$B$18) -> 59823128 | D137: =MAX(C137,1)/Settings!$B$18 -> 0.027857315 | E137: =-Settings!$B$11*LN(D137) -> 214.83958 | F137: =F136+E137 -> 857.15163 | G137: =MOD(Settings!$B$17*G136,Settings!$B$18) -> 106281627 | H137: =MAX(G137,1)/Settings!$B$18 -> 0.049491239 | I137: =-Settings!$B$21*LN(H137) -> 12.023838 | J137: =-Settings!$B$24*LN(H137) -> 36.071515 | K137: =Settings!$B$12 -> 300 | L137: =Settings!$B$12*Settings!$B$25 -> 75
A138: 2 | B138: 13 | C138: =MOD(Settings!$B$17*C137,Settings!$B$18) -> 424965500 | D138: =MAX(C138,1)/Settings!$B$18 -> 0.19788998 | E138: =-Settings!$B$11*LN(D138) -> 97.202643 | F138: =F137+E138 -> 954.35427 | G138: =MOD(Settings!$B$17*G137,Settings!$B$18) -> 1716394332 | H138: =MAX(G138,1)/Settings!$B$18 -> 0.79925839 | I138: =-Settings!$B$21*LN(H138) -> 0.89628395 | J138: =-Settings!$B$24*LN(H138) -> 2.6888519 | K138: =Settings!$B$12 -> 300 | L138: =Settings!$B$12*Settings!$B$25 -> 75
... A245: 2 | B245: 120 | C245: =MOD(Settings!$B$17*C244,Settings!$B$18) -> 2102540250 | D245: =MAX(C245,1)/Settings!$B$18 -> 0.9790716 | E245: =-Settings!$B$11*LN(D245) -> 1.2690302 | F245: =F244+E245 -> 7157.0812 | G245: =MOD(Settings!$B$17*G244,Settings!$B$18) -> 1704707037 | H245: =MAX(G245,1)/Settings!$B$18 -> 0.79381607 | I245: =-Settings!$B$21*LN(H245) -> 0.92361396 | J245: =-Settings!$B$24*LN(H245) -> 2.7708419 | K245: =Settings!$B$12 -> 300 | L245: =Settings!$B$12*Settings!$B$25 -> 75
A246: 3 | B246: 1 | C246: =MOD(Settings!$B$17*(Settings!$B$15+1000*A246),Settings!$B$18) -> 257903415 | D246: =MAX(C246,1)/Settings!$B$18 -> 0.12009564 | E246: =-Settings!$B$11*LN(D246) -> 127.16801 | F246: =E246 -> 127.16801 | G246: =MOD(Settings!$B$17*(Settings!$B$16+1000*A246),Settings!$B$18) -> 963394047 | H246: =MAX(G246,1)/Settings!$B$18 -> 0.44861531 | I246: =-Settings!$B$21*LN(H246) -> 3.2063581 | J246: =-Settings!$B$24*LN(H246) -> 9.6190743 | K246: =Settings!$B$12 -> 300 | L246: =Settings!$B$12*Settings!$B$25 -> 75
A247: 3 | B247: 2 | C247: =MOD(Settings!$B$17*C246,Settings!$B$18) -> 960696259 | D247: =MAX(C247,1)/Settings!$B$18 -> 0.44735906 | E247: =-Settings!$B$11*LN(D247) -> 48.263625 | F247: =F246+E247 -> 175.43164 | G247: =MOD(Settings!$B$17*G246,Settings!$B$18) -> 1884533196 | H247: =MAX(G247,1)/Settings!$B$18 -> 0.87755415 | I247: =-Settings!$B$21*LN(H247) -> 0.52246644 | J247: =-Settings!$B$24*LN(H247) -> 1.5673993 | K247: =Settings!$B$12 -> 300 | L247: =Settings!$B$12*Settings!$B$25 -> 75
A248: 3 | B248: 3 | C248: =MOD(Settings!$B$17*C247,Settings!$B$18) -> 1639966867 | D248: =MAX(C248,1)/Settings!$B$18 -> 0.76366908 | E248: =-Settings!$B$11*LN(D248) -> 16.177243 | F248: =F247+E248 -> 191.60888 | G248: =MOD(Settings!$B$17*G247,Settings!$B$18) -> 113115569 | H248: =MAX(G248,1)/Settings!$B$18 -> 0.052673541 | I248: =-Settings!$B$21*LN(H248) -> 11.774568 | J248: =-Settings!$B$24*LN(H248) -> 35.323704 | K248: =Settings!$B$12 -> 300 | L248: =Settings!$B$12*Settings!$B$25 -> 75
A249: 3 | B249: 4 | C249: =MOD(Settings!$B$17*C248,Settings!$B$18) -> 2118008071 | D249: =MAX(C249,1)/Settings!$B$18 -> 0.98627437 | E249: =-Settings!$B$11*LN(D249) -> 0.82924213 | F249: =F248+E249 -> 192.43812 | G249: =MOD(Settings!$B$17*G248,Settings!$B$18) -> 610340588 | H249: =MAX(G249,1)/Settings!$B$18 -> 0.28421198 | I249: =-Settings!$B$21*LN(H249) -> 5.0321396 | J249: =-Settings!$B$24*LN(H249) -> 15.096419 | K249: =Settings!$B$12 -> 300 | L249: =Settings!$B$12*Settings!$B$25 -> 75
A250: 3 | B250: 5 | C250: =MOD(Settings!$B$17*C249,Settings!$B$18) -> 672716625 | D250: =MAX(C250,1)/Settings!$B$18 -> 0.31325809 | E250: =-Settings!$B$11*LN(D250) -> 69.643672 | F250: =F249+E250 -> 262.08179 | G250: =MOD(Settings!$B$17*G249,Settings!$B$18) -> 1612364444 | H250: =MAX(G250,1)/Settings!$B$18 -> 0.7508157 | I250: =-Settings!$B$21*LN(H250) -> 1.1463802 | J250: =-Settings!$B$24*LN(H250) -> 3.4391407 | K250: =Settings!$B$12 -> 300 | L250: =Settings!$B$12*Settings!$B$25 -> 75
A251: 3 | B251: 6 | C251: =MOD(Settings!$B$17*C250,Settings!$B$18) -> 1994398567 | D251: =MAX(C251,1)/Settings!$B$18 -> 0.9287142 | E251: =-Settings!$B$11*LN(D251) -> 4.4372535 | F251: =F250+E251 -> 266.51905 | G251: =MOD(Settings!$B$17*G250,Settings!$B$18) -> 2060552462 | H251: =MAX(G251,1)/Settings!$B$18 -> 0.95951951 | I251: =-Settings!$B$21*LN(H251) -> 0.16529051 | J251: =-Settings!$B$24*LN(H251) -> 0.49587153 | K251: =Settings!$B$12 -> 300 | L251: =Settings!$B$12*Settings!$B$25 -> 75
A252: 3 | B252: 7 | C252: =MOD(Settings!$B$17*C251,Settings!$B$18) -> 1931953193 | D252: =MAX(C252,1)/Settings!$B$18 -> 0.89963581 | E252: =-Settings!$B$11*LN(D252) -> 6.3459151 | F252: =F251+E252 -> 272.86496 | G252: =MOD(Settings!$B$17*G251,Settings!$B$18) -> 1383937312 | H252: =MAX(G252,1)/Settings!$B$18 -> 0.64444603 | I252: =-Settings!$B$21*LN(H252) -> 1.7574568 | J252: =-Settings!$B$24*LN(H252) -> 5.2723704 | K252: =Settings!$B$12 -> 300 | L252: =Settings!$B$12*Settings!$B$25 -> 75
A253: 3 | B253: 8 | C253: =MOD(Settings!$B$17*C252,Settings!$B$18) -> 384572111 | D253: =MAX(C253,1)/Settings!$B$18 -> 0.17908034 | E253: =-Settings!$B$11*LN(D253) -> 103.19524 | F253: =F252+E253 -> 376.06021 | G253: =MOD(Settings!$B$17*G252,Settings!$B$18) -> 439022127 | H253: =MAX(G253,1)/Settings!$B$18 -> 0.20443561 | I253: =-Settings!$B$21*LN(H253) -> 6.3500089 | J253: =-Settings!$B$24*LN(H253) -> 19.050027 | K253: =Settings!$B$12 -> 300 | L253: =Settings!$B$12*Settings!$B$25 -> 75
A254: 3 | B254: 9 | C254: =MOD(Settings!$B$17*C253,Settings!$B$18) -> 1725175754 | D254: =MAX(C254,1)/Settings!$B$18 -> 0.80334756 | E254: =-Settings!$B$11*LN(D254) -> 13.13807 | F254: =F253+E254 -> 389.19828 | G254: =MOD(Settings!$B$17*G253,Settings!$B$18) -> 2038561044 | H254: =MAX(G254,1)/Settings!$B$18 -> 0.94927896 | I254: =-Settings!$B$21*LN(H254) -> 0.20821029 | J254: =-Settings!$B$24*LN(H254) -> 0.62463086 | K254: =Settings!$B$12 -> 300 | L254: =Settings!$B$12*Settings!$B$25 -> 75
A255: 3 | B255: 10 | C255: =MOD(Settings!$B$17*C254,Settings!$B$18) -> 1852179331 | D255: =MAX(C255,1)/Settings!$B$18 -> 0.86248821 | E255: =-Settings!$B$11*LN(D255) -> 8.8760278 | F255: =F254+E255 -> 398.0743 | G255: =MOD(Settings!$B$17*G254,Settings!$B$18) -> 1141362270 | H255: =MAX(G255,1)/Settings!$B$18 -> 0.53148822 | I255: =-Settings!$B$21*LN(H255) -> 2.5282969 | J255: =-Settings!$B$24*LN(H255) -> 7.5848908 | K255: =Settings!$B$12 -> 300 | L255: =Settings!$B$12*Settings!$B$25 -> 75
A256: 3 | B256: 11 | C256: =MOD(Settings!$B$17*C255,Settings!$B$18) -> 1802552852 | D256: =MAX(C256,1)/Settings!$B$18 -> 0.83937908 | E256: =-Settings!$B$11*LN(D256) -> 10.505571 | F256: =F255+E256 -> 408.57988 | G256: =MOD(Settings!$B$17*G255,Settings!$B$18) -> 1551736886 | H256: =MAX(G256,1)/Settings!$B$18 -> 0.7225838 | I256: =-Settings!$B$21*LN(H256) -> 1.2996875 | J256: =-Settings!$B$24*LN(H256) -> 3.8990626 | K256: =Settings!$B$12 -> 300 | L256: =Settings!$B$12*Settings!$B$25 -> 75
A257: 3 | B257: 12 | C257: =MOD(Settings!$B$17*C256,Settings!$B$18) -> 953975335 | D257: =MAX(C257,1)/Settings!$B$18 -> 0.44422938 | E257: =-Settings!$B$11*LN(D257) -> 48.684853 | F257: =F256+E257 -> 457.26473 | G257: =MOD(Settings!$B$17*G256,Settings!$B$18) -> 1000433834 | H257: =MAX(G257,1)/Settings!$B$18 -> 0.46586331 | I257: =-Settings!$B$21*LN(H257) -> 3.0554521 | J257: =-Settings!$B$24*LN(H257) -> 9.1663562 | K257: =Settings!$B$12 -> 300 | L257: =Settings!$B$12*Settings!$B$25 -> 75
A258: 3 | B258: 13 | C258: =MOD(Settings!$B$17*C257,Settings!$B$18) -> 350546843 | D258: =MAX(C258,1)/Settings!$B$18 -> 0.16323609 | E258: =-Settings!$B$11*LN(D258) -> 108.75346 | F258: =F257+E258 -> 566.01819 | G258: =MOD(Settings!$B$17*G257,Settings!$B$18) -> 1641975675 | H258: =MAX(G258,1)/Settings!$B$18 -> 0.76460451 | I258: =-Settings!$B$21*LN(H258) -> 1.0735863 | J258: =-Settings!$B$24*LN(H258) -> 3.2207588 | K258: =Settings!$B$12 -> 300 | L258: =Settings!$B$12*Settings!$B$25 -> 75
... A365: 3 | B365: 120 | C365: =MOD(Settings!$B$17*C364,Settings!$B$18) -> 872594493 | D365: =MAX(C365,1)/Settings!$B$18 -> 0.40633348 | E365: =-Settings!$B$11*LN(D365) -> 54.034865 | F365: =F364+E365 -> 6468.9702 | G365: =MOD(Settings!$B$17*G364,Settings!$B$18) -> 474761280 | H365: =MAX(G365,1)/Settings!$B$18 -> 0.22107795 | I365: =-Settings!$B$21*LN(H365) -> 6.0369597 | J365: =-Settings!$B$24*LN(H365) -> 18.110879 | K365: =Settings!$B$12 -> 300 | L365: =Settings!$B$12*Settings!$B$25 -> 75
A366: 4 | B366: 1 | C366: =MOD(Settings!$B$17*(Settings!$B$15+1000*A366),Settings!$B$18) -> 274710415 | D366: =MAX(C366,1)/Settings!$B$18 -> 0.12792201 | E366: =-Settings!$B$11*LN(D366) -> 123.38007 | F366: =E366 -> 123.38007 | G366: =MOD(Settings!$B$17*(Settings!$B$16+1000*A366),Settings!$B$18) -> 980201047 | H366: =MAX(G366,1)/Settings!$B$18 -> 0.45644168 | I366: =-Settings!$B$21*LN(H366) -> 3.1371774 | J366: =-Settings!$B$24*LN(H366) -> 9.4115321 | K366: =Settings!$B$12 -> 300 | L366: =Settings!$B$12*Settings!$B$25 -> 75
A367: 4 | B367: 2 | C367: =MOD(Settings!$B$17*C366,Settings!$B$18) -> 2115587502 | D367: =MAX(C367,1)/Settings!$B$18 -> 0.9851472 | E367: =-Settings!$B$11*LN(D367) -> 0.89785244 | F367: =F366+E367 -> 124.27792 | G367: =MOD(Settings!$B$17*G366,Settings!$B$18) -> 891940792 | H367: =MAX(G367,1)/Settings!$B$18 -> 0.4153423 | I367: =-Settings!$B$21*LN(H367) -> 3.5146091 | J367: =-Settings!$B$24*LN(H367) -> 10.543827 | K367: =Settings!$B$12 -> 300 | L367: =Settings!$B$12*Settings!$B$25 -> 75
A368: 4 | B368: 3 | C368: =MOD(Settings!$B$17*C367,Settings!$B$18) -> 792402735 | D368: =MAX(C368,1)/Settings!$B$18 -> 0.36899128 | E368: =-Settings!$B$11*LN(D368) -> 59.818936 | F368: =F367+E368 -> 184.09686 | G368: =MOD(Settings!$B$17*G367,Settings!$B$18) -> 1413035084 | H368: =MAX(G368,1)/Settings!$B$18 -> 0.65799574 | I368: =-Settings!$B$21*LN(H368) -> 1.6742273 | J368: =-Settings!$B$24*LN(H368) -> 5.0226819 | K368: =Settings!$B$12 -> 300 | L368: =Settings!$B$12*Settings!$B$25 -> 75
A369: 4 | B369: 4 | C369: =MOD(Settings!$B$17*C368,Settings!$B$18) -> 1366672098 | D369: =MAX(C369,1)/Settings!$B$18 -> 0.63640629 | E369: =-Settings!$B$11*LN(D369) -> 27.115086 | F369: =F368+E369 -> 211.21195 | G369: =MOD(Settings!$B$17*G368,Settings!$B$18) -> 2006488262 | H369: =MAX(G369,1)/Settings!$B$18 -> 0.93434391 | I369: =-Settings!$B$21*LN(H369) -> 0.2716428 | J369: =-Settings!$B$24*LN(H369) -> 0.81492839 | K369: =Settings!$B$12 -> 300 | L369: =Settings!$B$12*Settings!$B$25 -> 75
A370: 4 | B370: 5 | C370: =MOD(Settings!$B$17*C369,Settings!$B$18) -> 172862774 | D370: =MAX(C370,1)/Settings!$B$18 -> 0.080495502 | E370: =-Settings!$B$11*LN(D370) -> 151.17324 | F370: =F369+E370 -> 362.38519 | G370: =MOD(Settings!$B$17*G369,Settings!$B$18) -> 1112510593 | H370: =MAX(G370,1)/Settings!$B$18 -> 0.51805312 | I370: =-Settings!$B$21*LN(H370) -> 2.63071 | J370: =-Settings!$B$24*LN(H370) -> 7.89213 | K370: =Settings!$B$12 -> 300 | L370: =Settings!$B$12*Settings!$B$25 -> 75
A371: 4 | B371: 6 | C371: =MOD(Settings!$B$17*C370,Settings!$B$18) -> 1906751874 | D371: =MAX(C371,1)/Settings!$B$18 -> 0.88790053 | E371: =-Settings!$B$11*LN(D371) -> 7.1337333 | F371: =F370+E371 -> 369.51892 | G371: =MOD(Settings!$B$17*G370,Settings!$B$18) -> 1972905769 | H371: =MAX(G371,1)/Settings!$B$18 -> 0.91870584 | I371: =-Settings!$B$21*LN(H371) -> 0.33915718 | J371: =-Settings!$B$24*LN(H371) -> 1.0174715 | K371: =Settings!$B$12 -> 300 | L371: =Settings!$B$12*Settings!$B$25 -> 75
A372: 4 | B372: 7 | C372: =MOD(Settings!$B$17*C371,Settings!$B$18) -> 2027765784 | D372: =MAX(C372,1)/Settings!$B$18 -> 0.94425203 | E372: =-Settings!$B$11*LN(D372) -> 3.4417303 | F372: =F371+E372 -> 372.96065 | G372: =MOD(Settings!$B$17*G371,Settings!$B$18) -> 1479749903 | H372: =MAX(G372,1)/Settings!$B$18 -> 0.68906225 | I372: =-Settings!$B$21*LN(H372) -> 1.4896947 | J372: =-Settings!$B$24*LN(H372) -> 4.4690841 | K372: =Settings!$B$12 -> 300 | L372: =Settings!$B$12*Settings!$B$25 -> 75
A373: 4 | B373: 8 | C373: =MOD(Settings!$B$17*C372,Settings!$B$18) -> 94053798 | D373: =MAX(C373,1)/Settings!$B$18 -> 0.043797213 | E373: =-Settings!$B$11*LN(D373) -> 187.69111 | F373: =F372+E373 -> 560.65175 | G373: =MOD(Settings!$B$17*G372,Settings!$B$18) -> 148503814 | H373: =MAX(G373,1)/Settings!$B$18 -> 0.069152477 | I373: =-Settings!$B$21*LN(H373) -> 10.685766 | J373: =-Settings!$B$24*LN(H373) -> 32.057297 | K373: =Settings!$B$12 -> 300 | L373: =Settings!$B$12*Settings!$B$25 -> 75
A374: 4 | B374: 9 | C374: =MOD(Settings!$B$17*C373,Settings!$B$18) -> 214218794 | D374: =MAX(C374,1)/Settings!$B$18 -> 0.099753399 | E374: =-Settings!$B$11*LN(D374) -> 138.30325 | F374: =F373+E374 -> 698.955 | G374: =MOD(Settings!$B$17*G373,Settings!$B$18) -> 527604084 | H374: =MAX(G374,1)/Settings!$B$18 -> 0.2456848 | I374: =-Settings!$B$21*LN(H374) -> 5.6148235 | J374: =-Settings!$B$24*LN(H374) -> 16.844471 | K374: =Settings!$B$12 -> 300 | L374: =Settings!$B$12*Settings!$B$25 -> 75
A375: 4 | B375: 10 | C375: =MOD(Settings!$B$17*C374,Settings!$B$18) -> 1192678386 | D375: =MAX(C375,1)/Settings!$B$18 -> 0.55538415 | E375: =-Settings!$B$11*LN(D375) -> 35.285714 | F375: =F374+E375 -> 734.24072 | G375: =MOD(Settings!$B$17*G374,Settings!$B$18) -> 481861325 | H375: =MAX(G375,1)/Settings!$B$18 -> 0.22438417 | I375: =-Settings!$B$21*LN(H375) -> 5.9775827 | J375: =-Settings!$B$24*LN(H375) -> 17.932748 | K375: =Settings!$B$12 -> 300 | L375: =Settings!$B$12*Settings!$B$25 -> 75
A376: 4 | B376: 11 | C376: =MOD(Settings!$B$17*C375,Settings!$B$18) -> 733272404 | D376: =MAX(C376,1)/Settings!$B$18 -> 0.34145657 | E376: =-Settings!$B$11*LN(D376) -> 64.472087 | F376: =F375+E376 -> 798.7128 | G376: =MOD(Settings!$B$17*G375,Settings!$B$18) -> 482456438 | H376: =MAX(G376,1)/Settings!$B$18 -> 0.22466129 | I376: =-Settings!$B$21*LN(H376) -> 5.9726456 | J376: =-Settings!$B$24*LN(H376) -> 17.917937 | K376: =Settings!$B$12 -> 300 | L376: =Settings!$B$12*Settings!$B$25 -> 75
A377: 4 | B377: 12 | C377: =MOD(Settings!$B$17*C376,Settings!$B$18) -> 1848127542 | D377: =MAX(C377,1)/Settings!$B$18 -> 0.86060145 | E377: =-Settings!$B$11*LN(D377) -> 9.0074264 | F377: =F376+E377 -> 807.72023 | G377: =MOD(Settings!$B$17*G376,Settings!$B$18) -> 1894586041 | H377: =MAX(G377,1)/Settings!$B$18 -> 0.88223538 | I377: =-Settings!$B$21*LN(H377) -> 0.50118557 | J377: =-Settings!$B$24*LN(H377) -> 1.5035567 | K377: =Settings!$B$12 -> 300 | L377: =Settings!$B$12*Settings!$B$25 -> 75
A378: 4 | B378: 13 | C378: =MOD(Settings!$B$17*C377,Settings!$B$18) -> 276128186 | D378: =MAX(C378,1)/Settings!$B$18 -> 0.12858221 | E378: =-Settings!$B$11*LN(D378) -> 123.07121 | F378: =F377+E378 -> 930.79144 | G378: =MOD(Settings!$B$17*G377,Settings!$B$18) -> 1567557018 | H378: =MAX(G378,1)/Settings!$B$18 -> 0.72995062 | I378: =-Settings!$B$21*LN(H378) -> 1.2591136 | J378: =-Settings!$B$24*LN(H378) -> 3.7773407 | K378: =Settings!$B$12 -> 300 | L378: =Settings!$B$12*Settings!$B$25 -> 75
... A485: 4 | B485: 120 | C485: =MOD(Settings!$B$17*C484,Settings!$B$18) -> 1790132383 | D485: =MAX(C485,1)/Settings!$B$18 -> 0.83359535 | E485: =-Settings!$B$11*LN(D485) -> 10.920431 | F485: =F484+E485 -> 6835.7084 | G485: =MOD(Settings!$B$17*G484,Settings!$B$18) -> 1392299170 | H485: =MAX(G485,1)/Settings!$B$18 -> 0.64833982 | I485: =-Settings!$B$21*LN(H485) -> 1.7333612 | J485: =-Settings!$B$24*LN(H485) -> 5.2000836 | K485: =Settings!$B$12 -> 300 | L485: =Settings!$B$12*Settings!$B$25 -> 75
A486: 5 | B486: 1 | C486: =MOD(Settings!$B$17*(Settings!$B$15+1000*A486),Settings!$B$18) -> 291517415 | D486: =MAX(C486,1)/Settings!$B$18 -> 0.13574837 | E486: =-Settings!$B$11*LN(D486) -> 119.81714 | F486: =E486 -> 119.81714 | G486: =MOD(Settings!$B$17*(Settings!$B$16+1000*A486),Settings!$B$18) -> 997008047 | H486: =MAX(G486,1)/Settings!$B$18 -> 0.46426805 | I486: =-Settings!$B$21*LN(H486) -> 3.0691728 | J486: =-Settings!$B$24*LN(H486) -> 9.2075184 | K486: =Settings!$B$12 -> 300 | L486: =Settings!$B$12*Settings!$B$25 -> 75
A487: 5 | B487: 2 | C487: =MOD(Settings!$B$17*C486,Settings!$B$18) -> 1122995098 | D487: =MAX(C487,1)/Settings!$B$18 -> 0.52293534 | E487: =-Settings!$B$11*LN(D487) -> 38.897847 | F487: =F486+E487 -> 158.71498 | G487: =MOD(Settings!$B$17*G486,Settings!$B$18) -> 2046832035 | H487: =MAX(G487,1)/Settings!$B$18 -> 0.95313044 | I487: =-Settings!$B$21*LN(H487) -> 0.19201404 | J487: =-Settings!$B$24*LN(H487) -> 0.57604213 | K487: =Settings!$B$12 -> 300 | L487: =Settings!$B$12*Settings!$B$25 -> 75
A488: 5 | B488: 3 | C488: =MOD(Settings!$B$17*C487,Settings!$B$18) -> 2092322250 | D488: =MAX(C488,1)/Settings!$B$18 -> 0.97431347 | E488: =-Settings!$B$11*LN(D488) -> 1.5613312 | F488: =F487+E488 -> 160.27632 | G488: =MOD(Settings!$B$17*G487,Settings!$B$18) -> 565470952 | H488: =MAX(G488,1)/Settings!$B$18 -> 0.26331793 | I488: =-Settings!$B$21*LN(H488) -> 5.3375724 | J488: =-Settings!$B$24*LN(H488) -> 16.012717 | K488: =Settings!$B$12 -> 300 | L488: =Settings!$B$12*Settings!$B$25 -> 75
A489: 5 | B489: 4 | C489: =MOD(Settings!$B$17*C488,Settings!$B$18) -> 615336125 | D489: =MAX(C489,1)/Settings!$B$18 -> 0.28653821 | E489: =-Settings!$B$11*LN(D489) -> 74.993003 | F489: =F488+E489 -> 235.26932 | G489: =MOD(Settings!$B$17*G488,Settings!$B$18) -> 1255152289 | H489: =MAX(G489,1)/Settings!$B$18 -> 0.58447583 | I489: =-Settings!$B$21*LN(H489) -> 2.1481594 | J489: =-Settings!$B$24*LN(H489) -> 6.4444782 | K489: =Settings!$B$12 -> 300 | L489: =Settings!$B$12*Settings!$B$25 -> 75
A490: 5 | B490: 5 | C490: =MOD(Settings!$B$17*C489,Settings!$B$18) -> 1820492570 | D490: =MAX(C490,1)/Settings!$B$18 -> 0.84773291 | E490: =-Settings!$B$11*LN(D490) -> 9.9113792 | F490: =F489+E490 -> 245.1807 | G490: =MOD(Settings!$B$17*G489,Settings!$B$18) -> 612656742 | H490: =MAX(G490,1)/Settings!$B$18 -> 0.28529053 | I490: =-Settings!$B$21*LN(H490) -> 5.0169889 | J490: =-Settings!$B$24*LN(H490) -> 15.050967 | K490: =Settings!$B$12 -> 300 | L490: =Settings!$B$12*Settings!$B$25 -> 75
A491: 5 | B491: 6 | C491: =MOD(Settings!$B$17*C490,Settings!$B$18) -> 1819105181 | D491: =MAX(C491,1)/Settings!$B$18 -> 0.84708686 | E491: =-Settings!$B$11*LN(D491) -> 9.9571223 | F491: =F490+E491 -> 255.13782 | G491: =MOD(Settings!$B$17*G490,Settings!$B$18) -> 1885259076 | H491: =MAX(G491,1)/Settings!$B$18 -> 0.87789217 | I491: =-Settings!$B$21*LN(H491) -> 0.52092603 | J491: =-Settings!$B$24*LN(H491) -> 1.5627781 | K491: =Settings!$B$12 -> 300 | L491: =Settings!$B$12*Settings!$B$25 -> 75
A492: 5 | B492: 7 | C492: =MOD(Settings!$B$17*C491,Settings!$B$18) -> 2123578375 | D492: =MAX(C492,1)/Settings!$B$18 -> 0.98886824 | E492: =-Settings!$B$11*LN(D492) -> 0.67165089 | F492: =F491+E492 -> 255.80947 | G492: =MOD(Settings!$B$17*G491,Settings!$B$18) -> 1575562494 | H492: =MAX(G492,1)/Settings!$B$18 -> 0.73367846 | I492: =-Settings!$B$21*LN(H492) -> 1.2387376 | J492: =-Settings!$B$24*LN(H492) -> 3.7162129 | K492: =Settings!$B$12 -> 300 | L492: =Settings!$B$12*Settings!$B$25 -> 75
A493: 5 | B493: 8 | C493: =MOD(Settings!$B$17*C492,Settings!$B$18) -> 1951019132 | D493: =MAX(C493,1)/Settings!$B$18 -> 0.90851408 | E493: =-Settings!$B$11*LN(D493) -> 5.7566935 | F493: =F492+E493 -> 261.56616 | G493: =MOD(Settings!$B$17*G492,Settings!$B$18) -> 2005469148 | H493: =MAX(G493,1)/Settings!$B$18 -> 0.93386935 | I493: =-Settings!$B$21*LN(H493) -> 0.27367495 | J493: =-Settings!$B$24*LN(H493) -> 0.82102485 | K493: =Settings!$B$12 -> 300 | L493: =Settings!$B$12*Settings!$B$25 -> 75
A494: 5 | B494: 9 | C494: =MOD(Settings!$B$17*C493,Settings!$B$18) -> 850745481 | D494: =MAX(C494,1)/Settings!$B$18 -> 0.39615924 | E494: =-Settings!$B$11*LN(D494) -> 55.556342 | F494: =F493+E494 -> 317.12251 | G494: =MOD(Settings!$B$17*G493,Settings!$B$18) -> 1164130771 | H494: =MAX(G494,1)/Settings!$B$18 -> 0.54209063 | I494: =-Settings!$B$21*LN(H494) -> 2.4492883 | J494: =-Settings!$B$24*LN(H494) -> 7.3478648 | K494: =Settings!$B$12 -> 300 | L494: =Settings!$B$12*Settings!$B$25 -> 75
A495: 5 | B495: 10 | C495: =MOD(Settings!$B$17*C494,Settings!$B$18) -> 533177441 | D495: =MAX(C495,1)/Settings!$B$18 -> 0.24828009 | E495: =-Settings!$B$11*LN(D495) -> 83.591866 | F495: =F494+E495 -> 400.71437 | G495: =MOD(Settings!$B$17*G494,Settings!$B$18) -> 1969844027 | H495: =MAX(G495,1)/Settings!$B$18 -> 0.91728011 | I495: =-Settings!$B$21*LN(H495) -> 0.34536958 | J495: =-Settings!$B$24*LN(H495) -> 1.0361087 | K495: =Settings!$B$12 -> 300 | L495: =Settings!$B$12*Settings!$B$25 -> 75
A496: 5 | B496: 11 | C496: =MOD(Settings!$B$17*C495,Settings!$B$18) -> 1811475603 | D496: =MAX(C496,1)/Settings!$B$18 -> 0.84353406 | E496: =-Settings!$B$11*LN(D496) -> 10.2093 | F496: =F495+E496 -> 410.92367 | G496: =MOD(Settings!$B$17*G495,Settings!$B$18) -> 1560659637 | H496: =MAX(G496,1)/Settings!$B$18 -> 0.72673878 | I496: =-Settings!$B$21*LN(H496) -> 1.2767527 | J496: =-Settings!$B$24*LN(H496) -> 3.8302582 | K496: =Settings!$B$12 -> 300 | L496: =Settings!$B$12*Settings!$B$25 -> 75
A497: 5 | B497: 12 | C497: =MOD(Settings!$B$17*C496,Settings!$B$18) -> 594796102 | D497: =MAX(C497,1)/Settings!$B$18 -> 0.27697352 | E497: =-Settings!$B$11*LN(D497) -> 77.030003 | F497: =F496+E497 -> 487.95367 | G497: =MOD(Settings!$B$17*G496,Settings!$B$18) -> 641254601 | H497: =MAX(G497,1)/Settings!$B$18 -> 0.29860744 | I497: =-Settings!$B$21*LN(H497) -> 4.8345019 | J497: =-Settings!$B$24*LN(H497) -> 14.503506 | K497: =Settings!$B$12 -> 300 | L497: =Settings!$B$12*Settings!$B$25 -> 75
A498: 5 | B498: 13 | C498: =MOD(Settings!$B$17*C497,Settings!$B$18) -> 201709529 | D498: =MAX(C498,1)/Settings!$B$18 -> 0.093928319 | E498: =-Settings!$B$11*LN(D498) -> 141.9134 | F498: =F497+E498 -> 629.86708 | G498: =MOD(Settings!$B$17*G497,Settings!$B$18) -> 1493138361 | H498: =MAX(G498,1)/Settings!$B$18 -> 0.69529673 | I498: =-Settings!$B$21*LN(H498) -> 1.4536663 | J498: =-Settings!$B$24*LN(H498) -> 4.3609989 | K498: =Settings!$B$12 -> 300 | L498: =Settings!$B$12*Settings!$B$25 -> 75
... A605: 5 | B605: 120 | C605: =MOD(Settings!$B$17*C604,Settings!$B$18) -> 560186626 | D605: =MAX(C605,1)/Settings!$B$18 -> 0.26085723 | E605: =-Settings!$B$11*LN(D605) -> 80.626923 | F605: =F604+E605 -> 8021.2381 | G605: =MOD(Settings!$B$17*G604,Settings!$B$18) -> 162353413 | H605: =MAX(G605,1)/Settings!$B$18 -> 0.075601699 | I605: =-Settings!$B$21*LN(H605) -> 10.329106 | J605: =-Settings!$B$24*LN(H605) -> 30.987318 | K605: =Settings!$B$12 -> 300 | L605: =Settings!$B$12*Settings!$B$25 -> 75
A606: 6 | B606: 1 | C606: =MOD(Settings!$B$17*(Settings!$B$15+1000*A606),Settings!$B$18) -> 308324415 | D606: =MAX(C606,1)/Settings!$B$18 -> 0.14357474 | E606: =-Settings!$B$11*LN(D606) -> 116.45397 | F606: =E606 -> 116.45397 | G606: =MOD(Settings!$B$17*(Settings!$B$16+1000*A606),Settings!$B$18) -> 1013815047 | H606: =MAX(G606,1)/Settings!$B$18 -> 0.47209442 | I606: =-Settings!$B$21*LN(H606) -> 3.0023051 | J606: =-Settings!$B$24*LN(H606) -> 9.0069152 | K606: =Settings!$B$12 -> 300 | L606: =Settings!$B$12*Settings!$B$25 -> 75
A607: 6 | B607: 2 | C607: =MOD(Settings!$B$17*C606,Settings!$B$18) -> 130402694 | D607: =MAX(C607,1)/Settings!$B$18 -> 0.060723486 | E607: =-Settings!$B$11*LN(D607) -> 168.08548 | F607: =F606+E607 -> 284.53945 | G607: =MOD(Settings!$B$17*G606,Settings!$B$18) -> 1054239631 | H607: =MAX(G607,1)/Settings!$B$18 -> 0.49091858 | I607: =-Settings!$B$21*LN(H607) -> 2.8459079 | J607: =-Settings!$B$24*LN(H607) -> 8.5377238 | K607: =Settings!$B$12 -> 300 | L607: =Settings!$B$12*Settings!$B$25 -> 75
A608: 6 | B608: 3 | C608: =MOD(Settings!$B$17*C607,Settings!$B$18) -> 1244758118 | D608: =MAX(C608,1)/Settings!$B$18 -> 0.57963567 | E608: =-Settings!$B$11*LN(D608) -> 32.721332 | F608: =F607+E608 -> 317.26079 | G608: =MOD(Settings!$B$17*G607,Settings!$B$18) -> 1865390467 | H608: =MAX(G608,1)/Settings!$B$18 -> 0.86864013 | I608: =-Settings!$B$21*LN(H608) -> 0.56330545 | J608: =-Settings!$B$24*LN(H608) -> 1.6899164 | K608: =Settings!$B$12 -> 300 | L608: =Settings!$B$12*Settings!$B$25 -> 75
A609: 6 | B609: 4 | C609: =MOD(Settings!$B$17*C608,Settings!$B$18) -> 2011483799 | D609: =MAX(C609,1)/Settings!$B$18 -> 0.93667014 | E609: =-Settings!$B$11*LN(D609) -> 3.9254461 | F609: =F608+E609 -> 321.18623 | G609: =MOD(Settings!$B$17*G608,Settings!$B$18) -> 503816316 | H609: =MAX(G609,1)/Settings!$B$18 -> 0.23460775 | I609: =-Settings!$B$21*LN(H609) -> 5.7993612 | J609: =-Settings!$B$24*LN(H609) -> 17.398083 | K609: =Settings!$B$12 -> 300 | L609: =Settings!$B$12*Settings!$B$25 -> 75
A610: 6 | B610: 5 | C610: =MOD(Settings!$B$17*C609,Settings!$B$18) -> 1320638719 | D610: =MAX(C610,1)/Settings!$B$18 -> 0.61497033 | E610: =-Settings!$B$11*LN(D610) -> 29.170876 | F610: =F609+E610 -> 350.35711 | G610: =MOD(Settings!$B$17*G609,Settings!$B$18) -> 112802891 | H610: =MAX(G610,1)/Settings!$B$18 -> 0.052527939 | I610: =-Settings!$B$21*LN(H610) -> 11.78564 | J610: =-Settings!$B$24*LN(H610) -> 35.356921 | K610: =Settings!$B$12 -> 300 | L610: =Settings!$B$12*Settings!$B$25 -> 75
A611: 6 | B611: 6 | C611: =MOD(Settings!$B$17*C610,Settings!$B$18) -> 1731458488 | D611: =MAX(C611,1)/Settings!$B$18 -> 0.80627319 | E611: =-Settings!$B$11*LN(D611) -> 12.919959 | F611: =F610+E611 -> 363.27707 | G611: =MOD(Settings!$B$17*G610,Settings!$B$18) -> 1797612383 | H611: =MAX(G611,1)/Settings!$B$18 -> 0.8370785 | I611: =-Settings!$B$21*LN(H611) -> 0.71134972 | J611: =-Settings!$B$24*LN(H611) -> 2.1340492 | K611: =Settings!$B$12 -> 300 | L611: =Settings!$B$12*Settings!$B$25 -> 75
A612: 6 | B612: 7 | C612: =MOD(Settings!$B$17*C611,Settings!$B$18) -> 71907319 | D612: =MAX(C612,1)/Settings!$B$18 -> 0.033484455 | E612: =-Settings!$B$11*LN(D612) -> 203.80044 | F612: =F611+E612 -> 567.07751 | G612: =MOD(Settings!$B$17*G611,Settings!$B$18) -> 1671375085 | H612: =MAX(G612,1)/Settings!$B$18 -> 0.77829467 | I612: =-Settings!$B$21*LN(H612) -> 1.0026003 | J612: =-Settings!$B$24*LN(H612) -> 3.0078008 | K612: =Settings!$B$12 -> 300 | L612: =Settings!$B$12*Settings!$B$25 -> 75
A613: 6 | B613: 8 | C613: =MOD(Settings!$B$17*C612,Settings!$B$18) -> 1660500819 | D613: =MAX(C613,1)/Settings!$B$18 -> 0.77323095 | E613: =-Settings!$B$11*LN(D613) -> 15.43065 | F613: =F612+E613 -> 582.50816 | G613: =MOD(Settings!$B$17*G612,Settings!$B$18) -> 1714950835 | H613: =MAX(G613,1)/Settings!$B$18 -> 0.79858621 | I613: =-Settings!$B$21*LN(H613) -> 0.89964939 | J613: =-Settings!$B$24*LN(H613) -> 2.6989482 | K613: =Settings!$B$12 -> 300 | L613: =Settings!$B$12*Settings!$B$25 -> 75
A614: 6 | B614: 9 | C614: =MOD(Settings!$B$17*C613,Settings!$B$18) -> 1487272168 | D614: =MAX(C614,1)/Settings!$B$18 -> 0.69256507 | E614: =-Settings!$B$11*LN(D614) -> 22.041185 | F614: =F613+E614 -> 604.54934 | G614: =MOD(Settings!$B$17*G613,Settings!$B$18) -> 1800657458 | H614: =MAX(G614,1)/Settings!$B$18 -> 0.83849647 | I614: =-Settings!$B$21*LN(H614) -> 0.70457963 | J614: =-Settings!$B$24*LN(H614) -> 2.1137389 | K614: =Settings!$B$12 -> 300 | L614: =Settings!$B$12*Settings!$B$25 -> 75
A615: 6 | B615: 10 | C615: =MOD(Settings!$B$17*C614,Settings!$B$18) -> 2021160143 | D615: =MAX(C615,1)/Settings!$B$18 -> 0.94117603 | E615: =-Settings!$B$11*LN(D615) -> 3.6375051 | F615: =F614+E615 -> 608.18685 | G615: =MOD(Settings!$B$17*G614,Settings!$B$18) -> 1310343082 | H615: =MAX(G615,1)/Settings!$B$18 -> 0.61017605 | I615: =-Settings!$B$21*LN(H615) -> 1.976031 | J615: =-Settings!$B$24*LN(H615) -> 5.9280931 | K615: =Settings!$B$12 -> 300 | L615: =Settings!$B$12*Settings!$B$25 -> 75
A616: 6 | B616: 11 | C616: =MOD(Settings!$B$17*C615,Settings!$B$18) -> 742195155 | D616: =MAX(C616,1)/Settings!$B$18 -> 0.34561155 | E616: =-Settings!$B$11*LN(D616) -> 63.746389 | F616: =F615+E616 -> 671.93324 | G616: =MOD(Settings!$B$17*G615,Settings!$B$18) -> 491379189 | H616: =MAX(G616,1)/Settings!$B$18 -> 0.22881627 | I616: =-Settings!$B$21*LN(H616) -> 5.8993437 | J616: =-Settings!$B$24*LN(H616) -> 17.698031 | K616: =Settings!$B$12 -> 300 | L616: =Settings!$B$12*Settings!$B$25 -> 75
A617: 6 | B617: 12 | C617: =MOD(Settings!$B$17*C616,Settings!$B$18) -> 1488948309 | D617: =MAX(C617,1)/Settings!$B$18 -> 0.69334559 | E617: =-Settings!$B$11*LN(D617) -> 21.973603 | F617: =F616+E617 -> 693.90684 | G617: =MOD(Settings!$B$17*G616,Settings!$B$18) -> 1535406808 | H617: =MAX(G617,1)/Settings!$B$18 -> 0.71497951 | I617: =-Settings!$B$21*LN(H617) -> 1.3420056 | J617: =-Settings!$B$24*LN(H617) -> 4.0260167 | K617: =Settings!$B$12 -> 300 | L617: =Settings!$B$12*Settings!$B$25 -> 75
A618: 6 | B618: 13 | C618: =MOD(Settings!$B$17*C617,Settings!$B$18) -> 127290872 | D618: =MAX(C618,1)/Settings!$B$18 -> 0.059274431 | E618: =-Settings!$B$11*LN(D618) -> 169.53463 | F618: =F617+E618 -> 863.44147 | G618: =MOD(Settings!$B$17*G617,Settings!$B$18) -> 1418719704 | H618: =MAX(G618,1)/Settings!$B$18 -> 0.66064284 | I618: =-Settings!$B$21*LN(H618) -> 1.6581676 | J618: =-Settings!$B$24*LN(H618) -> 4.9745029 | K618: =Settings!$B$12 -> 300 | L618: =Settings!$B$12*Settings!$B$25 -> 75
... A725: 6 | B725: 120 | C725: =MOD(Settings!$B$17*C724,Settings!$B$18) -> 1477724516 | D725: =MAX(C725,1)/Settings!$B$18 -> 0.6881191 | E725: =-Settings!$B$11*LN(D725) -> 22.427601 | F725: =F724+E725 -> 6835.3485 | G725: =MOD(Settings!$B$17*G724,Settings!$B$18) -> 1079891303 | H725: =MAX(G725,1)/Settings!$B$18 -> 0.50286357 | I725: =-Settings!$B$21*LN(H725) -> 2.7497455 | J725: =-Settings!$B$24*LN(H725) -> 8.2492364 | K725: =Settings!$B$12 -> 300 | L725: =Settings!$B$12*Settings!$B$25 -> 75
A726: 7 | B726: 1 | C726: =MOD(Settings!$B$17*(Settings!$B$15+1000*A726),Settings!$B$18) -> 325131415 | D726: =MAX(C726,1)/Settings!$B$18 -> 0.15140111 | E726: =-Settings!$B$11*LN(D726) -> 113.26936 | F726: =E726 -> 113.26936 | G726: =MOD(Settings!$B$17*(Settings!$B$16+1000*A726),Settings!$B$18) -> 1030622047 | H726: =MAX(G726,1)/Settings!$B$18 -> 0.47992079 | I726: =-Settings!$B$21*LN(H726) -> 2.9365368 | J726: =-Settings!$B$24*LN(H726) -> 8.8096105 | K726: =Settings!$B$12 -> 300 | L726: =Settings!$B$12*Settings!$B$25 -> 75
A727: 7 | B727: 2 | C727: =MOD(Settings!$B$17*C726,Settings!$B$18) -> 1285293937 | D727: =MAX(C727,1)/Settings!$B$18 -> 0.59851163 | E727: =-Settings!$B$11*LN(D727) -> 30.798559 | F727: =F726+E727 -> 144.06791 | G727: =MOD(Settings!$B$17*G726,Settings!$B$18) -> 61647227 | H727: =MAX(G727,1)/Settings!$B$18 -> 0.028706727 | I727: =-Settings!$B$21*LN(H727) -> 14.202495 | J727: =-Settings!$B$24*LN(H727) -> 42.607485 | K727: =Settings!$B$12 -> 300 | L727: =Settings!$B$12*Settings!$B$25 -> 75
A728: 7 | B728: 3 | C728: =MOD(Settings!$B$17*C727,Settings!$B$18) -> 397193986 | D728: =MAX(C728,1)/Settings!$B$18 -> 0.18495786 | E728: =-Settings!$B$11*LN(D728) -> 101.25763 | F728: =F727+E728 -> 245.32555 | G728: =MOD(Settings!$B$17*G727,Settings!$B$18) -> 1017826335 | H728: =MAX(G728,1)/Settings!$B$18 -> 0.47396232 | I728: =-Settings!$B$21*LN(H728) -> 2.9865098 | J728: =-Settings!$B$24*LN(H728) -> 8.9595294 | K728: =Settings!$B$12 -> 300 | L728: =Settings!$B$12*Settings!$B$25 -> 75
A729: 7 | B729: 4 | C729: =MOD(Settings!$B$17*C728,Settings!$B$18) -> 1260147826 | D729: =MAX(C729,1)/Settings!$B$18 -> 0.58680206 | E729: =-Settings!$B$11*LN(D729) -> 31.984063 | F729: =F728+E729 -> 277.30961 | G729: =MOD(Settings!$B$17*G728,Settings!$B$18) -> 1899963990 | H729: =MAX(G729,1)/Settings!$B$18 -> 0.88473968 | I729: =-Settings!$B$21*LN(H729) -> 0.48984731 | J729: =-Settings!$B$24*LN(H729) -> 1.4695419 | K729: =Settings!$B$12 -> 300 | L729: =Settings!$B$12*Settings!$B$25 -> 75
A730: 7 | B730: 5 | C730: =MOD(Settings!$B$17*C729,Settings!$B$18) -> 820784868 | D730: =MAX(C730,1)/Settings!$B$18 -> 0.38220774 | E730: =-Settings!$B$11*LN(D730) -> 57.70746 | F730: =F729+E730 -> 335.01707 | G730: =MOD(Settings!$B$17*G729,Settings!$B$18) -> 1760432687 | H730: =MAX(G730,1)/Settings!$B$18 -> 0.81976535 | I730: =-Settings!$B$21*LN(H730) -> 0.79494854 | J730: =-Settings!$B$24*LN(H730) -> 2.3848456 | K730: =Settings!$B$12 -> 300 | L730: =Settings!$B$12*Settings!$B$25 -> 75
A731: 7 | B731: 6 | C731: =MOD(Settings!$B$17*C730,Settings!$B$18) -> 1643811795 | D731: =MAX(C731,1)/Settings!$B$18 -> 0.76545952 | E731: =-Settings!$B$11*LN(D731) -> 16.036737 | F731: =F730+E731 -> 351.05381 | G731: =MOD(Settings!$B$17*G730,Settings!$B$18) -> 1709965690 | H731: =MAX(G731,1)/Settings!$B$18 -> 0.79626482 | I731: =-Settings!$B$21*LN(H731) -> 0.91129382 | J731: =-Settings!$B$24*LN(H731) -> 2.7338814 | K731: =Settings!$B$12 -> 300 | L731: =Settings!$B$12*Settings!$B$25 -> 75
A732: 7 | B732: 7 | C732: =MOD(Settings!$B$17*C731,Settings!$B$18) -> 167719910 | D732: =MAX(C732,1)/Settings!$B$18 -> 0.078100669 | E732: =-Settings!$B$11*LN(D732) -> 152.9854 | F732: =F731+E732 -> 504.03921 | G732: =MOD(Settings!$B$17*G731,Settings!$B$18) -> 1767187676 | H732: =MAX(G732,1)/Settings!$B$18 -> 0.82291089 | I732: =-Settings!$B$21*LN(H732) -> 0.77962944 | J732: =-Settings!$B$24*LN(H732) -> 2.3388883 | K732: =Settings!$B$12 -> 300 | L732: =Settings!$B$12*Settings!$B$25 -> 75
A733: 7 | B733: 8 | C733: =MOD(Settings!$B$17*C732,Settings!$B$18) -> 1369982506 | D733: =MAX(C733,1)/Settings!$B$18 -> 0.63794782 | E733: =-Settings!$B$11*LN(D733) -> 26.969927 | F733: =F732+E733 -> 531.00914 | G733: =MOD(Settings!$B$17*G732,Settings!$B$18) -> 1424432522 | H733: =MAX(G733,1)/Settings!$B$18 -> 0.66330308 | I733: =-Settings!$B$21*LN(H733) -> 1.642093 | J733: =-Settings!$B$24*LN(H733) -> 4.9262791 | K733: =Settings!$B$12 -> 300 | L733: =Settings!$B$12*Settings!$B$25 -> 75
A734: 7 | B734: 9 | C734: =MOD(Settings!$B$17*C733,Settings!$B$18) -> 2123798855 | D734: =MAX(C734,1)/Settings!$B$18 -> 0.98897091 | E734: =-Settings!$B$11*LN(D734) -> 0.66542173 | F734: =F733+E734 -> 531.67456 | G734: =MOD(Settings!$B$17*G733,Settings!$B$18) -> 289700498 | H734: =MAX(G734,1)/Settings!$B$18 -> 0.13490231 | I734: =-Settings!$B$21*LN(H734) -> 8.0128177 | J734: =-Settings!$B$24*LN(H734) -> 24.038453 | K734: =Settings!$B$12 -> 300 | L734: =Settings!$B$12*Settings!$B$25 -> 75
A735: 7 | B735: 10 | C735: =MOD(Settings!$B$17*C734,Settings!$B$18) -> 1361659198 | D735: =MAX(C735,1)/Settings!$B$18 -> 0.63407198 | E735: =-Settings!$B$11*LN(D735) -> 27.335568 | F735: =F734+E735 -> 559.01013 | G735: =MOD(Settings!$B$17*G734,Settings!$B$18) -> 650842137 | H735: =MAX(G735,1)/Settings!$B$18 -> 0.30307199 | I735: =-Settings!$B$21*LN(H735) -> 4.7751397 | J735: =-Settings!$B$24*LN(H735) -> 14.325419 | K735: =Settings!$B$12 -> 300 | L735: =Settings!$B$12*Settings!$B$25 -> 75
A736: 7 | B736: 11 | C736: =MOD(Settings!$B$17*C735,Settings!$B$18) -> 1820398354 | D736: =MAX(C736,1)/Settings!$B$18 -> 0.84768904 | E736: =-Settings!$B$11*LN(D736) -> 9.9144844 | F736: =F735+E736 -> 568.92461 | G736: =MOD(Settings!$B$17*G735,Settings!$B$18) -> 1569582388 | H736: =MAX(G736,1)/Settings!$B$18 -> 0.73089376 | I736: =-Settings!$B$21*LN(H736) -> 1.2539487 | J736: =-Settings!$B$24*LN(H736) -> 3.7618461 | K736: =Settings!$B$12 -> 300 | L736: =Settings!$B$12*Settings!$B$25 -> 75
A737: 7 | B737: 12 | C737: =MOD(Settings!$B$17*C736,Settings!$B$18) -> 235616869 | D737: =MAX(C737,1)/Settings!$B$18 -> 0.10971765 | E737: =-Settings!$B$11*LN(D737) -> 132.5907 | F737: =F736+E737 -> 701.51531 | G737: =MOD(Settings!$B$17*G736,Settings!$B$18) -> 282075368 | H737: =MAX(G737,1)/Settings!$B$18 -> 0.13135158 | I737: =-Settings!$B$21*LN(H737) -> 8.119511 | J737: =-Settings!$B$24*LN(H737) -> 24.358533 | K737: =Settings!$B$12 -> 300 | L737: =Settings!$B$12*Settings!$B$25 -> 75
A738: 7 | B738: 13 | C738: =MOD(Settings!$B$17*C737,Settings!$B$18) -> 52872215 | D738: =MAX(C738,1)/Settings!$B$18 -> 0.024620544 | E738: =-Settings!$B$11*LN(D738) -> 222.25044 | F738: =F737+E738 -> 923.76575 | G738: =MOD(Settings!$B$17*G737,Settings!$B$18) -> 1344301047 | H738: =MAX(G738,1)/Settings!$B$18 -> 0.62598896 | I738: =-Settings!$B$21*LN(H738) -> 1.8736902 | J738: =-Settings!$B$24*LN(H738) -> 5.6210706 | K738: =Settings!$B$12 -> 300 | L738: =Settings!$B$12*Settings!$B$25 -> 75
... A845: 7 | B845: 120 | C845: =MOD(Settings!$B$17*C844,Settings!$B$18) -> 247778759 | D845: =MAX(C845,1)/Settings!$B$18 -> 0.11538098 | E845: =-Settings!$B$11*LN(D845) -> 129.57095 | F845: =F844+E845 -> 7259.7952 | G845: =MOD(Settings!$B$17*G844,Settings!$B$18) -> 1997429193 | H845: =MAX(G845,1)/Settings!$B$18 -> 0.93012545 | I845: =-Settings!$B$21*LN(H845) -> 0.28974324 | J845: =-Settings!$B$24*LN(H845) -> 0.86922972 | K845: =Settings!$B$12 -> 300 | L845: =Settings!$B$12*Settings!$B$25 -> 75
...

Sheet RGS_Ground_Run
A1: Ground_Run - arrive > wait for link > downlink full volume > ground processing > delivered
A5: Rep | B5: Entity | C5: Arrival (s) | D5: Volume (MB) | E5: Transmit time (s) | F5: Link ready (s) | G5: Link free at (s) | H5: Earliest link start (s) | I5: Cycle phase (s) | J5: Link start (s) | K5: Link done (s) | L5: Processor ready (s) | M5: Processor free at (s) | N5: Processor start (s) | O5: Processing time (s) | P5: Delivered (s) | Q5: End-to-end latency (s) | R5: Wait in link queue (s) | S5: Wait for link recovery (s) | T5: Wait for processor (s) | U5: Total queueing delay (s) | V5: Link state at arrival | W5: Delivered flag | X5: Within deadline
A6: 1 | B6: 1 | C6: =Arrivals!F6 -> 135.54689 | D6: =Arrivals!K6 -> 300 | E6: =D6*8/Settings!$B$28+Settings!$B$29 -> 24.02 | F6: =C6 -> 135.54689 | G6: 0 | H6: =MAX(F6,G6) -> 135.54689 | I6: =MOD(H6-Settings!$B$32,Settings!$B$33) -> 135.54689 | J6: =IF(I6<Settings!$B$30,IF(Settings!$B$30-I6>=E6,H6,H6+(Settings!$B$30-I6)+Settings!$B$31),H6+(Settings!$B$33-I6)) -> 135.54689 | K6: =J6+E6 -> 159.56689 | L6: =K6 -> 159.56689 | M6: 0 | N6: =MAX(L6,M6) -> 159.56689 | O6: =Arrivals!I6 -> 3.348416 | P6: =N6+O6 -> 162.9153 | Q6: =P6-C6 -> 27.368416 | R6: =H6-F6 -> 0 | S6: =J6-H6 -> 0 | T6: =N6-L6 -> 0 | U6: =R6+S6+T6 -> 0 | V6: =IF(MOD(C6-Settings!$B$32,Settings!$B$33)<Settings!$B$30,"Up","Down") -> Up | W6: =IF(OR(E6>Settings!$B$30,Q6>Settings!$B$37),0,1) -> 1 | X6: =IF(AND(W6=1,Q6<=Settings!$B$36),1,0) -> 1
A7: 1 | B7: 2 | C7: =Arrivals!F7 -> 194.91362 | D7: =Arrivals!K7 -> 300 | E7: =D7*8/Settings!$B$28+Settings!$B$29 -> 24.02 | F7: =C7 -> 194.91362 | G7: =K6 -> 159.56689 | H7: =MAX(F7,G7) -> 194.91362 | I7: =MOD(H7-Settings!$B$32,Settings!$B$33) -> 194.91362 | J7: =IF(I7<Settings!$B$30,IF(Settings!$B$30-I7>=E7,H7,H7+(Settings!$B$30-I7)+Settings!$B$31),H7+(Settings!$B$33-I7)) -> 194.91362 | K7: =J7+E7 -> 218.93362 | L7: =K7 -> 218.93362 | M7: =P6 -> 162.9153 | N7: =MAX(L7,M7) -> 218.93362 | O7: =Arrivals!I7 -> 0.88269707 | P7: =N7+O7 -> 219.81632 | Q7: =P7-C7 -> 24.902697 | R7: =H7-F7 -> 0 | S7: =J7-H7 -> 0 | T7: =N7-L7 -> 0 | U7: =R7+S7+T7 -> 0 | V7: =IF(MOD(C7-Settings!$B$32,Settings!$B$33)<Settings!$B$30,"Up","Down") -> Up | W7: =IF(OR(E7>Settings!$B$30,Q7>Settings!$B$37),0,1) -> 1 | X7: =IF(AND(W7=1,Q7<=Settings!$B$36),1,0) -> 1
A8: 1 | B8: 3 | C8: =Arrivals!F8 -> 230.45478 | D8: =Arrivals!K8 -> 300 | E8: =D8*8/Settings!$B$28+Settings!$B$29 -> 24.02 | F8: =C8 -> 230.45478 | G8: =K7 -> 218.93362 | H8: =MAX(F8,G8) -> 230.45478 | I8: =MOD(H8-Settings!$B$32,Settings!$B$33) -> 230.45478 | J8: =IF(I8<Settings!$B$30,IF(Settings!$B$30-I8>=E8,H8,H8+(Settings!$B$30-I8)+Settings!$B$31),H8+(Settings!$B$33-I8)) -> 230.45478 | K8: =J8+E8 -> 254.47478 | L8: =K8 -> 254.47478 | M8: =P7 -> 219.81632 | N8: =MAX(L8,M8) -> 254.47478 | O8: =Arrivals!I8 -> 0.68776257 | P8: =N8+O8 -> 255.16254 | Q8: =P8-C8 -> 24.707763 | R8: =H8-F8 -> 0 | S8: =J8-H8 -> 0 | T8: =N8-L8 -> 0 | U8: =R8+S8+T8 -> 0 | V8: =IF(MOD(C8-Settings!$B$32,Settings!$B$33)<Settings!$B$30,"Up","Down") -> Up | W8: =IF(OR(E8>Settings!$B$30,Q8>Settings!$B$37),0,1) -> 1 | X8: =IF(AND(W8=1,Q8<=Settings!$B$36),1,0) -> 1
A9: 1 | B9: 4 | C9: =Arrivals!F9 -> 253.06652 | D9: =Arrivals!K9 -> 300 | E9: =D9*8/Settings!$B$28+Settings!$B$29 -> 24.02 | F9: =C9 -> 253.06652 | G9: =K8 -> 254.47478 | H9: =MAX(F9,G9) -> 254.47478 | I9: =MOD(H9-Settings!$B$32,Settings!$B$33) -> 254.47478 | J9: =IF(I9<Settings!$B$30,IF(Settings!$B$30-I9>=E9,H9,H9+(Settings!$B$30-I9)+Settings!$B$31),H9+(Settings!$B$33-I9)) -> 254.47478 | K9: =J9+E9 -> 278.49478 | L9: =K9 -> 278.49478 | M9: =P8 -> 255.16254 | N9: =MAX(L9,M9) -> 278.49478 | O9: =Arrivals!I9 -> 0.064728358 | P9: =N9+O9 -> 278.55951 | Q9: =P9-C9 -> 25.492989 | R9: =H9-F9 -> 1.4082609 | S9: =J9-H9 -> 0 | T9: =N9-L9 -> 0 | U9: =R9+S9+T9 -> 1.4082609 | V9: =IF(MOD(C9-Settings!$B$32,Settings!$B$33)<Settings!$B$30,"Up","Down") -> Up | W9: =IF(OR(E9>Settings!$B$30,Q9>Settings!$B$37),0,1) -> 1 | X9: =IF(AND(W9=1,Q9<=Settings!$B$36),1,0) -> 1
A10: 1 | B10: 5 | C10: =Arrivals!F10 -> 268.06787 | D10: =Arrivals!K10 -> 300 | E10: =D10*8/Settings!$B$28+Settings!$B$29 -> 24.02 | F10: =C10 -> 268.06787 | G10: =K9 -> 278.49478 | H10: =MAX(F10,G10) -> 278.49478 | I10: =MOD(H10-Settings!$B$32,Settings!$B$33) -> 278.49478 | J10: =IF(I10<Settings!$B$30,IF(Settings!$B$30-I10>=E10,H10,H10+(Settings!$B$30-I10)+Settings!$B$31),H10+(Settings!$B$33-I10)) -> 278.49478 | K10: =J10+E10 -> 302.51478 | L10: =K10 -> 302.51478 | M10: =P9 -> 278.55951 | N10: =MAX(L10,M10) -> 302.51478 | O10: =Arrivals!I10 -> 6.1235999 | P10: =N10+O10 -> 308.63838 | Q10: =P10-C10 -> 40.570511 | R10: =H10-F10 -> 10.426911 | S10: =J10-H10 -> 0 | T10: =N10-L10 -> 0 | U10: =R10+S10+T10 -> 10.426911 | V10: =IF(MOD(C10-Settings!$B$32,Settings!$B$33)<Settings!$B$30,"Up","Down") -> Up | W10: =IF(OR(E10>Settings!$B$30,Q10>Settings!$B$37),0,1) -> 1 | X10: =IF(AND(W10=1,Q10<=Settings!$B$36),1,0) -> 1
A11: 1 | B11: 6 | C11: =Arrivals!F11 -> 542.36301 | D11: =Arrivals!K11 -> 300 | E11: =D11*8/Settings!$B$28+Settings!$B$29 -> 24.02 | F11: =C11 -> 542.36301 | G11: =K10 -> 302.51478 | H11: =MAX(F11,G11) -> 542.36301 | I11: =MOD(H11-Settings!$B$32,Settings!$B$33) -> 542.36301 | J11: =IF(I11<Settings!$B$30,IF(Settings!$B$30-I11>=E11,H11,H11+(Settings!$B$30-I11)+Settings!$B$31),H11+(Settings!$B$33-I11)) -> 542.36301 | K11: =J11+E11 -> 566.38301 | L11: =K11 -> 566.38301 | M11: =P10 -> 308.63838 | N11: =MAX(L11,M11) -> 566.38301 | O11: =Arrivals!I11 -> 12.762431 | P11: =N11+O11 -> 579.14544 | Q11: =P11-C11 -> 36.782431 | R11: =H11-F11 -> 0 | S11: =J11-H11 -> 0 | T11: =N11-L11 -> 0 | U11: =R11+S11+T11 -> 0 | V11: =IF(MOD(C11-Settings!$B$32,Settings!$B$33)<Settings!$B$30,"Up","Down") -> Up | W11: =IF(OR(E11>Settings!$B$30,Q11>Settings!$B$37),0,1) -> 1 | X11: =IF(AND(W11=1,Q11<=Settings!$B$36),1,0) -> 1
A12: 1 | B12: 7 | C12: =Arrivals!F12 -> 554.9764 | D12: =Arrivals!K12 -> 300 | E12: =D12*8/Settings!$B$28+Settings!$B$29 -> 24.02 | F12: =C12 -> 554.9764 | G12: =K11 -> 566.38301 | H12: =MAX(F12,G12) -> 566.38301 | I12: =MOD(H12-Settings!$B$32,Settings!$B$33) -> 566.38301 | J12: =IF(I12<Settings!$B$30,IF(Settings!$B$30-I12>=E12,H12,H12+(Settings!$B$30-I12)+Settings!$B$31),H12+(Settings!$B$33-I12)) -> 566.38301 | K12: =J12+E12 -> 590.40301 | L12: =K12 -> 590.40301 | M12: =P11 -> 579.14544 | N12: =MAX(L12,M12) -> 590.40301 | O12: =Arrivals!I12 -> 2.3536095 | P12: =N12+O12 -> 592.75662 | Q12: =P12-C12 -> 37.78022 | R12: =H12-F12 -> 11.406611 | S12: =J12-H12 -> 0 | T12: =N12-L12 -> 0 | U12: =R12+S12+T12 -> 11.406611 | V12: =IF(MOD(C12-Settings!$B$32,Settings!$B$33)<Settings!$B$30,"Up","Down") -> Up | W12: =IF(OR(E12>Settings!$B$30,Q12>Settings!$B$37),0,1) -> 1 | X12: =IF(AND(W12=1,Q12<=Settings!$B$36),1,0) -> 1
A13: 1 | B13: 8 | C13: =Arrivals!F13 -> 602.934 | D13: =Arrivals!K13 -> 300 | E13: =D13*8/Settings!$B$28+Settings!$B$29 -> 24.02 | F13: =C13 -> 602.934 | G13: =K12 -> 590.40301 | H13: =MAX(F13,G13) -> 602.934 | I13: =MOD(H13-Settings!$B$32,Settings!$B$33) -> 602.934 | J13: =IF(I13<Settings!$B$30,IF(Settings!$B$30-I13>=E13,H13,H13+(Settings!$B$30-I13)+Settings!$B$31),H13+(Settings!$B$33-I13)) -> 720 | K13: =J13+E13 -> 744.02 | L13: =K13 -> 744.02 | M13: =P12 -> 592.75662 | N13: =MAX(L13,M13) -> 744.02 | O13: =Arrivals!I13 -> 2.9777461 | P13: =N13+O13 -> 746.99775 | Q13: =P13-C13 -> 144.06375 | R13: =H13-F13 -> 0 | S13: =J13-H13 -> 117.066 | T13: =N13-L13 -> 0 | U13: =R13+S13+T13 -> 117.066 | V13: =IF(MOD(C13-Settings!$B$32,Settings!$B$33)<Settings!$B$30,"Up","Down") -> Down | W13: =IF(OR(E13>Settings!$B$30,Q13>Settings!$B$37),0,1) -> 1 | X13: =IF(AND(W13=1,Q13<=Settings!$B$36),1,0) -> 0
A14: 1 | B14: 9 | C14: =Arrivals!F14 -> 696.41994 | D14: =Arrivals!K14 -> 300 | E14: =D14*8/Settings!$B$28+Settings!$B$29 -> 24.02 | F14: =C14 -> 696.41994 | G14: =K13 -> 744.02 | H14: =MAX(F14,G14) -> 744.02 | I14: =MOD(H14-Settings!$B$32,Settings!$B$33) -> 24.02 | J14: =IF(I14<Settings!$B$30,IF(Settings!$B$30-I14>=E14,H14,H14+(Settings!$B$30-I14)+Settings!$B$31),H14+(Settings!$B$33-I14)) -> 744.02 | K14: =J14+E14 -> 768.04 | L14: =K14 -> 768.04 | M14: =P13 -> 746.99775 | N14: =MAX(L14,M14) -> 768.04 | O14: =Arrivals!I14 -> 4.1260512 | P14: =N14+O14 -> 772.16605 | Q14: =P14-C14 -> 75.746107 | R14: =H14-F14 -> 47.600056 | S14: =J14-H14 -> 0 | T14: =N14-L14 -> 0 | U14: =R14+S14+T14 -> 47.600056 | V14: =IF(MOD(C14-Settings!$B$32,Settings!$B$33)<Settings!$B$30,"Up","Down") -> Down | W14: =IF(OR(E14>Settings!$B$30,Q14>Settings!$B$37),0,1) -> 1 | X14: =IF(AND(W14=1,Q14<=Settings!$B$36),1,0) -> 1
A15: 1 | B15: 10 | C15: =Arrivals!F15 -> 740.87248 | D15: =Arrivals!K15 -> 300 | E15: =D15*8/Settings!$B$28+Settings!$B$29 -> 24.02 | F15: =C15 -> 740.87248 | G15: =K14 -> 768.04 | H15: =MAX(F15,G15) -> 768.04 | I15: =MOD(H15-Settings!$B$32,Settings!$B$33) -> 48.04 | J15: =IF(I15<Settings!$B$30,IF(Settings!$B$30-I15>=E15,H15,H15+(Settings!$B$30-I15)+Settings!$B$31),H15+(Settings!$B$33-I15)) -> 768.04 | K15: =J15+E15 -> 792.06 | L15: =K15 -> 792.06 | M15: =P14 -> 772.16605 | N15: =MAX(L15,M15) -> 792.06 | O15: =Arrivals!I15 -> 7.7049227 | P15: =N15+O15 -> 799.76492 | Q15: =P15-C15 -> 58.892442 | R15: =H15-F15 -> 27.167519 | S15: =J15-H15 -> 0 | T15: =N15-L15 -> 0 | U15: =R15+S15+T15 -> 27.167519 | V15: =IF(MOD(C15-Settings!$B$32,Settings!$B$33)<Settings!$B$30,"Up","Down") -> Up | W15: =IF(OR(E15>Settings!$B$30,Q15>Settings!$B$37),0,1) -> 1 | X15: =IF(AND(W15=1,Q15<=Settings!$B$36),1,0) -> 1
A16: 1 | B16: 11 | C16: =Arrivals!F16 -> 751.67579 | D16: =Arrivals!K16 -> 300 | E16: =D16*8/Settings!$B$28+Settings!$B$29 -> 24.02 | F16: =C16 -> 751.67579 | G16: =K15 -> 792.06 | H16: =MAX(F16,G16) -> 792.06 | I16: =MOD(H16-Settings!$B$32,Settings!$B$33) -> 72.06 | J16: =IF(I16<Settings!$B$30,IF(Settings!$B$30-I16>=E16,H16,H16+(Settings!$B$30-I16)+Settings!$B$31),H16+(Settings!$B$33-I16)) -> 792.06 | K16: =J16+E16 -> 816.08 | L16: =K16 -> 816.08 | M16: =P15 -> 799.76492 | N16: =MAX(L16,M16) -> 816.08 | O16: =Arrivals!I16 -> 1.3227546 | P16: =N16+O16 -> 817.40275 | Q16: =P16-C16 -> 65.726962 | R16: =H16-F16 -> 40.384207 | S16: =J16-H16 -> 0 | T16: =N16-L16 -> 0 | U16: =R16+S16+T16 -> 40.384207 | V16: =IF(MOD(C16-Settings!$B$32,Settings!$B$33)<Settings!$B$30,"Up","Down") -> Up | W16: =IF(OR(E16>Settings!$B$30,Q16>Settings!$B$37),0,1) -> 1 | X16: =IF(AND(W16=1,Q16<=Settings!$B$36),1,0) -> 1
A17: 1 | B17: 12 | C17: =Arrivals!F17 -> 781.18766 | D17: =Arrivals!K17 -> 300 | E17: =D17*8/Settings!$B$28+Settings!$B$29 -> 24.02 | F17: =C17 -> 781.18766 | G17: =K16 -> 816.08 | H17: =MAX(F17,G17) -> 816.08 | I17: =MOD(H17-Settings!$B$32,Settings!$B$33) -> 96.08 | J17: =IF(I17<Settings!$B$30,IF(Settings!$B$30-I17>=E17,H17,H17+(Settings!$B$30-I17)+Settings!$B$31),H17+(Settings!$B$33-I17)) -> 816.08 | K17: =J17+E17 -> 840.1 | L17: =K17 -> 840.1 | M17: =P16 -> 817.40275 | N17: =MAX(L17,M17) -> 840.1 | O17: =Arrivals!I17 -> 1.8283864 | P17: =N17+O17 -> 841.92839 | Q17: =P17-C17 -> 60.740726 | R17: =H17-F17 -> 34.89234 | S17: =J17-H17 -> 0 | T17: =N17-L17 -> 0 | U17: =R17+S17+T17 -> 34.89234 | V17: =IF(MOD(C17-Settings!$B$32,Settings!$B$33)<Settings!$B$30,"Up","Down") -> Up | W17: =IF(OR(E17>Settings!$B$30,Q17>Settings!$B$37),0,1) -> 1 | X17: =IF(AND(W17=1,Q17<=Settings!$B$36),1,0) -> 1
A18: 1 | B18: 13 | C18: =Arrivals!F18 -> 868.70824 | D18: =Arrivals!K18 -> 300 | E18: =D18*8/Settings!$B$28+Settings!$B$29 -> 24.02 | F18: =C18 -> 868.70824 | G18: =K17 -> 840.1 | H18: =MAX(F18,G18) -> 868.70824 | I18: =MOD(H18-Settings!$B$32,Settings!$B$33) -> 148.70824 | J18: =IF(I18<Settings!$B$30,IF(Settings!$B$30-I18>=E18,H18,H18+(Settings!$B$30-I18)+Settings!$B$31),H18+(Settings!$B$33-I18)) -> 868.70824 | K18: =J18+E18 -> 892.72824 | L18: =K18 -> 892.72824 | M18: =P17 -> 841.92839 | N18: =MAX(L18,M18) -> 892.72824 | O18: =Arrivals!I18 -> 0.72650824 | P18: =N18+O18 -> 893.45475 | Q18: =P18-C18 -> 24.746508 | R18: =H18-F18 -> 0 | S18: =J18-H18 -> 0 | T18: =N18-L18 -> 0 | U18: =R18+S18+T18 -> 0 | V18: =IF(MOD(C18-Settings!$B$32,Settings!$B$33)<Settings!$B$30,"Up","Down") -> Up | W18: =IF(OR(E18>Settings!$B$30,Q18>Settings!$B$37),0,1) -> 1 | X18: =IF(AND(W18=1,Q18<=Settings!$B$36),1,0) -> 1
... A125: 1 | B125: 120 | C125: =Arrivals!F125 -> 7339.641 | D125: =Arrivals!K125 -> 300 | E125: =D125*8/Settings!$B$28+Settings!$B$29 -> 24.02 | F125: =C125 -> 7339.641 | G125: =K124 -> 7338.9572 | H125: =MAX(F125,G125) -> 7339.641 | I125: =MOD(H125-Settings!$B$32,Settings!$B$33) -> 139.64099 | J125: =IF(I125<Settings!$B$30,IF(Settings!$B$30-I125>=E125,H125,H125+(Settings!$B$30-I125)+Settings!$B$31),H125+(Settings!$B$33-I125)) -> 7339.641 | K125: =J125+E125 -> 7363.661 | L125: =K125 -> 7363.661 | M125: =P124 -> 7341.9763 | N125: =MAX(L125,M125) -> 7363.661 | O125: =Arrivals!I125 -> 4.0144355 | P125: =N125+O125 -> 7367.6754 | Q125: =P125-C125 -> 28.034436 | R125: =H125-F125 -> 0 | S125: =J125-H125 -> 0 | T125: =N125-L125 -> 0 | U125: =R125+S125+T125 -> 0 | V125: =IF(MOD(C125-Settings!$B$32,Settings!$B$33)<Settings!$B$30,"Up","Down") -> Up | W125: =IF(OR(E125>Settings!$B$30,Q125>Settings!$B$37),0,1) -> 1 | X125: =IF(AND(W125=1,Q125<=Settings!$B$36),1,0) -> 1
A126: 2 | B126: 1 | C126: =Arrivals!F126 -> 131.21131 | D126: =Arrivals!K126 -> 300 | E126: =D126*8/Settings!$B$28+Settings!$B$29 -> 24.02 | F126: =C126 -> 131.21131 | G126: 0 | H126: =MAX(F126,G126) -> 131.21131 | I126: =MOD(H126-Settings!$B$32,Settings!$B$33) -> 131.21131 | J126: =IF(I126<Settings!$B$30,IF(Settings!$B$30-I126>=E126,H126,H126+(Settings!$B$30-I126)+Settings!$B$31),H126+(Settings!$B$33-I126)) -> 131.21131 | K126: =J126+E126 -> 155.23131 | L126: =K126 -> 155.23131 | M126: 0 | N126: =MAX(L126,M126) -> 155.23131 | O126: =Arrivals!I126 -> 3.2767564 | P126: =N126+O126 -> 158.50806 | Q126: =P126-C126 -> 27.296756 | R126: =H126-F126 -> 0 | S126: =J126-H126 -> 0 | T126: =N126-L126 -> 0 | U126: =R126+S126+T126 -> 0 | V126: =IF(MOD(C126-Settings!$B$32,Settings!$B$33)<Settings!$B$30,"Up","Down") -> Up | W126: =IF(OR(E126>Settings!$B$30,Q126>Settings!$B$37),0,1) -> 1 | X126: =IF(AND(W126=1,Q126<=Settings!$B$36),1,0) -> 1
A127: 2 | B127: 2 | C127: =Arrivals!F127 -> 136.89825 | D127: =Arrivals!K127 -> 300 | E127: =D127*8/Settings!$B$28+Settings!$B$29 -> 24.02 | F127: =C127 -> 136.89825 | G127: =K126 -> 155.23131 | H127: =MAX(F127,G127) -> 155.23131 | I127: =MOD(H127-Settings!$B$32,Settings!$B$33) -> 155.23131 | J127: =IF(I127<Settings!$B$30,IF(Settings!$B$30-I127>=E127,H127,H127+(Settings!$B$30-I127)+Settings!$B$31),H127+(Settings!$B$33-I127)) -> 155.23131 | K127: =J127+E127 -> 179.25131 | L127: =K127 -> 179.25131 | M127: =P126 -> 158.50806 | N127: =MAX(L127,M127) -> 179.25131 | O127: =Arrivals!I127 -> 4.3179924 | P127: =N127+O127 -> 183.5693 | Q127: =P127-C127 -> 46.671054 | R127: =H127-F127 -> 18.333061 | S127: =J127-H127 -> 0 | T127: =N127-L127 -> 0 | U127: =R127+S127+T127 -> 18.333061 | V127: =IF(MOD(C127-Settings!$B$32,Settings!$B$33)<Settings!$B$30,"Up","Down") -> Up | W127: =IF(OR(E127>Settings!$B$30,Q127>Settings!$B$37),0,1) -> 1 | X127: =IF(AND(W127=1,Q127<=Settings!$B$36),1,0) -> 1
A128: 2 | B128: 3 | C128: =Arrivals!F128 -> 247.47628 | D128: =Arrivals!K128 -> 300 | E128: =D128*8/Settings!$B$28+Settings!$B$29 -> 24.02 | F128: =C128 -> 247.47628 | G128: =K127 -> 179.25131 | H128: =MAX(F128,G128) -> 247.47628 | I128: =MOD(H128-Settings!$B$32,Settings!$B$33) -> 247.47628 | J128: =IF(I128<Settings!$B$30,IF(Settings!$B$30-I128>=E128,H128,H128+(Settings!$B$30-I128)+Settings!$B$31),H128+(Settings!$B$33-I128)) -> 247.47628 | K128: =J128+E128 -> 271.49628 | L128: =K128 -> 271.49628 | M128: =P127 -> 183.5693 | N128: =MAX(L128,M128) -> 271.49628 | O128: =Arrivals!I128 -> 3.2176439 | P128: =N128+O128 -> 274.71392 | Q128: =P128-C128 -> 27.237644 | R128: =H128-F128 -> 0 | S128: =J128-H128 -> 0 | T128: =N128-L128 -> 0 | U128: =R128+S128+T128 -> 0 | V128: =IF(MOD(C128-Settings!$B$32,Settings!$B$33)<Settings!$B$30,"Up","Down") -> Up | W128: =IF(OR(E128>Settings!$B$30,Q128>Settings!$B$37),0,1) -> 1 | X128: =IF(AND(W128=1,Q128<=Settings!$B$36),1,0) -> 1
A129: 2 | B129: 4 | C129: =Arrivals!F129 -> 312.88949 | D129: =Arrivals!K129 -> 300 | E129: =D129*8/Settings!$B$28+Settings!$B$29 -> 24.02 | F129: =C129 -> 312.88949 | G129: =K128 -> 271.49628 | H129: =MAX(F129,G129) -> 312.88949 | I129: =MOD(H129-Settings!$B$32,Settings!$B$33) -> 312.88949 | J129: =IF(I129<Settings!$B$30,IF(Settings!$B$30-I129>=E129,H129,H129+(Settings!$B$30-I129)+Settings!$B$31),H129+(Settings!$B$33-I129)) -> 312.88949 | K129: =J129+E129 -> 336.90949 | L129: =K129 -> 336.90949 | M129: =P128 -> 274.71392 | N129: =MAX(L129,M129) -> 336.90949 | O129: =Arrivals!I129 -> 1.8223202 | P129: =N129+O129 -> 338.73181 | Q129: =P129-C129 -> 25.84232 | R129: =H129-F129 -> 0 | S129: =J129-H129 -> 0 | T129: =N129-L129 -> 0 | U129: =R129+S129+T129 -> 0 | V129: =IF(MOD(C129-Settings!$B$32,Settings!$B$33)<Settings!$B$30,"Up","Down") -> Up | W129: =IF(OR(E129>Settings!$B$30,Q129>Settings!$B$37),0,1) -> 1 | X129: =IF(AND(W129=1,Q129<=Settings!$B$36),1,0) -> 1
A130: 2 | B130: 5 | C130: =Arrivals!F130 -> 349.1954 | D130: =Arrivals!K130 -> 300 | E130: =D130*8/Settings!$B$28+Settings!$B$29 -> 24.02 | F130: =C130 -> 349.1954 | G130: =K129 -> 336.90949 | H130: =MAX(F130,G130) -> 349.1954 | I130: =MOD(H130-Settings!$B$32,Settings!$B$33) -> 349.1954 | J130: =IF(I130<Settings!$B$30,IF(Settings!$B$30-I130>=E130,H130,H130+(Settings!$B$30-I130)+Settings!$B$31),H130+(Settings!$B$33-I130)) -> 349.1954 | K130: =J130+E130 -> 373.2154 | L130: =K130 -> 373.2154 | M130: =P129 -> 338.73181 | N130: =MAX(L130,M130) -> 373.2154 | O130: =Arrivals!I130 -> 0.06623216 | P130: =N130+O130 -> 373.28163 | Q130: =P130-C130 -> 24.086232 | R130: =H130-F130 -> 0 | S130: =J130-H130 -> 0 | T130: =N130-L130 -> 0 | U130: =R130+S130+T130 -> 0 | V130: =IF(MOD(C130-Settings!$B$32,Settings!$B$33)<Settings!$B$30,"Up","Down") -> Up | W130: =IF(OR(E130>Settings!$B$30,Q130>Settings!$B$37),0,1) -> 1 | X130: =IF(AND(W130=1,Q130<=Settings!$B$36),1,0) -> 1
A131: 2 | B131: 6 | C131: =Arrivals!F131 -> 351.05216 | D131: =Arrivals!K131 -> 300 | E131: =D131*8/Settings!$B$28+Settings!$B$29 -> 24.02 | F131: =C131 -> 351.05216 | G131: =K130 -> 373.2154 | H131: =MAX(F131,G131) -> 373.2154 | I131: =MOD(H131-Settings!$B$32,Settings!$B$33) -> 373.2154 | J131: =IF(I131<Settings!$B$30,IF(Settings!$B$30-I131>=E131,H131,H131+(Settings!$B$30-I131)+Settings!$B$31),H131+(Settings!$B$33-I131)) -> 373.2154 | K131: =J131+E131 -> 397.2354 | L131: =K131 -> 397.2354 | M131: =P130 -> 373.28163 | N131: =MAX(L131,M131) -> 397.2354 | O131: =Arrivals!I131 -> 32.027258 | P131: =N131+O131 -> 429.26266 | Q131: =P131-C131 -> 78.210495 | R131: =H131-F131 -> 22.163237 | S131: =J131-H131 -> 0 | T131: =N131-L131 -> 0 | U131: =R131+S131+T131 -> 22.163237 | V131: =IF(MOD(C131-Settings!$B$32,Settings!$B$33)<Settings!$B$30,"Up","Down") -> Up | W131: =IF(OR(E131>Settings!$B$30,Q131>Settings!$B$37),0,1) -> 1 | X131: =IF(AND(W131=1,Q131<=Settings!$B$36),1,0) -> 1
A132: 2 | B132: 7 | C132: =Arrivals!F132 -> 360.45001 | D132: =Arrivals!K132 -> 300 | E132: =D132*8/Settings!$B$28+Settings!$B$29 -> 24.02 | F132: =C132 -> 360.45001 | G132: =K131 -> 397.2354 | H132: =MAX(F132,G132) -> 397.2354 | I132: =MOD(H132-Settings!$B$32,Settings!$B$33) -> 397.2354 | J132: =IF(I132<Settings!$B$30,IF(Settings!$B$30-I132>=E132,H132,H132+(Settings!$B$30-I132)+Settings!$B$31),H132+(Settings!$B$33-I132)) -> 397.2354 | K132: =J132+E132 -> 421.2554 | L132: =K132 -> 421.2554 | M132: =P131 -> 429.26266 | N132: =MAX(L132,M132) -> 429.26266 | O132: =Arrivals!I132 -> 2.0444372 | P132: =N132+O132 -> 431.30709 | Q132: =P132-C132 -> 70.857079 | R132: =H132-F132 -> 36.785384 | S132: =J132-H132 -> 0 | T132: =N132-L132 -> 8.0072582 | U132: =R132+S132+T132 -> 44.792642 | V132: =IF(MOD(C132-Settings!$B$32,Settings!$B$33)<Settings!$B$30,"Up","Down") -> Up | W132: =IF(OR(E132>Settings!$B$30,Q132>Settings!$B$37),0,1) -> 1 | X132: =IF(AND(W132=1,Q132<=Settings!$B$36),1,0) -> 1
A133: 2 | B133: 8 | C133: =Arrivals!F133 -> 429.88234 | D133: =Arrivals!K133 -> 300 | E133: =D133*8/Settings!$B$28+Settings!$B$29 -> 24.02 | F133: =C133 -> 429.88234 | G133: =K132 -> 421.2554 | H133: =MAX(F133,G133) -> 429.88234 | I133: =MOD(H133-Settings!$B$32,Settings!$B$33) -> 429.88234 | J133: =IF(I133<Settings!$B$30,IF(Settings!$B$30-I133>=E133,H133,H133+(Settings!$B$30-I133)+Settings!$B$31),H133+(Settings!$B$33-I133)) -> 429.88234 | K133: =J133+E133 -> 453.90234 | L133: =K133 -> 453.90234 | M133: =P132 -> 431.30709 | N133: =MAX(L133,M133) -> 453.90234 | O133: =Arrivals!I133 -> 4.3185489 | P133: =N133+O133 -> 458.22089 | Q133: =P133-C133 -> 28.338549 | R133: =H133-F133 -> 0 | S133: =J133-H133 -> 0 | T133: =N133-L133 -> 0 | U133: =R133+S133+T133 -> 0 | V133: =IF(MOD(C133-Settings!$B$32,Settings!$B$33)<Settings!$B$30,"Up","Down") -> Up | W133: =IF(OR(E133>Settings!$B$30,Q133>Settings!$B$37),0,1) -> 1 | X133: =IF(AND(W133=1,Q133<=Settings!$B$36),1,0) -> 1
A134: 2 | B134: 9 | C134: =Arrivals!F134 -> 470.64389 | D134: =Arrivals!K134 -> 300 | E134: =D134*8/Settings!$B$28+Settings!$B$29 -> 24.02 | F134: =C134 -> 470.64389 | G134: =K133 -> 453.90234 | H134: =MAX(F134,G134) -> 470.64389 | I134: =MOD(H134-Settings!$B$32,Settings!$B$33) -> 470.64389 | J134: =IF(I134<Settings!$B$30,IF(Settings!$B$30-I134>=E134,H134,H134+(Settings!$B$30-I134)+Settings!$B$31),H134+(Settings!$B$33-I134)) -> 470.64389 | K134: =J134+E134 -> 494.66389 | L134: =K134 -> 494.66389 | M134: =P133 -> 458.22089 | N134: =MAX(L134,M134) -> 494.66389 | O134: =Arrivals!I134 -> 1.7054899 | P134: =N134+O134 -> 496.36938 | Q134: =P134-C134 -> 25.72549 | R134: =H134-F134 -> 0 | S134: =J134-H134 -> 0 | T134: =N134-L134 -> 0 | U134: =R134+S134+T134 -> 0 | V134: =IF(MOD(C134-Settings!$B$32,Settings!$B$33)<Settings!$B$30,"Up","Down") -> Up | W134: =IF(OR(E134>Settings!$B$30,Q134>Settings!$B$37),0,1) -> 1 | X134: =IF(AND(W134=1,Q134<=Settings!$B$36),1,0) -> 1
A135: 2 | B135: 10 | C135: =Arrivals!F135 -> 577.10538 | D135: =Arrivals!K135 -> 300 | E135: =D135*8/Settings!$B$28+Settings!$B$29 -> 24.02 | F135: =C135 -> 577.10538 | G135: =K134 -> 494.66389 | H135: =MAX(F135,G135) -> 577.10538 | I135: =MOD(H135-Settings!$B$32,Settings!$B$33) -> 577.10538 | J135: =IF(I135<Settings!$B$30,IF(Settings!$B$30-I135>=E135,H135,H135+(Settings!$B$30-I135)+Settings!$B$31),H135+(Settings!$B$33-I135)) -> 720 | K135: =J135+E135 -> 744.02 | L135: =K135 -> 744.02 | M135: =P134 -> 496.36938 | N135: =MAX(L135,M135) -> 744.02 | O135: =Arrivals!I135 -> 0.70412258 | P135: =N135+O135 -> 744.72412 | Q135: =P135-C135 -> 167.61874 | R135: =H135-F135 -> 0 | S135: =J135-H135 -> 142.89462 | T135: =N135-L135 -> 0 | U135: =R135+S135+T135 -> 142.89462 | V135: =IF(MOD(C135-Settings!$B$32,Settings!$B$33)<Settings!$B$30,"Up","Down") -> Up | W135: =IF(OR(E135>Settings!$B$30,Q135>Settings!$B$37),0,1) -> 1 | X135: =IF(AND(W135=1,Q135<=Settings!$B$36),1,0) -> 0
A136: 2 | B136: 11 | C136: =Arrivals!F136 -> 642.31205 | D136: =Arrivals!K136 -> 300 | E136: =D136*8/Settings!$B$28+Settings!$B$29 -> 24.02 | F136: =C136 -> 642.31205 | G136: =K135 -> 744.02 | H136: =MAX(F136,G136) -> 744.02 | I136: =MOD(H136-Settings!$B$32,Settings!$B$33) -> 24.02 | J136: =IF(I136<Settings!$B$30,IF(Settings!$B$30-I136>=E136,H136,H136+(Settings!$B$30-I136)+Settings!$B$31),H136+(Settings!$B$33-I136)) -> 744.02 | K136: =J136+E136 -> 768.04 | L136: =K136 -> 768.04 | M136: =P135 -> 744.72412 | N136: =MAX(L136,M136) -> 768.04 | O136: =Arrivals!I136 -> 6.0473159 | P136: =N136+O136 -> 774.08732 | Q136: =P136-C136 -> 131.77527 | R136: =H136-F136 -> 101.70795 | S136: =J136-H136 -> 0 | T136: =N136-L136 -> 0 | U136: =R136+S136+T136 -> 101.70795 | V136: =IF(MOD(C136-Settings!$B$32,Settings!$B$33)<Settings!$B$30,"Up","Down") -> Down | W136: =IF(OR(E136>Settings!$B$30,Q136>Settings!$B$37),0,1) -> 1 | X136: =IF(AND(W136=1,Q136<=Settings!$B$36),1,0) -> 0
A137: 2 | B137: 12 | C137: =Arrivals!F137 -> 857.15163 | D137: =Arrivals!K137 -> 300 | E137: =D137*8/Settings!$B$28+Settings!$B$29 -> 24.02 | F137: =C137 -> 857.15163 | G137: =K136 -> 768.04 | H137: =MAX(F137,G137) -> 857.15163 | I137: =MOD(H137-Settings!$B$32,Settings!$B$33) -> 137.15163 | J137: =IF(I137<Settings!$B$30,IF(Settings!$B$30-I137>=E137,H137,H137+(Settings!$B$30-I137)+Settings!$B$31),H137+(Settings!$B$33-I137)) -> 857.15163 | K137: =J137+E137 -> 881.17163 | L137: =K137 -> 881.17163 | M137: =P136 -> 774.08732 | N137: =MAX(L137,M137) -> 881.17163 | O137: =Arrivals!I137 -> 12.023838 | P137: =N137+O137 -> 893.19547 | Q137: =P137-C137 -> 36.043838 | R137: =H137-F137 -> 0 | S137: =J137-H137 -> 0 | T137: =N137-L137 -> 0 | U137: =R137+S137+T137 -> 0 | V137: =IF(MOD(C137-Settings!$B$32,Settings!$B$33)<Settings!$B$30,"Up","Down") -> Up | W137: =IF(OR(E137>Settings!$B$30,Q137>Settings!$B$37),0,1) -> 1 | X137: =IF(AND(W137=1,Q137<=Settings!$B$36),1,0) -> 1
A138: 2 | B138: 13 | C138: =Arrivals!F138 -> 954.35427 | D138: =Arrivals!K138 -> 300 | E138: =D138*8/Settings!$B$28+Settings!$B$29 -> 24.02 | F138: =C138 -> 954.35427 | G138: =K137 -> 881.17163 | H138: =MAX(F138,G138) -> 954.35427 | I138: =MOD(H138-Settings!$B$32,Settings!$B$33) -> 234.35427 | J138: =IF(I138<Settings!$B$30,IF(Settings!$B$30-I138>=E138,H138,H138+(Settings!$B$30-I138)+Settings!$B$31),H138+(Settings!$B$33-I138)) -> 954.35427 | K138: =J138+E138 -> 978.37427 | L138: =K138 -> 978.37427 | M138: =P137 -> 893.19547 | N138: =MAX(L138,M138) -> 978.37427 | O138: =Arrivals!I138 -> 0.89628395 | P138: =N138+O138 -> 979.27056 | Q138: =P138-C138 -> 24.916284 | R138: =H138-F138 -> 0 | S138: =J138-H138 -> 0 | T138: =N138-L138 -> 0 | U138: =R138+S138+T138 -> 0 | V138: =IF(MOD(C138-Settings!$B$32,Settings!$B$33)<Settings!$B$30,"Up","Down") -> Up | W138: =IF(OR(E138>Settings!$B$30,Q138>Settings!$B$37),0,1) -> 1 | X138: =IF(AND(W138=1,Q138<=Settings!$B$36),1,0) -> 1
... A245: 2 | B245: 120 | C245: =Arrivals!F245 -> 7157.0812 | D245: =Arrivals!K245 -> 300 | E245: =D245*8/Settings!$B$28+Settings!$B$29 -> 24.02 | F245: =C245 -> 7157.0812 | G245: =K244 -> 7296.08 | H245: =MAX(F245,G245) -> 7296.08 | I245: =MOD(H245-Settings!$B$32,Settings!$B$33) -> 96.08 | J245: =IF(I245<Settings!$B$30,IF(Settings!$B$30-I245>=E245,H245,H245+(Settings!$B$30-I245)+Settings!$B$31),H245+(Settings!$B$33-I245)) -> 7296.08 | K245: =J245+E245 -> 7320.1 | L245: =K245 -> 7320.1 | M245: =P244 -> 7302.9372 | N245: =MAX(L245,M245) -> 7320.1 | O245: =Arrivals!I245 -> 0.92361396 | P245: =N245+O245 -> 7321.0236 | Q245: =P245-C245 -> 163.94241 | R245: =H245-F245 -> 138.9988 | S245: =J245-H245 -> 0 | T245: =N245-L245 -> 0 | U245: =R245+S245+T245 -> 138.9988 | V245: =IF(MOD(C245-Settings!$B$32,Settings!$B$33)<Settings!$B$30,"Up","Down") -> Down | W245: =IF(OR(E245>Settings!$B$30,Q245>Settings!$B$37),0,1) -> 1 | X245: =IF(AND(W245=1,Q245<=Settings!$B$36),1,0) -> 0
A246: 3 | B246: 1 | C246: =Arrivals!F246 -> 127.16801 | D246: =Arrivals!K246 -> 300 | E246: =D246*8/Settings!$B$28+Settings!$B$29 -> 24.02 | F246: =C246 -> 127.16801 | G246: 0 | H246: =MAX(F246,G246) -> 127.16801 | I246: =MOD(H246-Settings!$B$32,Settings!$B$33) -> 127.16801 | J246: =IF(I246<Settings!$B$30,IF(Settings!$B$30-I246>=E246,H246,H246+(Settings!$B$30-I246)+Settings!$B$31),H246+(Settings!$B$33-I246)) -> 127.16801 | K246: =J246+E246 -> 151.18801 | L246: =K246 -> 151.18801 | M246: 0 | N246: =MAX(L246,M246) -> 151.18801 | O246: =Arrivals!I246 -> 3.2063581 | P246: =N246+O246 -> 154.39437 | Q246: =P246-C246 -> 27.226358 | R246: =H246-F246 -> 0 | S246: =J246-H246 -> 0 | T246: =N246-L246 -> 0 | U246: =R246+S246+T246 -> 0 | V246: =IF(MOD(C246-Settings!$B$32,Settings!$B$33)<Settings!$B$30,"Up","Down") -> Up | W246: =IF(OR(E246>Settings!$B$30,Q246>Settings!$B$37),0,1) -> 1 | X246: =IF(AND(W246=1,Q246<=Settings!$B$36),1,0) -> 1
A247: 3 | B247: 2 | C247: =Arrivals!F247 -> 175.43164 | D247: =Arrivals!K247 -> 300 | E247: =D247*8/Settings!$B$28+Settings!$B$29 -> 24.02 | F247: =C247 -> 175.43164 | G247: =K246 -> 151.18801 | H247: =MAX(F247,G247) -> 175.43164 | I247: =MOD(H247-Settings!$B$32,Settings!$B$33) -> 175.43164 | J247: =IF(I247<Settings!$B$30,IF(Settings!$B$30-I247>=E247,H247,H247+(Settings!$B$30-I247)+Settings!$B$31),H247+(Settings!$B$33-I247)) -> 175.43164 | K247: =J247+E247 -> 199.45164 | L247: =K247 -> 199.45164 | M247: =P246 -> 154.39437 | N247: =MAX(L247,M247) -> 199.45164 | O247: =Arrivals!I247 -> 0.52246644 | P247: =N247+O247 -> 199.9741 | Q247: =P247-C247 -> 24.542466 | R247: =H247-F247 -> 0 | S247: =J247-H247 -> 0 | T247: =N247-L247 -> 0 | U247: =R247+S247+T247 -> 0 | V247: =IF(MOD(C247-Settings!$B$32,Settings!$B$33)<Settings!$B$30,"Up","Down") -> Up | W247: =IF(OR(E247>Settings!$B$30,Q247>Settings!$B$37),0,1) -> 1 | X247: =IF(AND(W247=1,Q247<=Settings!$B$36),1,0) -> 1
A248: 3 | B248: 3 | C248: =Arrivals!F248 -> 191.60888 | D248: =Arrivals!K248 -> 300 | E248: =D248*8/Settings!$B$28+Settings!$B$29 -> 24.02 | F248: =C248 -> 191.60888 | G248: =K247 -> 199.45164 | H248: =MAX(F248,G248) -> 199.45164 | I248: =MOD(H248-Settings!$B$32,Settings!$B$33) -> 199.45164 | J248: =IF(I248<Settings!$B$30,IF(Settings!$B$30-I248>=E248,H248,H248+(Settings!$B$30-I248)+Settings!$B$31),H248+(Settings!$B$33-I248)) -> 199.45164 | K248: =J248+E248 -> 223.47164 | L248: =K248 -> 223.47164 | M248: =P247 -> 199.9741 | N248: =MAX(L248,M248) -> 223.47164 | O248: =Arrivals!I248 -> 11.774568 | P248: =N248+O248 -> 235.24621 | Q248: =P248-C248 -> 43.637325 | R248: =H248-F248 -> 7.8427567 | S248: =J248-H248 -> 0 | T248: =N248-L248 -> 0 | U248: =R248+S248+T248 -> 7.8427567 | V248: =IF(MOD(C248-Settings!$B$32,Settings!$B$33)<Settings!$B$30,"Up","Down") -> Up | W248: =IF(OR(E248>Settings!$B$30,Q248>Settings!$B$37),0,1) -> 1 | X248: =IF(AND(W248=1,Q248<=Settings!$B$36),1,0) -> 1
A249: 3 | B249: 4 | C249: =Arrivals!F249 -> 192.43812 | D249: =Arrivals!K249 -> 300 | E249: =D249*8/Settings!$B$28+Settings!$B$29 -> 24.02 | F249: =C249 -> 192.43812 | G249: =K248 -> 223.47164 | H249: =MAX(F249,G249) -> 223.47164 | I249: =MOD(H249-Settings!$B$32,Settings!$B$33) -> 223.47164 | J249: =IF(I249<Settings!$B$30,IF(Settings!$B$30-I249>=E249,H249,H249+(Settings!$B$30-I249)+Settings!$B$31),H249+(Settings!$B$33-I249)) -> 223.47164 | K249: =J249+E249 -> 247.49164 | L249: =K249 -> 247.49164 | M249: =P248 -> 235.24621 | N249: =MAX(L249,M249) -> 247.49164 | O249: =Arrivals!I249 -> 5.0321396 | P249: =N249+O249 -> 252.52378 | Q249: =P249-C249 -> 60.085654 | R249: =H249-F249 -> 31.033515 | S249: =J249-H249 -> 0 | T249: =N249-L249 -> 0 | U249: =R249+S249+T249 -> 31.033515 | V249: =IF(MOD(C249-Settings!$B$32,Settings!$B$33)<Settings!$B$30,"Up","Down") -> Up | W249: =IF(OR(E249>Settings!$B$30,Q249>Settings!$B$37),0,1) -> 1 | X249: =IF(AND(W249=1,Q249<=Settings!$B$36),1,0) -> 1
A250: 3 | B250: 5 | C250: =Arrivals!F250 -> 262.08179 | D250: =Arrivals!K250 -> 300 | E250: =D250*8/Settings!$B$28+Settings!$B$29 -> 24.02 | F250: =C250 -> 262.08179 | G250: =K249 -> 247.49164 | H250: =MAX(F250,G250) -> 262.08179 | I250: =MOD(H250-Settings!$B$32,Settings!$B$33) -> 262.08179 | J250: =IF(I250<Settings!$B$30,IF(Settings!$B$30-I250>=E250,H250,H250+(Settings!$B$30-I250)+Settings!$B$31),H250+(Settings!$B$33-I250)) -> 262.08179 | K250: =J250+E250 -> 286.10179 | L250: =K250 -> 286.10179 | M250: =P249 -> 252.52378 | N250: =MAX(L250,M250) -> 286.10179 | O250: =Arrivals!I250 -> 1.1463802 | P250: =N250+O250 -> 287.24818 | Q250: =P250-C250 -> 25.16638 | R250: =H250-F250 -> 0 | S250: =J250-H250 -> 0 | T250: =N250-L250 -> 0 | U250: =R250+S250+T250 -> 0 | V250: =IF(MOD(C250-Settings!$B$32,Settings!$B$33)<Settings!$B$30,"Up","Down") -> Up | W250: =IF(OR(E250>Settings!$B$30,Q250>Settings!$B$37),0,1) -> 1 | X250: =IF(AND(W250=1,Q250<=Settings!$B$36),1,0) -> 1
A251: 3 | B251: 6 | C251: =Arrivals!F251 -> 266.51905 | D251: =Arrivals!K251 -> 300 | E251: =D251*8/Settings!$B$28+Settings!$B$29 -> 24.02 | F251: =C251 -> 266.51905 | G251: =K250 -> 286.10179 | H251: =MAX(F251,G251) -> 286.10179 | I251: =MOD(H251-Settings!$B$32,Settings!$B$33) -> 286.10179 | J251: =IF(I251<Settings!$B$30,IF(Settings!$B$30-I251>=E251,H251,H251+(Settings!$B$30-I251)+Settings!$B$31),H251+(Settings!$B$33-I251)) -> 286.10179 | K251: =J251+E251 -> 310.12179 | L251: =K251 -> 310.12179 | M251: =P250 -> 287.24818 | N251: =MAX(L251,M251) -> 310.12179 | O251: =Arrivals!I251 -> 0.16529051 | P251: =N251+O251 -> 310.28709 | Q251: =P251-C251 -> 43.768037 | R251: =H251-F251 -> 19.582746 | S251: =J251-H251 -> 0 | T251: =N251-L251 -> 0 | U251: =R251+S251+T251 -> 19.582746 | V251: =IF(MOD(C251-Settings!$B$32,Settings!$B$33)<Settings!$B$30,"Up","Down") -> Up | W251: =IF(OR(E251>Settings!$B$30,Q251>Settings!$B$37),0,1) -> 1 | X251: =IF(AND(W251=1,Q251<=Settings!$B$36),1,0) -> 1
A252: 3 | B252: 7 | C252: =Arrivals!F252 -> 272.86496 | D252: =Arrivals!K252 -> 300 | E252: =D252*8/Settings!$B$28+Settings!$B$29 -> 24.02 | F252: =C252 -> 272.86496 | G252: =K251 -> 310.12179 | H252: =MAX(F252,G252) -> 310.12179 | I252: =MOD(H252-Settings!$B$32,Settings!$B$33) -> 310.12179 | J252: =IF(I252<Settings!$B$30,IF(Settings!$B$30-I252>=E252,H252,H252+(Settings!$B$30-I252)+Settings!$B$31),H252+(Settings!$B$33-I252)) -> 310.12179 | K252: =J252+E252 -> 334.14179 | L252: =K252 -> 334.14179 | M252: =P251 -> 310.28709 | N252: =MAX(L252,M252) -> 334.14179 | O252: =Arrivals!I252 -> 1.7574568 | P252: =N252+O252 -> 335.89925 | Q252: =P252-C252 -> 63.034288 | R252: =H252-F252 -> 37.256831 | S252: =J252-H252 -> 0 | T252: =N252-L252 -> 0 | U252: =R252+S252+T252 -> 37.256831 | V252: =IF(MOD(C252-Settings!$B$32,Settings!$B$33)<Settings!$B$30,"Up","Down") -> Up | W252: =IF(OR(E252>Settings!$B$30,Q252>Settings!$B$37),0,1) -> 1 | X252: =IF(AND(W252=1,Q252<=Settings!$B$36),1,0) -> 1
A253: 3 | B253: 8 | C253: =Arrivals!F253 -> 376.06021 | D253: =Arrivals!K253 -> 300 | E253: =D253*8/Settings!$B$28+Settings!$B$29 -> 24.02 | F253: =C253 -> 376.06021 | G253: =K252 -> 334.14179 | H253: =MAX(F253,G253) -> 376.06021 | I253: =MOD(H253-Settings!$B$32,Settings!$B$33) -> 376.06021 | J253: =IF(I253<Settings!$B$30,IF(Settings!$B$30-I253>=E253,H253,H253+(Settings!$B$30-I253)+Settings!$B$31),H253+(Settings!$B$33-I253)) -> 376.06021 | K253: =J253+E253 -> 400.08021 | L253: =K253 -> 400.08021 | M253: =P252 -> 335.89925 | N253: =MAX(L253,M253) -> 400.08021 | O253: =Arrivals!I253 -> 6.3500089 | P253: =N253+O253 -> 406.43022 | Q253: =P253-C253 -> 30.370009 | R253: =H253-F253 -> 0 | S253: =J253-H253 -> 0 | T253: =N253-L253 -> 0 | U253: =R253+S253+T253 -> 0 | V253: =IF(MOD(C253-Settings!$B$32,Settings!$B$33)<Settings!$B$30,"Up","Down") -> Up | W253: =IF(OR(E253>Settings!$B$30,Q253>Settings!$B$37),0,1) -> 1 | X253: =IF(AND(W253=1,Q253<=Settings!$B$36),1,0) -> 1
A254: 3 | B254: 9 | C254: =Arrivals!F254 -> 389.19828 | D254: =Arrivals!K254 -> 300 | E254: =D254*8/Settings!$B$28+Settings!$B$29 -> 24.02 | F254: =C254 -> 389.19828 | G254: =K253 -> 400.08021 | H254: =MAX(F254,G254) -> 400.08021 | I254: =MOD(H254-Settings!$B$32,Settings!$B$33) -> 400.08021 | J254: =IF(I254<Settings!$B$30,IF(Settings!$B$30-I254>=E254,H254,H254+(Settings!$B$30-I254)+Settings!$B$31),H254+(Settings!$B$33-I254)) -> 400.08021 | K254: =J254+E254 -> 424.10021 | L254: =K254 -> 424.10021 | M254: =P253 -> 406.43022 | N254: =MAX(L254,M254) -> 424.10021 | O254: =Arrivals!I254 -> 0.20821029 | P254: =N254+O254 -> 424.30842 | Q254: =P254-C254 -> 35.110141 | R254: =H254-F254 -> 10.88193 | S254: =J254-H254 -> 0 | T254: =N254-L254 -> 0 | U254: =R254+S254+T254 -> 10.88193 | V254: =IF(MOD(C254-Settings!$B$32,Settings!$B$33)<Settings!$B$30,"Up","Down") -> Up | W254: =IF(OR(E254>Settings!$B$30,Q254>Settings!$B$37),0,1) -> 1 | X254: =IF(AND(W254=1,Q254<=Settings!$B$36),1,0) -> 1
A255: 3 | B255: 10 | C255: =Arrivals!F255 -> 398.0743 | D255: =Arrivals!K255 -> 300 | E255: =D255*8/Settings!$B$28+Settings!$B$29 -> 24.02 | F255: =C255 -> 398.0743 | G255: =K254 -> 424.10021 | H255: =MAX(F255,G255) -> 424.10021 | I255: =MOD(H255-Settings!$B$32,Settings!$B$33) -> 424.10021 | J255: =IF(I255<Settings!$B$30,IF(Settings!$B$30-I255>=E255,H255,H255+(Settings!$B$30-I255)+Settings!$B$31),H255+(Settings!$B$33-I255)) -> 424.10021 | K255: =J255+E255 -> 448.12021 | L255: =K255 -> 448.12021 | M255: =P254 -> 424.30842 | N255: =MAX(L255,M255) -> 448.12021 | O255: =Arrivals!I255 -> 2.5282969 | P255: =N255+O255 -> 450.6485 | Q255: =P255-C255 -> 52.574199 | R255: =H255-F255 -> 26.025902 | S255: =J255-H255 -> 0 | T255: =N255-L255 -> 0 | U255: =R255+S255+T255 -> 26.025902 | V255: =IF(MOD(C255-Settings!$B$32,Settings!$B$33)<Settings!$B$30,"Up","Down") -> Up | W255: =IF(OR(E255>Settings!$B$30,Q255>Settings!$B$37),0,1) -> 1 | X255: =IF(AND(W255=1,Q255<=Settings!$B$36),1,0) -> 1
A256: 3 | B256: 11 | C256: =Arrivals!F256 -> 408.57988 | D256: =Arrivals!K256 -> 300 | E256: =D256*8/Settings!$B$28+Settings!$B$29 -> 24.02 | F256: =C256 -> 408.57988 | G256: =K255 -> 448.12021 | H256: =MAX(F256,G256) -> 448.12021 | I256: =MOD(H256-Settings!$B$32,Settings!$B$33) -> 448.12021 | J256: =IF(I256<Settings!$B$30,IF(Settings!$B$30-I256>=E256,H256,H256+(Settings!$B$30-I256)+Settings!$B$31),H256+(Settings!$B$33-I256)) -> 448.12021 | K256: =J256+E256 -> 472.14021 | L256: =K256 -> 472.14021 | M256: =P255 -> 450.6485 | N256: =MAX(L256,M256) -> 472.14021 | O256: =Arrivals!I256 -> 1.2996875 | P256: =N256+O256 -> 473.43989 | Q256: =P256-C256 -> 64.860019 | R256: =H256-F256 -> 39.540332 | S256: =J256-H256 -> 0 | T256: =N256-L256 -> 0 | U256: =R256+S256+T256 -> 39.540332 | V256: =IF(MOD(C256-Settings!$B$32,Settings!$B$33)<Settings!$B$30,"Up","Down") -> Up | W256: =IF(OR(E256>Settings!$B$30,Q256>Settings!$B$37),0,1) -> 1 | X256: =IF(AND(W256=1,Q256<=Settings!$B$36),1,0) -> 1
A257: 3 | B257: 12 | C257: =Arrivals!F257 -> 457.26473 | D257: =Arrivals!K257 -> 300 | E257: =D257*8/Settings!$B$28+Settings!$B$29 -> 24.02 | F257: =C257 -> 457.26473 | G257: =K256 -> 472.14021 | H257: =MAX(F257,G257) -> 472.14021 | I257: =MOD(H257-Settings!$B$32,Settings!$B$33) -> 472.14021 | J257: =IF(I257<Settings!$B$30,IF(Settings!$B$30-I257>=E257,H257,H257+(Settings!$B$30-I257)+Settings!$B$31),H257+(Settings!$B$33-I257)) -> 472.14021 | K257: =J257+E257 -> 496.16021 | L257: =K257 -> 496.16021 | M257: =P256 -> 473.43989 | N257: =MAX(L257,M257) -> 496.16021 | O257: =Arrivals!I257 -> 3.0554521 | P257: =N257+O257 -> 499.21566 | Q257: =P257-C257 -> 41.95093 | R257: =H257-F257 -> 14.875478 | S257: =J257-H257 -> 0 | T257: =N257-L257 -> 0 | U257: =R257+S257+T257 -> 14.875478 | V257: =IF(MOD(C257-Settings!$B$32,Settings!$B$33)<Settings!$B$30,"Up","Down") -> Up | W257: =IF(OR(E257>Settings!$B$30,Q257>Settings!$B$37),0,1) -> 1 | X257: =IF(AND(W257=1,Q257<=Settings!$B$36),1,0) -> 1
A258: 3 | B258: 13 | C258: =Arrivals!F258 -> 566.01819 | D258: =Arrivals!K258 -> 300 | E258: =D258*8/Settings!$B$28+Settings!$B$29 -> 24.02 | F258: =C258 -> 566.01819 | G258: =K257 -> 496.16021 | H258: =MAX(F258,G258) -> 566.01819 | I258: =MOD(H258-Settings!$B$32,Settings!$B$33) -> 566.01819 | J258: =IF(I258<Settings!$B$30,IF(Settings!$B$30-I258>=E258,H258,H258+(Settings!$B$30-I258)+Settings!$B$31),H258+(Settings!$B$33-I258)) -> 566.01819 | K258: =J258+E258 -> 590.03819 | L258: =K258 -> 590.03819 | M258: =P257 -> 499.21566 | N258: =MAX(L258,M258) -> 590.03819 | O258: =Arrivals!I258 -> 1.0735863 | P258: =N258+O258 -> 591.11178 | Q258: =P258-C258 -> 25.093586 | R258: =H258-F258 -> 0 | S258: =J258-H258 -> 0 | T258: =N258-L258 -> 0 | U258: =R258+S258+T258 -> 0 | V258: =IF(MOD(C258-Settings!$B$32,Settings!$B$33)<Settings!$B$30,"Up","Down") -> Up | W258: =IF(OR(E258>Settings!$B$30,Q258>Settings!$B$37),0,1) -> 1 | X258: =IF(AND(W258=1,Q258<=Settings!$B$36),1,0) -> 1
... A365: 3 | B365: 120 | C365: =Arrivals!F365 -> 6468.9702 | D365: =Arrivals!K365 -> 300 | E365: =D365*8/Settings!$B$28+Settings!$B$29 -> 24.02 | F365: =C365 -> 6468.9702 | G365: =K364 -> 6504.02 | H365: =MAX(F365,G365) -> 6504.02 | I365: =MOD(H365-Settings!$B$32,Settings!$B$33) -> 24.02 | J365: =IF(I365<Settings!$B$30,IF(Settings!$B$30-I365>=E365,H365,H365+(Settings!$B$30-I365)+Settings!$B$31),H365+(Settings!$B$33-I365)) -> 6504.02 | K365: =J365+E365 -> 6528.04 | L365: =K365 -> 6528.04 | M365: =P364 -> 6504.4859 | N365: =MAX(L365,M365) -> 6528.04 | O365: =Arrivals!I365 -> 6.0369597 | P365: =N365+O365 -> 6534.077 | Q365: =P365-C365 -> 65.106804 | R365: =H365-F365 -> 35.049844 | S365: =J365-H365 -> 0 | T365: =N365-L365 -> 0 | U365: =R365+S365+T365 -> 35.049844 | V365: =IF(MOD(C365-Settings!$B$32,Settings!$B$33)<Settings!$B$30,"Up","Down") -> Down | W365: =IF(OR(E365>Settings!$B$30,Q365>Settings!$B$37),0,1) -> 1 | X365: =IF(AND(W365=1,Q365<=Settings!$B$36),1,0) -> 1
A366: 4 | B366: 1 | C366: =Arrivals!F366 -> 123.38007 | D366: =Arrivals!K366 -> 300 | E366: =D366*8/Settings!$B$28+Settings!$B$29 -> 24.02 | F366: =C366 -> 123.38007 | G366: 0 | H366: =MAX(F366,G366) -> 123.38007 | I366: =MOD(H366-Settings!$B$32,Settings!$B$33) -> 123.38007 | J366: =IF(I366<Settings!$B$30,IF(Settings!$B$30-I366>=E366,H366,H366+(Settings!$B$30-I366)+Settings!$B$31),H366+(Settings!$B$33-I366)) -> 123.38007 | K366: =J366+E366 -> 147.40007 | L366: =K366 -> 147.40007 | M366: 0 | N366: =MAX(L366,M366) -> 147.40007 | O366: =Arrivals!I366 -> 3.1371774 | P366: =N366+O366 -> 150.53725 | Q366: =P366-C366 -> 27.157177 | R366: =H366-F366 -> 0 | S366: =J366-H366 -> 0 | T366: =N366-L366 -> 0 | U366: =R366+S366+T366 -> 0 | V366: =IF(MOD(C366-Settings!$B$32,Settings!$B$33)<Settings!$B$30,"Up","Down") -> Up | W366: =IF(OR(E366>Settings!$B$30,Q366>Settings!$B$37),0,1) -> 1 | X366: =IF(AND(W366=1,Q366<=Settings!$B$36),1,0) -> 1
A367: 4 | B367: 2 | C367: =Arrivals!F367 -> 124.27792 | D367: =Arrivals!K367 -> 300 | E367: =D367*8/Settings!$B$28+Settings!$B$29 -> 24.02 | F367: =C367 -> 124.27792 | G367: =K366 -> 147.40007 | H367: =MAX(F367,G367) -> 147.40007 | I367: =MOD(H367-Settings!$B$32,Settings!$B$33) -> 147.40007 | J367: =IF(I367<Settings!$B$30,IF(Settings!$B$30-I367>=E367,H367,H367+(Settings!$B$30-I367)+Settings!$B$31),H367+(Settings!$B$33-I367)) -> 147.40007 | K367: =J367+E367 -> 171.42007 | L367: =K367 -> 171.42007 | M367: =P366 -> 150.53725 | N367: =MAX(L367,M367) -> 171.42007 | O367: =Arrivals!I367 -> 3.5146091 | P367: =N367+O367 -> 174.93468 | Q367: =P367-C367 -> 50.656757 | R367: =H367-F367 -> 23.122148 | S367: =J367-H367 -> 0 | T367: =N367-L367 -> 0 | U367: =R367+S367+T367 -> 23.122148 | V367: =IF(MOD(C367-Settings!$B$32,Settings!$B$33)<Settings!$B$30,"Up","Down") -> Up | W367: =IF(OR(E367>Settings!$B$30,Q367>Settings!$B$37),0,1) -> 1 | X367: =IF(AND(W367=1,Q367<=Settings!$B$36),1,0) -> 1
A368: 4 | B368: 3 | C368: =Arrivals!F368 -> 184.09686 | D368: =Arrivals!K368 -> 300 | E368: =D368*8/Settings!$B$28+Settings!$B$29 -> 24.02 | F368: =C368 -> 184.09686 | G368: =K367 -> 171.42007 | H368: =MAX(F368,G368) -> 184.09686 | I368: =MOD(H368-Settings!$B$32,Settings!$B$33) -> 184.09686 | J368: =IF(I368<Settings!$B$30,IF(Settings!$B$30-I368>=E368,H368,H368+(Settings!$B$30-I368)+Settings!$B$31),H368+(Settings!$B$33-I368)) -> 184.09686 | K368: =J368+E368 -> 208.11686 | L368: =K368 -> 208.11686 | M368: =P367 -> 174.93468 | N368: =MAX(L368,M368) -> 208.11686 | O368: =Arrivals!I368 -> 1.6742273 | P368: =N368+O368 -> 209.79109 | Q368: =P368-C368 -> 25.694227 | R368: =H368-F368 -> 0 | S368: =J368-H368 -> 0 | T368: =N368-L368 -> 0 | U368: =R368+S368+T368 -> 0 | V368: =IF(MOD(C368-Settings!$B$32,Settings!$B$33)<Settings!$B$30,"Up","Down") -> Up | W368: =IF(OR(E368>Settings!$B$30,Q368>Settings!$B$37),0,1) -> 1 | X368: =IF(AND(W368=1,Q368<=Settings!$B$36),1,0) -> 1
A369: 4 | B369: 4 | C369: =Arrivals!F369 -> 211.21195 | D369: =Arrivals!K369 -> 300 | E369: =D369*8/Settings!$B$28+Settings!$B$29 -> 24.02 | F369: =C369 -> 211.21195 | G369: =K368 -> 208.11686 | H369: =MAX(F369,G369) -> 211.21195 | I369: =MOD(H369-Settings!$B$32,Settings!$B$33) -> 211.21195 | J369: =IF(I369<Settings!$B$30,IF(Settings!$B$30-I369>=E369,H369,H369+(Settings!$B$30-I369)+Settings!$B$31),H369+(Settings!$B$33-I369)) -> 211.21195 | K369: =J369+E369 -> 235.23195 | L369: =K369 -> 235.23195 | M369: =P368 -> 209.79109 | N369: =MAX(L369,M369) -> 235.23195 | O369: =Arrivals!I369 -> 0.2716428 | P369: =N369+O369 -> 235.50359 | Q369: =P369-C369 -> 24.291643 | R369: =H369-F369 -> 0 | S369: =J369-H369 -> 0 | T369: =N369-L369 -> 0 | U369: =R369+S369+T369 -> 0 | V369: =IF(MOD(C369-Settings!$B$32,Settings!$B$33)<Settings!$B$30,"Up","Down") -> Up | W369: =IF(OR(E369>Settings!$B$30,Q369>Settings!$B$37),0,1) -> 1 | X369: =IF(AND(W369=1,Q369<=Settings!$B$36),1,0) -> 1
A370: 4 | B370: 5 | C370: =Arrivals!F370 -> 362.38519 | D370: =Arrivals!K370 -> 300 | E370: =D370*8/Settings!$B$28+Settings!$B$29 -> 24.02 | F370: =C370 -> 362.38519 | G370: =K369 -> 235.23195 | H370: =MAX(F370,G370) -> 362.38519 | I370: =MOD(H370-Settings!$B$32,Settings!$B$33) -> 362.38519 | J370: =IF(I370<Settings!$B$30,IF(Settings!$B$30-I370>=E370,H370,H370+(Settings!$B$30-I370)+Settings!$B$31),H370+(Settings!$B$33-I370)) -> 362.38519 | K370: =J370+E370 -> 386.40519 | L370: =K370 -> 386.40519 | M370: =P369 -> 235.50359 | N370: =MAX(L370,M370) -> 386.40519 | O370: =Arrivals!I370 -> 2.63071 | P370: =N370+O370 -> 389.0359 | Q370: =P370-C370 -> 26.65071 | R370: =H370-F370 -> 0 | S370: =J370-H370 -> 0 | T370: =N370-L370 -> 0 | U370: =R370+S370+T370 -> 0 | V370: =IF(MOD(C370-Settings!$B$32,Settings!$B$33)<Settings!$B$30,"Up","Down") -> Up | W370: =IF(OR(E370>Settings!$B$30,Q370>Settings!$B$37),0,1) -> 1 | X370: =IF(AND(W370=1,Q370<=Settings!$B$36),1,0) -> 1
A371: 4 | B371: 6 | C371: =Arrivals!F371 -> 369.51892 | D371: =Arrivals!K371 -> 300 | E371: =D371*8/Settings!$B$28+Settings!$B$29 -> 24.02 | F371: =C371 -> 369.51892 | G371: =K370 -> 386.40519 | H371: =MAX(F371,G371) -> 386.40519 | I371: =MOD(H371-Settings!$B$32,Settings!$B$33) -> 386.40519 | J371: =IF(I371<Settings!$B$30,IF(Settings!$B$30-I371>=E371,H371,H371+(Settings!$B$30-I371)+Settings!$B$31),H371+(Settings!$B$33-I371)) -> 386.40519 | K371: =J371+E371 -> 410.42519 | L371: =K371 -> 410.42519 | M371: =P370 -> 389.0359 | N371: =MAX(L371,M371) -> 410.42519 | O371: =Arrivals!I371 -> 0.33915718 | P371: =N371+O371 -> 410.76434 | Q371: =P371-C371 -> 41.245424 | R371: =H371-F371 -> 16.886267 | S371: =J371-H371 -> 0 | T371: =N371-L371 -> 0 | U371: =R371+S371+T371 -> 16.886267 | V371: =IF(MOD(C371-Settings!$B$32,Settings!$B$33)<Settings!$B$30,"Up","Down") -> Up | W371: =IF(OR(E371>Settings!$B$30,Q371>Settings!$B$37),0,1) -> 1 | X371: =IF(AND(W371=1,Q371<=Settings!$B$36),1,0) -> 1
A372: 4 | B372: 7 | C372: =Arrivals!F372 -> 372.96065 | D372: =Arrivals!K372 -> 300 | E372: =D372*8/Settings!$B$28+Settings!$B$29 -> 24.02 | F372: =C372 -> 372.96065 | G372: =K371 -> 410.42519 | H372: =MAX(F372,G372) -> 410.42519 | I372: =MOD(H372-Settings!$B$32,Settings!$B$33) -> 410.42519 | J372: =IF(I372<Settings!$B$30,IF(Settings!$B$30-I372>=E372,H372,H372+(Settings!$B$30-I372)+Settings!$B$31),H372+(Settings!$B$33-I372)) -> 410.42519 | K372: =J372+E372 -> 434.44519 | L372: =K372 -> 434.44519 | M372: =P371 -> 410.76434 | N372: =MAX(L372,M372) -> 434.44519 | O372: =Arrivals!I372 -> 1.4896947 | P372: =N372+O372 -> 435.93488 | Q372: =P372-C372 -> 62.974231 | R372: =H372-F372 -> 37.464536 | S372: =J372-H372 -> 0 | T372: =N372-L372 -> 0 | U372: =R372+S372+T372 -> 37.464536 | V372: =IF(MOD(C372-Settings!$B$32,Settings!$B$33)<Settings!$B$30,"Up","Down") -> Up | W372: =IF(OR(E372>Settings!$B$30,Q372>Settings!$B$37),0,1) -> 1 | X372: =IF(AND(W372=1,Q372<=Settings!$B$36),1,0) -> 1
A373: 4 | B373: 8 | C373: =Arrivals!F373 -> 560.65175 | D373: =Arrivals!K373 -> 300 | E373: =D373*8/Settings!$B$28+Settings!$B$29 -> 24.02 | F373: =C373 -> 560.65175 | G373: =K372 -> 434.44519 | H373: =MAX(F373,G373) -> 560.65175 | I373: =MOD(H373-Settings!$B$32,Settings!$B$33) -> 560.65175 | J373: =IF(I373<Settings!$B$30,IF(Settings!$B$30-I373>=E373,H373,H373+(Settings!$B$30-I373)+Settings!$B$31),H373+(Settings!$B$33-I373)) -> 560.65175 | K373: =J373+E373 -> 584.67175 | L373: =K373 -> 584.67175 | M373: =P372 -> 435.93488 | N373: =MAX(L373,M373) -> 584.67175 | O373: =Arrivals!I373 -> 10.685766 | P373: =N373+O373 -> 595.35752 | Q373: =P373-C373 -> 34.705766 | R373: =H373-F373 -> 0 | S373: =J373-H373 -> 0 | T373: =N373-L373 -> 0 | U373: =R373+S373+T373 -> 0 | V373: =IF(MOD(C373-Settings!$B$32,Settings!$B$33)<Settings!$B$30,"Up","Down") -> Up | W373: =IF(OR(E373>Settings!$B$30,Q373>Settings!$B$37),0,1) -> 1 | X373: =IF(AND(W373=1,Q373<=Settings!$B$36),1,0) -> 1
A374: 4 | B374: 9 | C374: =Arrivals!F374 -> 698.955 | D374: =Arrivals!K374 -> 300 | E374: =D374*8/Settings!$B$28+Settings!$B$29 -> 24.02 | F374: =C374 -> 698.955 | G374: =K373 -> 584.67175 | H374: =MAX(F374,G374) -> 698.955 | I374: =MOD(H374-Settings!$B$32,Settings!$B$33) -> 698.955 | J374: =IF(I374<Settings!$B$30,IF(Settings!$B$30-I374>=E374,H374,H374+(Settings!$B$30-I374)+Settings!$B$31),H374+(Settings!$B$33-I374)) -> 720 | K374: =J374+E374 -> 744.02 | L374: =K374 -> 744.02 | M374: =P373 -> 595.35752 | N374: =MAX(L374,M374) -> 744.02 | O374: =Arrivals!I374 -> 5.6148235 | P374: =N374+O374 -> 749.63482 | Q374: =P374-C374 -> 50.67982 | R374: =H374-F374 -> 0 | S374: =J374-H374 -> 21.044996 | T374: =N374-L374 -> 0 | U374: =R374+S374+T374 -> 21.044996 | V374: =IF(MOD(C374-Settings!$B$32,Settings!$B$33)<Settings!$B$30,"Up","Down") -> Down | W374: =IF(OR(E374>Settings!$B$30,Q374>Settings!$B$37),0,1) -> 1 | X374: =IF(AND(W374=1,Q374<=Settings!$B$36),1,0) -> 1
A375: 4 | B375: 10 | C375: =Arrivals!F375 -> 734.24072 | D375: =Arrivals!K375 -> 300 | E375: =D375*8/Settings!$B$28+Settings!$B$29 -> 24.02 | F375: =C375 -> 734.24072 | G375: =K374 -> 744.02 | H375: =MAX(F375,G375) -> 744.02 | I375: =MOD(H375-Settings!$B$32,Settings!$B$33) -> 24.02 | J375: =IF(I375<Settings!$B$30,IF(Settings!$B$30-I375>=E375,H375,H375+(Settings!$B$30-I375)+Settings!$B$31),H375+(Settings!$B$33-I375)) -> 744.02 | K375: =J375+E375 -> 768.04 | L375: =K375 -> 768.04 | M375: =P374 -> 749.63482 | N375: =MAX(L375,M375) -> 768.04 | O375: =Arrivals!I375 -> 5.9775827 | P375: =N375+O375 -> 774.01758 | Q375: =P375-C375 -> 39.776865 | R375: =H375-F375 -> 9.7792822 | S375: =J375-H375 -> 0 | T375: =N375-L375 -> 0 | U375: =R375+S375+T375 -> 9.7792822 | V375: =IF(MOD(C375-Settings!$B$32,Settings!$B$33)<Settings!$B$30,"Up","Down") -> Up | W375: =IF(OR(E375>Settings!$B$30,Q375>Settings!$B$37),0,1) -> 1 | X375: =IF(AND(W375=1,Q375<=Settings!$B$36),1,0) -> 1
A376: 4 | B376: 11 | C376: =Arrivals!F376 -> 798.7128 | D376: =Arrivals!K376 -> 300 | E376: =D376*8/Settings!$B$28+Settings!$B$29 -> 24.02 | F376: =C376 -> 798.7128 | G376: =K375 -> 768.04 | H376: =MAX(F376,G376) -> 798.7128 | I376: =MOD(H376-Settings!$B$32,Settings!$B$33) -> 78.712804 | J376: =IF(I376<Settings!$B$30,IF(Settings!$B$30-I376>=E376,H376,H376+(Settings!$B$30-I376)+Settings!$B$31),H376+(Settings!$B$33-I376)) -> 798.7128 | K376: =J376+E376 -> 822.7328 | L376: =K376 -> 822.7328 | M376: =P375 -> 774.01758 | N376: =MAX(L376,M376) -> 822.7328 | O376: =Arrivals!I376 -> 5.9726456 | P376: =N376+O376 -> 828.70545 | Q376: =P376-C376 -> 29.992646 | R376: =H376-F376 -> 0 | S376: =J376-H376 -> 0 | T376: =N376-L376 -> 0 | U376: =R376+S376+T376 -> 0 | V376: =IF(MOD(C376-Settings!$B$32,Settings!$B$33)<Settings!$B$30,"Up","Down") -> Up | W376: =IF(OR(E376>Settings!$B$30,Q376>Settings!$B$37),0,1) -> 1 | X376: =IF(AND(W376=1,Q376<=Settings!$B$36),1,0) -> 1
A377: 4 | B377: 12 | C377: =Arrivals!F377 -> 807.72023 | D377: =Arrivals!K377 -> 300 | E377: =D377*8/Settings!$B$28+Settings!$B$29 -> 24.02 | F377: =C377 -> 807.72023 | G377: =K376 -> 822.7328 | H377: =MAX(F377,G377) -> 822.7328 | I377: =MOD(H377-Settings!$B$32,Settings!$B$33) -> 102.7328 | J377: =IF(I377<Settings!$B$30,IF(Settings!$B$30-I377>=E377,H377,H377+(Settings!$B$30-I377)+Settings!$B$31),H377+(Settings!$B$33-I377)) -> 822.7328 | K377: =J377+E377 -> 846.7528 | L377: =K377 -> 846.7528 | M377: =P376 -> 828.70545 | N377: =MAX(L377,M377) -> 846.7528 | O377: =Arrivals!I377 -> 0.50118557 | P377: =N377+O377 -> 847.25399 | Q377: =P377-C377 -> 39.533759 | R377: =H377-F377 -> 15.012574 | S377: =J377-H377 -> 0 | T377: =N377-L377 -> 0 | U377: =R377+S377+T377 -> 15.012574 | V377: =IF(MOD(C377-Settings!$B$32,Settings!$B$33)<Settings!$B$30,"Up","Down") -> Up | W377: =IF(OR(E377>Settings!$B$30,Q377>Settings!$B$37),0,1) -> 1 | X377: =IF(AND(W377=1,Q377<=Settings!$B$36),1,0) -> 1
A378: 4 | B378: 13 | C378: =Arrivals!F378 -> 930.79144 | D378: =Arrivals!K378 -> 300 | E378: =D378*8/Settings!$B$28+Settings!$B$29 -> 24.02 | F378: =C378 -> 930.79144 | G378: =K377 -> 846.7528 | H378: =MAX(F378,G378) -> 930.79144 | I378: =MOD(H378-Settings!$B$32,Settings!$B$33) -> 210.79144 | J378: =IF(I378<Settings!$B$30,IF(Settings!$B$30-I378>=E378,H378,H378+(Settings!$B$30-I378)+Settings!$B$31),H378+(Settings!$B$33-I378)) -> 930.79144 | K378: =J378+E378 -> 954.81144 | L378: =K378 -> 954.81144 | M378: =P377 -> 847.25399 | N378: =MAX(L378,M378) -> 954.81144 | O378: =Arrivals!I378 -> 1.2591136 | P378: =N378+O378 -> 956.07055 | Q378: =P378-C378 -> 25.279114 | R378: =H378-F378 -> 0 | S378: =J378-H378 -> 0 | T378: =N378-L378 -> 0 | U378: =R378+S378+T378 -> 0 | V378: =IF(MOD(C378-Settings!$B$32,Settings!$B$33)<Settings!$B$30,"Up","Down") -> Up | W378: =IF(OR(E378>Settings!$B$30,Q378>Settings!$B$37),0,1) -> 1 | X378: =IF(AND(W378=1,Q378<=Settings!$B$36),1,0) -> 1
... A485: 4 | B485: 120 | C485: =Arrivals!F485 -> 6835.7084 | D485: =Arrivals!K485 -> 300 | E485: =D485*8/Settings!$B$28+Settings!$B$29 -> 24.02 | F485: =C485 -> 6835.7084 | G485: =K484 -> 6868.7583 | H485: =MAX(F485,G485) -> 6868.7583 | I485: =MOD(H485-Settings!$B$32,Settings!$B$33) -> 388.75831 | J485: =IF(I485<Settings!$B$30,IF(Settings!$B$30-I485>=E485,H485,H485+(Settings!$B$30-I485)+Settings!$B$31),H485+(Settings!$B$33-I485)) -> 6868.7583 | K485: =J485+E485 -> 6892.7783 | L485: =K485 -> 6892.7783 | M485: =P484 -> 6870.8014 | N485: =MAX(L485,M485) -> 6892.7783 | O485: =Arrivals!I485 -> 1.7333612 | P485: =N485+O485 -> 6894.5117 | Q485: =P485-C485 -> 58.803314 | R485: =H485-F485 -> 33.049953 | S485: =J485-H485 -> 0 | T485: =N485-L485 -> 0 | U485: =R485+S485+T485 -> 33.049953 | V485: =IF(MOD(C485-Settings!$B$32,Settings!$B$33)<Settings!$B$30,"Up","Down") -> Up | W485: =IF(OR(E485>Settings!$B$30,Q485>Settings!$B$37),0,1) -> 1 | X485: =IF(AND(W485=1,Q485<=Settings!$B$36),1,0) -> 1
A486: 5 | B486: 1 | C486: =Arrivals!F486 -> 119.81714 | D486: =Arrivals!K486 -> 300 | E486: =D486*8/Settings!$B$28+Settings!$B$29 -> 24.02 | F486: =C486 -> 119.81714 | G486: 0 | H486: =MAX(F486,G486) -> 119.81714 | I486: =MOD(H486-Settings!$B$32,Settings!$B$33) -> 119.81714 | J486: =IF(I486<Settings!$B$30,IF(Settings!$B$30-I486>=E486,H486,H486+(Settings!$B$30-I486)+Settings!$B$31),H486+(Settings!$B$33-I486)) -> 119.81714 | K486: =J486+E486 -> 143.83714 | L486: =K486 -> 143.83714 | M486: 0 | N486: =MAX(L486,M486) -> 143.83714 | O486: =Arrivals!I486 -> 3.0691728 | P486: =N486+O486 -> 146.90631 | Q486: =P486-C486 -> 27.089173 | R486: =H486-F486 -> 0 | S486: =J486-H486 -> 0 | T486: =N486-L486 -> 0 | U486: =R486+S486+T486 -> 0 | V486: =IF(MOD(C486-Settings!$B$32,Settings!$B$33)<Settings!$B$30,"Up","Down") -> Up | W486: =IF(OR(E486>Settings!$B$30,Q486>Settings!$B$37),0,1) -> 1 | X486: =IF(AND(W486=1,Q486<=Settings!$B$36),1,0) -> 1
A487: 5 | B487: 2 | C487: =Arrivals!F487 -> 158.71498 | D487: =Arrivals!K487 -> 300 | E487: =D487*8/Settings!$B$28+Settings!$B$29 -> 24.02 | F487: =C487 -> 158.71498 | G487: =K486 -> 143.83714 | H487: =MAX(F487,G487) -> 158.71498 | I487: =MOD(H487-Settings!$B$32,Settings!$B$33) -> 158.71498 | J487: =IF(I487<Settings!$B$30,IF(Settings!$B$30-I487>=E487,H487,H487+(Settings!$B$30-I487)+Settings!$B$31),H487+(Settings!$B$33-I487)) -> 158.71498 | K487: =J487+E487 -> 182.73498 | L487: =K487 -> 182.73498 | M487: =P486 -> 146.90631 | N487: =MAX(L487,M487) -> 182.73498 | O487: =Arrivals!I487 -> 0.19201404 | P487: =N487+O487 -> 182.927 | Q487: =P487-C487 -> 24.212014 | R487: =H487-F487 -> 0 | S487: =J487-H487 -> 0 | T487: =N487-L487 -> 0 | U487: =R487+S487+T487 -> 0 | V487: =IF(MOD(C487-Settings!$B$32,Settings!$B$33)<Settings!$B$30,"Up","Down") -> Up | W487: =IF(OR(E487>Settings!$B$30,Q487>Settings!$B$37),0,1) -> 1 | X487: =IF(AND(W487=1,Q487<=Settings!$B$36),1,0) -> 1
A488: 5 | B488: 3 | C488: =Arrivals!F488 -> 160.27632 | D488: =Arrivals!K488 -> 300 | E488: =D488*8/Settings!$B$28+Settings!$B$29 -> 24.02 | F488: =C488 -> 160.27632 | G488: =K487 -> 182.73498 | H488: =MAX(F488,G488) -> 182.73498 | I488: =MOD(H488-Settings!$B$32,Settings!$B$33) -> 182.73498 | J488: =IF(I488<Settings!$B$30,IF(Settings!$B$30-I488>=E488,H488,H488+(Settings!$B$30-I488)+Settings!$B$31),H488+(Settings!$B$33-I488)) -> 182.73498 | K488: =J488+E488 -> 206.75498 | L488: =K488 -> 206.75498 | M488: =P487 -> 182.927 | N488: =MAX(L488,M488) -> 206.75498 | O488: =Arrivals!I488 -> 5.3375724 | P488: =N488+O488 -> 212.09256 | Q488: =P488-C488 -> 51.816241 | R488: =H488-F488 -> 22.458669 | S488: =J488-H488 -> 0 | T488: =N488-L488 -> 0 | U488: =R488+S488+T488 -> 22.458669 | V488: =IF(MOD(C488-Settings!$B$32,Settings!$B$33)<Settings!$B$30,"Up","Down") -> Up | W488: =IF(OR(E488>Settings!$B$30,Q488>Settings!$B$37),0,1) -> 1 | X488: =IF(AND(W488=1,Q488<=Settings!$B$36),1,0) -> 1
A489: 5 | B489: 4 | C489: =Arrivals!F489 -> 235.26932 | D489: =Arrivals!K489 -> 300 | E489: =D489*8/Settings!$B$28+Settings!$B$29 -> 24.02 | F489: =C489 -> 235.26932 | G489: =K488 -> 206.75498 | H489: =MAX(F489,G489) -> 235.26932 | I489: =MOD(H489-Settings!$B$32,Settings!$B$33) -> 235.26932 | J489: =IF(I489<Settings!$B$30,IF(Settings!$B$30-I489>=E489,H489,H489+(Settings!$B$30-I489)+Settings!$B$31),H489+(Settings!$B$33-I489)) -> 235.26932 | K489: =J489+E489 -> 259.28932 | L489: =K489 -> 259.28932 | M489: =P488 -> 212.09256 | N489: =MAX(L489,M489) -> 259.28932 | O489: =Arrivals!I489 -> 2.1481594 | P489: =N489+O489 -> 261.43748 | Q489: =P489-C489 -> 26.168159 | R489: =H489-F489 -> 0 | S489: =J489-H489 -> 0 | T489: =N489-L489 -> 0 | U489: =R489+S489+T489 -> 0 | V489: =IF(MOD(C489-Settings!$B$32,Settings!$B$33)<Settings!$B$30,"Up","Down") -> Up | W489: =IF(OR(E489>Settings!$B$30,Q489>Settings!$B$37),0,1) -> 1 | X489: =IF(AND(W489=1,Q489<=Settings!$B$36),1,0) -> 1
A490: 5 | B490: 5 | C490: =Arrivals!F490 -> 245.1807 | D490: =Arrivals!K490 -> 300 | E490: =D490*8/Settings!$B$28+Settings!$B$29 -> 24.02 | F490: =C490 -> 245.1807 | G490: =K489 -> 259.28932 | H490: =MAX(F490,G490) -> 259.28932 | I490: =MOD(H490-Settings!$B$32,Settings!$B$33) -> 259.28932 | J490: =IF(I490<Settings!$B$30,IF(Settings!$B$30-I490>=E490,H490,H490+(Settings!$B$30-I490)+Settings!$B$31),H490+(Settings!$B$33-I490)) -> 259.28932 | K490: =J490+E490 -> 283.30932 | L490: =K490 -> 283.30932 | M490: =P489 -> 261.43748 | N490: =MAX(L490,M490) -> 283.30932 | O490: =Arrivals!I490 -> 5.0169889 | P490: =N490+O490 -> 288.32631 | Q490: =P490-C490 -> 43.14561 | R490: =H490-F490 -> 14.108621 | S490: =J490-H490 -> 0 | T490: =N490-L490 -> 0 | U490: =R490+S490+T490 -> 14.108621 | V490: =IF(MOD(C490-Settings!$B$32,Settings!$B$33)<Settings!$B$30,"Up","Down") -> Up | W490: =IF(OR(E490>Settings!$B$30,Q490>Settings!$B$37),0,1) -> 1 | X490: =IF(AND(W490=1,Q490<=Settings!$B$36),1,0) -> 1
A491: 5 | B491: 6 | C491: =Arrivals!F491 -> 255.13782 | D491: =Arrivals!K491 -> 300 | E491: =D491*8/Settings!$B$28+Settings!$B$29 -> 24.02 | F491: =C491 -> 255.13782 | G491: =K490 -> 283.30932 | H491: =MAX(F491,G491) -> 283.30932 | I491: =MOD(H491-Settings!$B$32,Settings!$B$33) -> 283.30932 | J491: =IF(I491<Settings!$B$30,IF(Settings!$B$30-I491>=E491,H491,H491+(Settings!$B$30-I491)+Settings!$B$31),H491+(Settings!$B$33-I491)) -> 283.30932 | K491: =J491+E491 -> 307.32932 | L491: =K491 -> 307.32932 | M491: =P490 -> 288.32631 | N491: =MAX(L491,M491) -> 307.32932 | O491: =Arrivals!I491 -> 0.52092603 | P491: =N491+O491 -> 307.85024 | Q491: =P491-C491 -> 52.712425 | R491: =H491-F491 -> 28.171499 | S491: =J491-H491 -> 0 | T491: =N491-L491 -> 0 | U491: =R491+S491+T491 -> 28.171499 | V491: =IF(MOD(C491-Settings!$B$32,Settings!$B$33)<Settings!$B$30,"Up","Down") -> Up | W491: =IF(OR(E491>Settings!$B$30,Q491>Settings!$B$37),0,1) -> 1 | X491: =IF(AND(W491=1,Q491<=Settings!$B$36),1,0) -> 1
A492: 5 | B492: 7 | C492: =Arrivals!F492 -> 255.80947 | D492: =Arrivals!K492 -> 300 | E492: =D492*8/Settings!$B$28+Settings!$B$29 -> 24.02 | F492: =C492 -> 255.80947 | G492: =K491 -> 307.32932 | H492: =MAX(F492,G492) -> 307.32932 | I492: =MOD(H492-Settings!$B$32,Settings!$B$33) -> 307.32932 | J492: =IF(I492<Settings!$B$30,IF(Settings!$B$30-I492>=E492,H492,H492+(Settings!$B$30-I492)+Settings!$B$31),H492+(Settings!$B$33-I492)) -> 307.32932 | K492: =J492+E492 -> 331.34932 | L492: =K492 -> 331.34932 | M492: =P491 -> 307.85024 | N492: =MAX(L492,M492) -> 331.34932 | O492: =Arrivals!I492 -> 1.2387376 | P492: =N492+O492 -> 332.58806 | Q492: =P492-C492 -> 76.778585 | R492: =H492-F492 -> 51.519848 | S492: =J492-H492 -> 0 | T492: =N492-L492 -> 0 | U492: =R492+S492+T492 -> 51.519848 | V492: =IF(MOD(C492-Settings!$B$32,Settings!$B$33)<Settings!$B$30,"Up","Down") -> Up | W492: =IF(OR(E492>Settings!$B$30,Q492>Settings!$B$37),0,1) -> 1 | X492: =IF(AND(W492=1,Q492<=Settings!$B$36),1,0) -> 1
A493: 5 | B493: 8 | C493: =Arrivals!F493 -> 261.56616 | D493: =Arrivals!K493 -> 300 | E493: =D493*8/Settings!$B$28+Settings!$B$29 -> 24.02 | F493: =C493 -> 261.56616 | G493: =K492 -> 331.34932 | H493: =MAX(F493,G493) -> 331.34932 | I493: =MOD(H493-Settings!$B$32,Settings!$B$33) -> 331.34932 | J493: =IF(I493<Settings!$B$30,IF(Settings!$B$30-I493>=E493,H493,H493+(Settings!$B$30-I493)+Settings!$B$31),H493+(Settings!$B$33-I493)) -> 331.34932 | K493: =J493+E493 -> 355.36932 | L493: =K493 -> 355.36932 | M493: =P492 -> 332.58806 | N493: =MAX(L493,M493) -> 355.36932 | O493: =Arrivals!I493 -> 0.27367495 | P493: =N493+O493 -> 355.64299 | Q493: =P493-C493 -> 94.076829 | R493: =H493-F493 -> 69.783154 | S493: =J493-H493 -> 0 | T493: =N493-L493 -> 0 | U493: =R493+S493+T493 -> 69.783154 | V493: =IF(MOD(C493-Settings!$B$32,Settings!$B$33)<Settings!$B$30,"Up","Down") -> Up | W493: =IF(OR(E493>Settings!$B$30,Q493>Settings!$B$37),0,1) -> 1 | X493: =IF(AND(W493=1,Q493<=Settings!$B$36),1,0) -> 1
A494: 5 | B494: 9 | C494: =Arrivals!F494 -> 317.12251 | D494: =Arrivals!K494 -> 300 | E494: =D494*8/Settings!$B$28+Settings!$B$29 -> 24.02 | F494: =C494 -> 317.12251 | G494: =K493 -> 355.36932 | H494: =MAX(F494,G494) -> 355.36932 | I494: =MOD(H494-Settings!$B$32,Settings!$B$33) -> 355.36932 | J494: =IF(I494<Settings!$B$30,IF(Settings!$B$30-I494>=E494,H494,H494+(Settings!$B$30-I494)+Settings!$B$31),H494+(Settings!$B$33-I494)) -> 355.36932 | K494: =J494+E494 -> 379.38932 | L494: =K494 -> 379.38932 | M494: =P493 -> 355.64299 | N494: =MAX(L494,M494) -> 379.38932 | O494: =Arrivals!I494 -> 2.4492883 | P494: =N494+O494 -> 381.83861 | Q494: =P494-C494 -> 64.7161 | R494: =H494-F494 -> 38.246812 | S494: =J494-H494 -> 0 | T494: =N494-L494 -> 0 | U494: =R494+S494+T494 -> 38.246812 | V494: =IF(MOD(C494-Settings!$B$32,Settings!$B$33)<Settings!$B$30,"Up","Down") -> Up | W494: =IF(OR(E494>Settings!$B$30,Q494>Settings!$B$37),0,1) -> 1 | X494: =IF(AND(W494=1,Q494<=Settings!$B$36),1,0) -> 1
A495: 5 | B495: 10 | C495: =Arrivals!F495 -> 400.71437 | D495: =Arrivals!K495 -> 300 | E495: =D495*8/Settings!$B$28+Settings!$B$29 -> 24.02 | F495: =C495 -> 400.71437 | G495: =K494 -> 379.38932 | H495: =MAX(F495,G495) -> 400.71437 | I495: =MOD(H495-Settings!$B$32,Settings!$B$33) -> 400.71437 | J495: =IF(I495<Settings!$B$30,IF(Settings!$B$30-I495>=E495,H495,H495+(Settings!$B$30-I495)+Settings!$B$31),H495+(Settings!$B$33-I495)) -> 400.71437 | K495: =J495+E495 -> 424.73437 | L495: =K495 -> 424.73437 | M495: =P494 -> 381.83861 | N495: =MAX(L495,M495) -> 424.73437 | O495: =Arrivals!I495 -> 0.34536958 | P495: =N495+O495 -> 425.07974 | Q495: =P495-C495 -> 24.36537 | R495: =H495-F495 -> 0 | S495: =J495-H495 -> 0 | T495: =N495-L495 -> 0 | U495: =R495+S495+T495 -> 0 | V495: =IF(MOD(C495-Settings!$B$32,Settings!$B$33)<Settings!$B$30,"Up","Down") -> Up | W495: =IF(OR(E495>Settings!$B$30,Q495>Settings!$B$37),0,1) -> 1 | X495: =IF(AND(W495=1,Q495<=Settings!$B$36),1,0) -> 1
A496: 5 | B496: 11 | C496: =Arrivals!F496 -> 410.92367 | D496: =Arrivals!K496 -> 300 | E496: =D496*8/Settings!$B$28+Settings!$B$29 -> 24.02 | F496: =C496 -> 410.92367 | G496: =K495 -> 424.73437 | H496: =MAX(F496,G496) -> 424.73437 | I496: =MOD(H496-Settings!$B$32,Settings!$B$33) -> 424.73437 | J496: =IF(I496<Settings!$B$30,IF(Settings!$B$30-I496>=E496,H496,H496+(Settings!$B$30-I496)+Settings!$B$31),H496+(Settings!$B$33-I496)) -> 424.73437 | K496: =J496+E496 -> 448.75437 | L496: =K496 -> 448.75437 | M496: =P495 -> 425.07974 | N496: =MAX(L496,M496) -> 448.75437 | O496: =Arrivals!I496 -> 1.2767527 | P496: =N496+O496 -> 450.03112 | Q496: =P496-C496 -> 39.107453 | R496: =H496-F496 -> 13.8107 | S496: =J496-H496 -> 0 | T496: =N496-L496 -> 0 | U496: =R496+S496+T496 -> 13.8107 | V496: =IF(MOD(C496-Settings!$B$32,Settings!$B$33)<Settings!$B$30,"Up","Down") -> Up | W496: =IF(OR(E496>Settings!$B$30,Q496>Settings!$B$37),0,1) -> 1 | X496: =IF(AND(W496=1,Q496<=Settings!$B$36),1,0) -> 1
A497: 5 | B497: 12 | C497: =Arrivals!F497 -> 487.95367 | D497: =Arrivals!K497 -> 300 | E497: =D497*8/Settings!$B$28+Settings!$B$29 -> 24.02 | F497: =C497 -> 487.95367 | G497: =K496 -> 448.75437 | H497: =MAX(F497,G497) -> 487.95367 | I497: =MOD(H497-Settings!$B$32,Settings!$B$33) -> 487.95367 | J497: =IF(I497<Settings!$B$30,IF(Settings!$B$30-I497>=E497,H497,H497+(Settings!$B$30-I497)+Settings!$B$31),H497+(Settings!$B$33-I497)) -> 487.95367 | K497: =J497+E497 -> 511.97367 | L497: =K497 -> 511.97367 | M497: =P496 -> 450.03112 | N497: =MAX(L497,M497) -> 511.97367 | O497: =Arrivals!I497 -> 4.8345019 | P497: =N497+O497 -> 516.80818 | Q497: =P497-C497 -> 28.854502 | R497: =H497-F497 -> 0 | S497: =J497-H497 -> 0 | T497: =N497-L497 -> 0 | U497: =R497+S497+T497 -> 0 | V497: =IF(MOD(C497-Settings!$B$32,Settings!$B$33)<Settings!$B$30,"Up","Down") -> Up | W497: =IF(OR(E497>Settings!$B$30,Q497>Settings!$B$37),0,1) -> 1 | X497: =IF(AND(W497=1,Q497<=Settings!$B$36),1,0) -> 1
A498: 5 | B498: 13 | C498: =Arrivals!F498 -> 629.86708 | D498: =Arrivals!K498 -> 300 | E498: =D498*8/Settings!$B$28+Settings!$B$29 -> 24.02 | F498: =C498 -> 629.86708 | G498: =K497 -> 511.97367 | H498: =MAX(F498,G498) -> 629.86708 | I498: =MOD(H498-Settings!$B$32,Settings!$B$33) -> 629.86708 | J498: =IF(I498<Settings!$B$30,IF(Settings!$B$30-I498>=E498,H498,H498+(Settings!$B$30-I498)+Settings!$B$31),H498+(Settings!$B$33-I498)) -> 720 | K498: =J498+E498 -> 744.02 | L498: =K498 -> 744.02 | M498: =P497 -> 516.80818 | N498: =MAX(L498,M498) -> 744.02 | O498: =Arrivals!I498 -> 1.4536663 | P498: =N498+O498 -> 745.47367 | Q498: =P498-C498 -> 115.60659 | R498: =H498-F498 -> 0 | S498: =J498-H498 -> 90.132924 | T498: =N498-L498 -> 0 | U498: =R498+S498+T498 -> 90.132924 | V498: =IF(MOD(C498-Settings!$B$32,Settings!$B$33)<Settings!$B$30,"Up","Down") -> Down | W498: =IF(OR(E498>Settings!$B$30,Q498>Settings!$B$37),0,1) -> 1 | X498: =IF(AND(W498=1,Q498<=Settings!$B$36),1,0) -> 1
... A605: 5 | B605: 120 | C605: =Arrivals!F605 -> 8021.2381 | D605: =Arrivals!K605 -> 300 | E605: =D605*8/Settings!$B$28+Settings!$B$29 -> 24.02 | F605: =C605 -> 8021.2381 | G605: =K604 -> 7992.06 | H605: =MAX(F605,G605) -> 8021.2381 | I605: =MOD(H605-Settings!$B$32,Settings!$B$33) -> 101.23809 | J605: =IF(I605<Settings!$B$30,IF(Settings!$B$30-I605>=E605,H605,H605+(Settings!$B$30-I605)+Settings!$B$31),H605+(Settings!$B$33-I605)) -> 8021.2381 | K605: =J605+E605 -> 8045.2581 | L605: =K605 -> 8045.2581 | M605: =P604 -> 7996.7448 | N605: =MAX(L605,M605) -> 8045.2581 | O605: =Arrivals!I605 -> 10.329106 | P605: =N605+O605 -> 8055.5872 | Q605: =P605-C605 -> 34.349106 | R605: =H605-F605 -> 0 | S605: =J605-H605 -> 0 | T605: =N605-L605 -> 0 | U605: =R605+S605+T605 -> 0 | V605: =IF(MOD(C605-Settings!$B$32,Settings!$B$33)<Settings!$B$30,"Up","Down") -> Up | W605: =IF(OR(E605>Settings!$B$30,Q605>Settings!$B$37),0,1) -> 1 | X605: =IF(AND(W605=1,Q605<=Settings!$B$36),1,0) -> 1
A606: 6 | B606: 1 | C606: =Arrivals!F606 -> 116.45397 | D606: =Arrivals!K606 -> 300 | E606: =D606*8/Settings!$B$28+Settings!$B$29 -> 24.02 | F606: =C606 -> 116.45397 | G606: 0 | H606: =MAX(F606,G606) -> 116.45397 | I606: =MOD(H606-Settings!$B$32,Settings!$B$33) -> 116.45397 | J606: =IF(I606<Settings!$B$30,IF(Settings!$B$30-I606>=E606,H606,H606+(Settings!$B$30-I606)+Settings!$B$31),H606+(Settings!$B$33-I606)) -> 116.45397 | K606: =J606+E606 -> 140.47397 | L606: =K606 -> 140.47397 | M606: 0 | N606: =MAX(L606,M606) -> 140.47397 | O606: =Arrivals!I606 -> 3.0023051 | P606: =N606+O606 -> 143.47628 | Q606: =P606-C606 -> 27.022305 | R606: =H606-F606 -> 0 | S606: =J606-H606 -> 0 | T606: =N606-L606 -> 0 | U606: =R606+S606+T606 -> 0 | V606: =IF(MOD(C606-Settings!$B$32,Settings!$B$33)<Settings!$B$30,"Up","Down") -> Up | W606: =IF(OR(E606>Settings!$B$30,Q606>Settings!$B$37),0,1) -> 1 | X606: =IF(AND(W606=1,Q606<=Settings!$B$36),1,0) -> 1
A607: 6 | B607: 2 | C607: =Arrivals!F607 -> 284.53945 | D607: =Arrivals!K607 -> 300 | E607: =D607*8/Settings!$B$28+Settings!$B$29 -> 24.02 | F607: =C607 -> 284.53945 | G607: =K606 -> 140.47397 | H607: =MAX(F607,G607) -> 284.53945 | I607: =MOD(H607-Settings!$B$32,Settings!$B$33) -> 284.53945 | J607: =IF(I607<Settings!$B$30,IF(Settings!$B$30-I607>=E607,H607,H607+(Settings!$B$30-I607)+Settings!$B$31),H607+(Settings!$B$33-I607)) -> 284.53945 | K607: =J607+E607 -> 308.55945 | L607: =K607 -> 308.55945 | M607: =P606 -> 143.47628 | N607: =MAX(L607,M607) -> 308.55945 | O607: =Arrivals!I607 -> 2.8459079 | P607: =N607+O607 -> 311.40536 | Q607: =P607-C607 -> 26.865908 | R607: =H607-F607 -> 0 | S607: =J607-H607 -> 0 | T607: =N607-L607 -> 0 | U607: =R607+S607+T607 -> 0 | V607: =IF(MOD(C607-Settings!$B$32,Settings!$B$33)<Settings!$B$30,"Up","Down") -> Up | W607: =IF(OR(E607>Settings!$B$30,Q607>Settings!$B$37),0,1) -> 1 | X607: =IF(AND(W607=1,Q607<=Settings!$B$36),1,0) -> 1
A608: 6 | B608: 3 | C608: =Arrivals!F608 -> 317.26079 | D608: =Arrivals!K608 -> 300 | E608: =D608*8/Settings!$B$28+Settings!$B$29 -> 24.02 | F608: =C608 -> 317.26079 | G608: =K607 -> 308.55945 | H608: =MAX(F608,G608) -> 317.26079 | I608: =MOD(H608-Settings!$B$32,Settings!$B$33) -> 317.26079 | J608: =IF(I608<Settings!$B$30,IF(Settings!$B$30-I608>=E608,H608,H608+(Settings!$B$30-I608)+Settings!$B$31),H608+(Settings!$B$33-I608)) -> 317.26079 | K608: =J608+E608 -> 341.28079 | L608: =K608 -> 341.28079 | M608: =P607 -> 311.40536 | N608: =MAX(L608,M608) -> 341.28079 | O608: =Arrivals!I608 -> 0.56330545 | P608: =N608+O608 -> 341.84409 | Q608: =P608-C608 -> 24.583305 | R608: =H608-F608 -> 0 | S608: =J608-H608 -> 0 | T608: =N608-L608 -> 0 | U608: =R608+S608+T608 -> 0 | V608: =IF(MOD(C608-Settings!$B$32,Settings!$B$33)<Settings!$B$30,"Up","Down") -> Up | W608: =IF(OR(E608>Settings!$B$30,Q608>Settings!$B$37),0,1) -> 1 | X608: =IF(AND(W608=1,Q608<=Settings!$B$36),1,0) -> 1
A609: 6 | B609: 4 | C609: =Arrivals!F609 -> 321.18623 | D609: =Arrivals!K609 -> 300 | E609: =D609*8/Settings!$B$28+Settings!$B$29 -> 24.02 | F609: =C609 -> 321.18623 | G609: =K608 -> 341.28079 | H609: =MAX(F609,G609) -> 341.28079 | I609: =MOD(H609-Settings!$B$32,Settings!$B$33) -> 341.28079 | J609: =IF(I609<Settings!$B$30,IF(Settings!$B$30-I609>=E609,H609,H609+(Settings!$B$30-I609)+Settings!$B$31),H609+(Settings!$B$33-I609)) -> 341.28079 | K609: =J609+E609 -> 365.30079 | L609: =K609 -> 365.30079 | M609: =P608 -> 341.84409 | N609: =MAX(L609,M609) -> 365.30079 | O609: =Arrivals!I609 -> 5.7993612 | P609: =N609+O609 -> 371.10015 | Q609: =P609-C609 -> 49.913915 | R609: =H609-F609 -> 20.094554 | S609: =J609-H609 -> 0 | T609: =N609-L609 -> 0 | U609: =R609+S609+T609 -> 20.094554 | V609: =IF(MOD(C609-Settings!$B$32,Settings!$B$33)<Settings!$B$30,"Up","Down") -> Up | W609: =IF(OR(E609>Settings!$B$30,Q609>Settings!$B$37),0,1) -> 1 | X609: =IF(AND(W609=1,Q609<=Settings!$B$36),1,0) -> 1
A610: 6 | B610: 5 | C610: =Arrivals!F610 -> 350.35711 | D610: =Arrivals!K610 -> 300 | E610: =D610*8/Settings!$B$28+Settings!$B$29 -> 24.02 | F610: =C610 -> 350.35711 | G610: =K609 -> 365.30079 | H610: =MAX(F610,G610) -> 365.30079 | I610: =MOD(H610-Settings!$B$32,Settings!$B$33) -> 365.30079 | J610: =IF(I610<Settings!$B$30,IF(Settings!$B$30-I610>=E610,H610,H610+(Settings!$B$30-I610)+Settings!$B$31),H610+(Settings!$B$33-I610)) -> 365.30079 | K610: =J610+E610 -> 389.32079 | L610: =K610 -> 389.32079 | M610: =P609 -> 371.10015 | N610: =MAX(L610,M610) -> 389.32079 | O610: =Arrivals!I610 -> 11.78564 | P610: =N610+O610 -> 401.10643 | Q610: =P610-C610 -> 50.749318 | R610: =H610-F610 -> 14.943678 | S610: =J610-H610 -> 0 | T610: =N610-L610 -> 0 | U610: =R610+S610+T610 -> 14.943678 | V610: =IF(MOD(C610-Settings!$B$32,Settings!$B$33)<Settings!$B$30,"Up","Down") -> Up | W610: =IF(OR(E610>Settings!$B$30,Q610>Settings!$B$37),0,1) -> 1 | X610: =IF(AND(W610=1,Q610<=Settings!$B$36),1,0) -> 1
A611: 6 | B611: 6 | C611: =Arrivals!F611 -> 363.27707 | D611: =Arrivals!K611 -> 300 | E611: =D611*8/Settings!$B$28+Settings!$B$29 -> 24.02 | F611: =C611 -> 363.27707 | G611: =K610 -> 389.32079 | H611: =MAX(F611,G611) -> 389.32079 | I611: =MOD(H611-Settings!$B$32,Settings!$B$33) -> 389.32079 | J611: =IF(I611<Settings!$B$30,IF(Settings!$B$30-I611>=E611,H611,H611+(Settings!$B$30-I611)+Settings!$B$31),H611+(Settings!$B$33-I611)) -> 389.32079 | K611: =J611+E611 -> 413.34079 | L611: =K611 -> 413.34079 | M611: =P610 -> 401.10643 | N611: =MAX(L611,M611) -> 413.34079 | O611: =Arrivals!I611 -> 0.71134972 | P611: =N611+O611 -> 414.05214 | Q611: =P611-C611 -> 50.775069 | R611: =H611-F611 -> 26.043719 | S611: =J611-H611 -> 0 | T611: =N611-L611 -> 0 | U611: =R611+S611+T611 -> 26.043719 | V611: =IF(MOD(C611-Settings!$B$32,Settings!$B$33)<Settings!$B$30,"Up","Down") -> Up | W611: =IF(OR(E611>Settings!$B$30,Q611>Settings!$B$37),0,1) -> 1 | X611: =IF(AND(W611=1,Q611<=Settings!$B$36),1,0) -> 1
A612: 6 | B612: 7 | C612: =Arrivals!F612 -> 567.07751 | D612: =Arrivals!K612 -> 300 | E612: =D612*8/Settings!$B$28+Settings!$B$29 -> 24.02 | F612: =C612 -> 567.07751 | G612: =K611 -> 413.34079 | H612: =MAX(F612,G612) -> 567.07751 | I612: =MOD(H612-Settings!$B$32,Settings!$B$33) -> 567.07751 | J612: =IF(I612<Settings!$B$30,IF(Settings!$B$30-I612>=E612,H612,H612+(Settings!$B$30-I612)+Settings!$B$31),H612+(Settings!$B$33-I612)) -> 567.07751 | K612: =J612+E612 -> 591.09751 | L612: =K612 -> 591.09751 | M612: =P611 -> 414.05214 | N612: =MAX(L612,M612) -> 591.09751 | O612: =Arrivals!I612 -> 1.0026003 | P612: =N612+O612 -> 592.10011 | Q612: =P612-C612 -> 25.0226 | R612: =H612-F612 -> 0 | S612: =J612-H612 -> 0 | T612: =N612-L612 -> 0 | U612: =R612+S612+T612 -> 0 | V612: =IF(MOD(C612-Settings!$B$32,Settings!$B$33)<Settings!$B$30,"Up","Down") -> Up | W612: =IF(OR(E612>Settings!$B$30,Q612>Settings!$B$37),0,1) -> 1 | X612: =IF(AND(W612=1,Q612<=Settings!$B$36),1,0) -> 1
A613: 6 | B613: 8 | C613: =Arrivals!F613 -> 582.50816 | D613: =Arrivals!K613 -> 300 | E613: =D613*8/Settings!$B$28+Settings!$B$29 -> 24.02 | F613: =C613 -> 582.50816 | G613: =K612 -> 591.09751 | H613: =MAX(F613,G613) -> 591.09751 | I613: =MOD(H613-Settings!$B$32,Settings!$B$33) -> 591.09751 | J613: =IF(I613<Settings!$B$30,IF(Settings!$B$30-I613>=E613,H613,H613+(Settings!$B$30-I613)+Settings!$B$31),H613+(Settings!$B$33-I613)) -> 720 | K613: =J613+E613 -> 744.02 | L613: =K613 -> 744.02 | M613: =P612 -> 592.10011 | N613: =MAX(L613,M613) -> 744.02 | O613: =Arrivals!I613 -> 0.89964939 | P613: =N613+O613 -> 744.91965 | Q613: =P613-C613 -> 162.41149 | R613: =H613-F613 -> 8.5893497 | S613: =J613-H613 -> 128.90249 | T613: =N613-L613 -> 0 | U613: =R613+S613+T613 -> 137.49184 | V613: =IF(MOD(C613-Settings!$B$32,Settings!$B$33)<Settings!$B$30,"Up","Down") -> Up | W613: =IF(OR(E613>Settings!$B$30,Q613>Settings!$B$37),0,1) -> 1 | X613: =IF(AND(W613=1,Q613<=Settings!$B$36),1,0) -> 0
A614: 6 | B614: 9 | C614: =Arrivals!F614 -> 604.54934 | D614: =Arrivals!K614 -> 300 | E614: =D614*8/Settings!$B$28+Settings!$B$29 -> 24.02 | F614: =C614 -> 604.54934 | G614: =K613 -> 744.02 | H614: =MAX(F614,G614) -> 744.02 | I614: =MOD(H614-Settings!$B$32,Settings!$B$33) -> 24.02 | J614: =IF(I614<Settings!$B$30,IF(Settings!$B$30-I614>=E614,H614,H614+(Settings!$B$30-I614)+Settings!$B$31),H614+(Settings!$B$33-I614)) -> 744.02 | K614: =J614+E614 -> 768.04 | L614: =K614 -> 768.04 | M614: =P613 -> 744.91965 | N614: =MAX(L614,M614) -> 768.04 | O614: =Arrivals!I614 -> 0.70457963 | P614: =N614+O614 -> 768.74458 | Q614: =P614-C614 -> 164.19524 | R614: =H614-F614 -> 139.47066 | S614: =J614-H614 -> 0 | T614: =N614-L614 -> 0 | U614: =R614+S614+T614 -> 139.47066 | V614: =IF(MOD(C614-Settings!$B$32,Settings!$B$33)<Settings!$B$30,"Up","Down") -> Down | W614: =IF(OR(E614>Settings!$B$30,Q614>Settings!$B$37),0,1) -> 1 | X614: =IF(AND(W614=1,Q614<=Settings!$B$36),1,0) -> 0
A615: 6 | B615: 10 | C615: =Arrivals!F615 -> 608.18685 | D615: =Arrivals!K615 -> 300 | E615: =D615*8/Settings!$B$28+Settings!$B$29 -> 24.02 | F615: =C615 -> 608.18685 | G615: =K614 -> 768.04 | H615: =MAX(F615,G615) -> 768.04 | I615: =MOD(H615-Settings!$B$32,Settings!$B$33) -> 48.04 | J615: =IF(I615<Settings!$B$30,IF(Settings!$B$30-I615>=E615,H615,H615+(Settings!$B$30-I615)+Settings!$B$31),H615+(Settings!$B$33-I615)) -> 768.04 | K615: =J615+E615 -> 792.06 | L615: =K615 -> 792.06 | M615: =P614 -> 768.74458 | N615: =MAX(L615,M615) -> 792.06 | O615: =Arrivals!I615 -> 1.976031 | P615: =N615+O615 -> 794.03603 | Q615: =P615-C615 -> 185.84918 | R615: =H615-F615 -> 159.85315 | S615: =J615-H615 -> 0 | T615: =N615-L615 -> 0 | U615: =R615+S615+T615 -> 159.85315 | V615: =IF(MOD(C615-Settings!$B$32,Settings!$B$33)<Settings!$B$30,"Up","Down") -> Down | W615: =IF(OR(E615>Settings!$B$30,Q615>Settings!$B$37),0,1) -> 1 | X615: =IF(AND(W615=1,Q615<=Settings!$B$36),1,0) -> 0
A616: 6 | B616: 11 | C616: =Arrivals!F616 -> 671.93324 | D616: =Arrivals!K616 -> 300 | E616: =D616*8/Settings!$B$28+Settings!$B$29 -> 24.02 | F616: =C616 -> 671.93324 | G616: =K615 -> 792.06 | H616: =MAX(F616,G616) -> 792.06 | I616: =MOD(H616-Settings!$B$32,Settings!$B$33) -> 72.06 | J616: =IF(I616<Settings!$B$30,IF(Settings!$B$30-I616>=E616,H616,H616+(Settings!$B$30-I616)+Settings!$B$31),H616+(Settings!$B$33-I616)) -> 792.06 | K616: =J616+E616 -> 816.08 | L616: =K616 -> 816.08 | M616: =P615 -> 794.03603 | N616: =MAX(L616,M616) -> 816.08 | O616: =Arrivals!I616 -> 5.8993437 | P616: =N616+O616 -> 821.97934 | Q616: =P616-C616 -> 150.04611 | R616: =H616-F616 -> 120.12676 | S616: =J616-H616 -> 0 | T616: =N616-L616 -> 0 | U616: =R616+S616+T616 -> 120.12676 | V616: =IF(MOD(C616-Settings!$B$32,Settings!$B$33)<Settings!$B$30,"Up","Down") -> Down | W616: =IF(OR(E616>Settings!$B$30,Q616>Settings!$B$37),0,1) -> 1 | X616: =IF(AND(W616=1,Q616<=Settings!$B$36),1,0) -> 0
A617: 6 | B617: 12 | C617: =Arrivals!F617 -> 693.90684 | D617: =Arrivals!K617 -> 300 | E617: =D617*8/Settings!$B$28+Settings!$B$29 -> 24.02 | F617: =C617 -> 693.90684 | G617: =K616 -> 816.08 | H617: =MAX(F617,G617) -> 816.08 | I617: =MOD(H617-Settings!$B$32,Settings!$B$33) -> 96.08 | J617: =IF(I617<Settings!$B$30,IF(Settings!$B$30-I617>=E617,H617,H617+(Settings!$B$30-I617)+Settings!$B$31),H617+(Settings!$B$33-I617)) -> 816.08 | K617: =J617+E617 -> 840.1 | L617: =K617 -> 840.1 | M617: =P616 -> 821.97934 | N617: =MAX(L617,M617) -> 840.1 | O617: =Arrivals!I617 -> 1.3420056 | P617: =N617+O617 -> 841.44201 | Q617: =P617-C617 -> 147.53517 | R617: =H617-F617 -> 122.17316 | S617: =J617-H617 -> 0 | T617: =N617-L617 -> 0 | U617: =R617+S617+T617 -> 122.17316 | V617: =IF(MOD(C617-Settings!$B$32,Settings!$B$33)<Settings!$B$30,"Up","Down") -> Down | W617: =IF(OR(E617>Settings!$B$30,Q617>Settings!$B$37),0,1) -> 1 | X617: =IF(AND(W617=1,Q617<=Settings!$B$36),1,0) -> 0
A618: 6 | B618: 13 | C618: =Arrivals!F618 -> 863.44147 | D618: =Arrivals!K618 -> 300 | E618: =D618*8/Settings!$B$28+Settings!$B$29 -> 24.02 | F618: =C618 -> 863.44147 | G618: =K617 -> 840.1 | H618: =MAX(F618,G618) -> 863.44147 | I618: =MOD(H618-Settings!$B$32,Settings!$B$33) -> 143.44147 | J618: =IF(I618<Settings!$B$30,IF(Settings!$B$30-I618>=E618,H618,H618+(Settings!$B$30-I618)+Settings!$B$31),H618+(Settings!$B$33-I618)) -> 863.44147 | K618: =J618+E618 -> 887.46147 | L618: =K618 -> 887.46147 | M618: =P617 -> 841.44201 | N618: =MAX(L618,M618) -> 887.46147 | O618: =Arrivals!I618 -> 1.6581676 | P618: =N618+O618 -> 889.11964 | Q618: =P618-C618 -> 25.678168 | R618: =H618-F618 -> 0 | S618: =J618-H618 -> 0 | T618: =N618-L618 -> 0 | U618: =R618+S618+T618 -> 0 | V618: =IF(MOD(C618-Settings!$B$32,Settings!$B$33)<Settings!$B$30,"Up","Down") -> Up | W618: =IF(OR(E618>Settings!$B$30,Q618>Settings!$B$37),0,1) -> 1 | X618: =IF(AND(W618=1,Q618<=Settings!$B$36),1,0) -> 1
... A725: 6 | B725: 120 | C725: =Arrivals!F725 -> 6835.3485 | D725: =Arrivals!K725 -> 300 | E725: =D725*8/Settings!$B$28+Settings!$B$29 -> 24.02 | F725: =C725 -> 6835.3485 | G725: =K724 -> 6838.1564 | H725: =MAX(F725,G725) -> 6838.1564 | I725: =MOD(H725-Settings!$B$32,Settings!$B$33) -> 358.15643 | J725: =IF(I725<Settings!$B$30,IF(Settings!$B$30-I725>=E725,H725,H725+(Settings!$B$30-I725)+Settings!$B$31),H725+(Settings!$B$33-I725)) -> 6838.1564 | K725: =J725+E725 -> 6862.1764 | L725: =K725 -> 6862.1764 | M725: =P724 -> 6853.8121 | N725: =MAX(L725,M725) -> 6862.1764 | O725: =Arrivals!I725 -> 2.7497455 | P725: =N725+O725 -> 6864.9262 | Q725: =P725-C725 -> 29.57771 | R725: =H725-F725 -> 2.8079642 | S725: =J725-H725 -> 0 | T725: =N725-L725 -> 0 | U725: =R725+S725+T725 -> 2.8079642 | V725: =IF(MOD(C725-Settings!$B$32,Settings!$B$33)<Settings!$B$30,"Up","Down") -> Up | W725: =IF(OR(E725>Settings!$B$30,Q725>Settings!$B$37),0,1) -> 1 | X725: =IF(AND(W725=1,Q725<=Settings!$B$36),1,0) -> 1
A726: 7 | B726: 1 | C726: =Arrivals!F726 -> 113.26936 | D726: =Arrivals!K726 -> 300 | E726: =D726*8/Settings!$B$28+Settings!$B$29 -> 24.02 | F726: =C726 -> 113.26936 | G726: 0 | H726: =MAX(F726,G726) -> 113.26936 | I726: =MOD(H726-Settings!$B$32,Settings!$B$33) -> 113.26936 | J726: =IF(I726<Settings!$B$30,IF(Settings!$B$30-I726>=E726,H726,H726+(Settings!$B$30-I726)+Settings!$B$31),H726+(Settings!$B$33-I726)) -> 113.26936 | K726: =J726+E726 -> 137.28936 | L726: =K726 -> 137.28936 | M726: 0 | N726: =MAX(L726,M726) -> 137.28936 | O726: =Arrivals!I726 -> 2.9365368 | P726: =N726+O726 -> 140.22589 | Q726: =P726-C726 -> 26.956537 | R726: =H726-F726 -> 0 | S726: =J726-H726 -> 0 | T726: =N726-L726 -> 0 | U726: =R726+S726+T726 -> 0 | V726: =IF(MOD(C726-Settings!$B$32,Settings!$B$33)<Settings!$B$30,"Up","Down") -> Up | W726: =IF(OR(E726>Settings!$B$30,Q726>Settings!$B$37),0,1) -> 1 | X726: =IF(AND(W726=1,Q726<=Settings!$B$36),1,0) -> 1
A727: 7 | B727: 2 | C727: =Arrivals!F727 -> 144.06791 | D727: =Arrivals!K727 -> 300 | E727: =D727*8/Settings!$B$28+Settings!$B$29 -> 24.02 | F727: =C727 -> 144.06791 | G727: =K726 -> 137.28936 | H727: =MAX(F727,G727) -> 144.06791 | I727: =MOD(H727-Settings!$B$32,Settings!$B$33) -> 144.06791 | J727: =IF(I727<Settings!$B$30,IF(Settings!$B$30-I727>=E727,H727,H727+(Settings!$B$30-I727)+Settings!$B$31),H727+(Settings!$B$33-I727)) -> 144.06791 | K727: =J727+E727 -> 168.08791 | L727: =K727 -> 168.08791 | M727: =P726 -> 140.22589 | N727: =MAX(L727,M727) -> 168.08791 | O727: =Arrivals!I727 -> 14.202495 | P727: =N727+O727 -> 182.29041 | Q727: =P727-C727 -> 38.222495 | R727: =H727-F727 -> 0 | S727: =J727-H727 -> 0 | T727: =N727-L727 -> 0 | U727: =R727+S727+T727 -> 0 | V727: =IF(MOD(C727-Settings!$B$32,Settings!$B$33)<Settings!$B$30,"Up","Down") -> Up | W727: =IF(OR(E727>Settings!$B$30,Q727>Settings!$B$37),0,1) -> 1 | X727: =IF(AND(W727=1,Q727<=Settings!$B$36),1,0) -> 1
A728: 7 | B728: 3 | C728: =Arrivals!F728 -> 245.32555 | D728: =Arrivals!K728 -> 300 | E728: =D728*8/Settings!$B$28+Settings!$B$29 -> 24.02 | F728: =C728 -> 245.32555 | G728: =K727 -> 168.08791 | H728: =MAX(F728,G728) -> 245.32555 | I728: =MOD(H728-Settings!$B$32,Settings!$B$33) -> 245.32555 | J728: =IF(I728<Settings!$B$30,IF(Settings!$B$30-I728>=E728,H728,H728+(Settings!$B$30-I728)+Settings!$B$31),H728+(Settings!$B$33-I728)) -> 245.32555 | K728: =J728+E728 -> 269.34555 | L728: =K728 -> 269.34555 | M728: =P727 -> 182.29041 | N728: =MAX(L728,M728) -> 269.34555 | O728: =Arrivals!I728 -> 2.9865098 | P728: =N728+O728 -> 272.33206 | Q728: =P728-C728 -> 27.00651 | R728: =H728-F728 -> 0 | S728: =J728-H728 -> 0 | T728: =N728-L728 -> 0 | U728: =R728+S728+T728 -> 0 | V728: =IF(MOD(C728-Settings!$B$32,Settings!$B$33)<Settings!$B$30,"Up","Down") -> Up | W728: =IF(OR(E728>Settings!$B$30,Q728>Settings!$B$37),0,1) -> 1 | X728: =IF(AND(W728=1,Q728<=Settings!$B$36),1,0) -> 1
A729: 7 | B729: 4 | C729: =Arrivals!F729 -> 277.30961 | D729: =Arrivals!K729 -> 300 | E729: =D729*8/Settings!$B$28+Settings!$B$29 -> 24.02 | F729: =C729 -> 277.30961 | G729: =K728 -> 269.34555 | H729: =MAX(F729,G729) -> 277.30961 | I729: =MOD(H729-Settings!$B$32,Settings!$B$33) -> 277.30961 | J729: =IF(I729<Settings!$B$30,IF(Settings!$B$30-I729>=E729,H729,H729+(Settings!$B$30-I729)+Settings!$B$31),H729+(Settings!$B$33-I729)) -> 277.30961 | K729: =J729+E729 -> 301.32961 | L729: =K729 -> 301.32961 | M729: =P728 -> 272.33206 | N729: =MAX(L729,M729) -> 301.32961 | O729: =Arrivals!I729 -> 0.48984731 | P729: =N729+O729 -> 301.81946 | Q729: =P729-C729 -> 24.509847 | R729: =H729-F729 -> 0 | S729: =J729-H729 -> 0 | T729: =N729-L729 -> 0 | U729: =R729+S729+T729 -> 0 | V729: =IF(MOD(C729-Settings!$B$32,Settings!$B$33)<Settings!$B$30,"Up","Down") -> Up | W729: =IF(OR(E729>Settings!$B$30,Q729>Settings!$B$37),0,1) -> 1 | X729: =IF(AND(W729=1,Q729<=Settings!$B$36),1,0) -> 1
A730: 7 | B730: 5 | C730: =Arrivals!F730 -> 335.01707 | D730: =Arrivals!K730 -> 300 | E730: =D730*8/Settings!$B$28+Settings!$B$29 -> 24.02 | F730: =C730 -> 335.01707 | G730: =K729 -> 301.32961 | H730: =MAX(F730,G730) -> 335.01707 | I730: =MOD(H730-Settings!$B$32,Settings!$B$33) -> 335.01707 | J730: =IF(I730<Settings!$B$30,IF(Settings!$B$30-I730>=E730,H730,H730+(Settings!$B$30-I730)+Settings!$B$31),H730+(Settings!$B$33-I730)) -> 335.01707 | K730: =J730+E730 -> 359.03707 | L730: =K730 -> 359.03707 | M730: =P729 -> 301.81946 | N730: =MAX(L730,M730) -> 359.03707 | O730: =Arrivals!I730 -> 0.79494854 | P730: =N730+O730 -> 359.83202 | Q730: =P730-C730 -> 24.814949 | R730: =H730-F730 -> 0 | S730: =J730-H730 -> 0 | T730: =N730-L730 -> 0 | U730: =R730+S730+T730 -> 0 | V730: =IF(MOD(C730-Settings!$B$32,Settings!$B$33)<Settings!$B$30,"Up","Down") -> Up | W730: =IF(OR(E730>Settings!$B$30,Q730>Settings!$B$37),0,1) -> 1 | X730: =IF(AND(W730=1,Q730<=Settings!$B$36),1,0) -> 1
A731: 7 | B731: 6 | C731: =Arrivals!F731 -> 351.05381 | D731: =Arrivals!K731 -> 300 | E731: =D731*8/Settings!$B$28+Settings!$B$29 -> 24.02 | F731: =C731 -> 351.05381 | G731: =K730 -> 359.03707 | H731: =MAX(F731,G731) -> 359.03707 | I731: =MOD(H731-Settings!$B$32,Settings!$B$33) -> 359.03707 | J731: =IF(I731<Settings!$B$30,IF(Settings!$B$30-I731>=E731,H731,H731+(Settings!$B$30-I731)+Settings!$B$31),H731+(Settings!$B$33-I731)) -> 359.03707 | K731: =J731+E731 -> 383.05707 | L731: =K731 -> 383.05707 | M731: =P730 -> 359.83202 | N731: =MAX(L731,M731) -> 383.05707 | O731: =Arrivals!I731 -> 0.91129382 | P731: =N731+O731 -> 383.96837 | Q731: =P731-C731 -> 32.914557 | R731: =H731-F731 -> 7.983263 | S731: =J731-H731 -> 0 | T731: =N731-L731 -> 0 | U731: =R731+S731+T731 -> 7.983263 | V731: =IF(MOD(C731-Settings!$B$32,Settings!$B$33)<Settings!$B$30,"Up","Down") -> Up | W731: =IF(OR(E731>Settings!$B$30,Q731>Settings!$B$37),0,1) -> 1 | X731: =IF(AND(W731=1,Q731<=Settings!$B$36),1,0) -> 1
A732: 7 | B732: 7 | C732: =Arrivals!F732 -> 504.03921 | D732: =Arrivals!K732 -> 300 | E732: =D732*8/Settings!$B$28+Settings!$B$29 -> 24.02 | F732: =C732 -> 504.03921 | G732: =K731 -> 383.05707 | H732: =MAX(F732,G732) -> 504.03921 | I732: =MOD(H732-Settings!$B$32,Settings!$B$33) -> 504.03921 | J732: =IF(I732<Settings!$B$30,IF(Settings!$B$30-I732>=E732,H732,H732+(Settings!$B$30-I732)+Settings!$B$31),H732+(Settings!$B$33-I732)) -> 504.03921 | K732: =J732+E732 -> 528.05921 | L732: =K732 -> 528.05921 | M732: =P731 -> 383.96837 | N732: =MAX(L732,M732) -> 528.05921 | O732: =Arrivals!I732 -> 0.77962944 | P732: =N732+O732 -> 528.83884 | Q732: =P732-C732 -> 24.799629 | R732: =H732-F732 -> 0 | S732: =J732-H732 -> 0 | T732: =N732-L732 -> 0 | U732: =R732+S732+T732 -> 0 | V732: =IF(MOD(C732-Settings!$B$32,Settings!$B$33)<Settings!$B$30,"Up","Down") -> Up | W732: =IF(OR(E732>Settings!$B$30,Q732>Settings!$B$37),0,1) -> 1 | X732: =IF(AND(W732=1,Q732<=Settings!$B$36),1,0) -> 1
A733: 7 | B733: 8 | C733: =Arrivals!F733 -> 531.00914 | D733: =Arrivals!K733 -> 300 | E733: =D733*8/Settings!$B$28+Settings!$B$29 -> 24.02 | F733: =C733 -> 531.00914 | G733: =K732 -> 528.05921 | H733: =MAX(F733,G733) -> 531.00914 | I733: =MOD(H733-Settings!$B$32,Settings!$B$33) -> 531.00914 | J733: =IF(I733<Settings!$B$30,IF(Settings!$B$30-I733>=E733,H733,H733+(Settings!$B$30-I733)+Settings!$B$31),H733+(Settings!$B$33-I733)) -> 531.00914 | K733: =J733+E733 -> 555.02914 | L733: =K733 -> 555.02914 | M733: =P732 -> 528.83884 | N733: =MAX(L733,M733) -> 555.02914 | O733: =Arrivals!I733 -> 1.642093 | P733: =N733+O733 -> 556.67123 | Q733: =P733-C733 -> 25.662093 | R733: =H733-F733 -> 0 | S733: =J733-H733 -> 0 | T733: =N733-L733 -> 0 | U733: =R733+S733+T733 -> 0 | V733: =IF(MOD(C733-Settings!$B$32,Settings!$B$33)<Settings!$B$30,"Up","Down") -> Up | W733: =IF(OR(E733>Settings!$B$30,Q733>Settings!$B$37),0,1) -> 1 | X733: =IF(AND(W733=1,Q733<=Settings!$B$36),1,0) -> 1
A734: 7 | B734: 9 | C734: =Arrivals!F734 -> 531.67456 | D734: =Arrivals!K734 -> 300 | E734: =D734*8/Settings!$B$28+Settings!$B$29 -> 24.02 | F734: =C734 -> 531.67456 | G734: =K733 -> 555.02914 | H734: =MAX(F734,G734) -> 555.02914 | I734: =MOD(H734-Settings!$B$32,Settings!$B$33) -> 555.02914 | J734: =IF(I734<Settings!$B$30,IF(Settings!$B$30-I734>=E734,H734,H734+(Settings!$B$30-I734)+Settings!$B$31),H734+(Settings!$B$33-I734)) -> 555.02914 | K734: =J734+E734 -> 579.04914 | L734: =K734 -> 579.04914 | M734: =P733 -> 556.67123 | N734: =MAX(L734,M734) -> 579.04914 | O734: =Arrivals!I734 -> 8.0128177 | P734: =N734+O734 -> 587.06195 | Q734: =P734-C734 -> 55.387396 | R734: =H734-F734 -> 23.354578 | S734: =J734-H734 -> 0 | T734: =N734-L734 -> 0 | U734: =R734+S734+T734 -> 23.354578 | V734: =IF(MOD(C734-Settings!$B$32,Settings!$B$33)<Settings!$B$30,"Up","Down") -> Up | W734: =IF(OR(E734>Settings!$B$30,Q734>Settings!$B$37),0,1) -> 1 | X734: =IF(AND(W734=1,Q734<=Settings!$B$36),1,0) -> 1
A735: 7 | B735: 10 | C735: =Arrivals!F735 -> 559.01013 | D735: =Arrivals!K735 -> 300 | E735: =D735*8/Settings!$B$28+Settings!$B$29 -> 24.02 | F735: =C735 -> 559.01013 | G735: =K734 -> 579.04914 | H735: =MAX(F735,G735) -> 579.04914 | I735: =MOD(H735-Settings!$B$32,Settings!$B$33) -> 579.04914 | J735: =IF(I735<Settings!$B$30,IF(Settings!$B$30-I735>=E735,H735,H735+(Settings!$B$30-I735)+Settings!$B$31),H735+(Settings!$B$33-I735)) -> 720 | K735: =J735+E735 -> 744.02 | L735: =K735 -> 744.02 | M735: =P734 -> 587.06195 | N735: =MAX(L735,M735) -> 744.02 | O735: =Arrivals!I735 -> 4.7751397 | P735: =N735+O735 -> 748.79514 | Q735: =P735-C735 -> 189.78501 | R735: =H735-F735 -> 20.03901 | S735: =J735-H735 -> 140.95086 | T735: =N735-L735 -> 0 | U735: =R735+S735+T735 -> 160.98987 | V735: =IF(MOD(C735-Settings!$B$32,Settings!$B$33)<Settings!$B$30,"Up","Down") -> Up | W735: =IF(OR(E735>Settings!$B$30,Q735>Settings!$B$37),0,1) -> 1 | X735: =IF(AND(W735=1,Q735<=Settings!$B$36),1,0) -> 0
A736: 7 | B736: 11 | C736: =Arrivals!F736 -> 568.92461 | D736: =Arrivals!K736 -> 300 | E736: =D736*8/Settings!$B$28+Settings!$B$29 -> 24.02 | F736: =C736 -> 568.92461 | G736: =K735 -> 744.02 | H736: =MAX(F736,G736) -> 744.02 | I736: =MOD(H736-Settings!$B$32,Settings!$B$33) -> 24.02 | J736: =IF(I736<Settings!$B$30,IF(Settings!$B$30-I736>=E736,H736,H736+(Settings!$B$30-I736)+Settings!$B$31),H736+(Settings!$B$33-I736)) -> 744.02 | K736: =J736+E736 -> 768.04 | L736: =K736 -> 768.04 | M736: =P735 -> 748.79514 | N736: =MAX(L736,M736) -> 768.04 | O736: =Arrivals!I736 -> 1.2539487 | P736: =N736+O736 -> 769.29395 | Q736: =P736-C736 -> 200.36934 | R736: =H736-F736 -> 175.09539 | S736: =J736-H736 -> 0 | T736: =N736-L736 -> 0 | U736: =R736+S736+T736 -> 175.09539 | V736: =IF(MOD(C736-Settings!$B$32,Settings!$B$33)<Settings!$B$30,"Up","Down") -> Up | W736: =IF(OR(E736>Settings!$B$30,Q736>Settings!$B$37),0,1) -> 1 | X736: =IF(AND(W736=1,Q736<=Settings!$B$36),1,0) -> 0
A737: 7 | B737: 12 | C737: =Arrivals!F737 -> 701.51531 | D737: =Arrivals!K737 -> 300 | E737: =D737*8/Settings!$B$28+Settings!$B$29 -> 24.02 | F737: =C737 -> 701.51531 | G737: =K736 -> 768.04 | H737: =MAX(F737,G737) -> 768.04 | I737: =MOD(H737-Settings!$B$32,Settings!$B$33) -> 48.04 | J737: =IF(I737<Settings!$B$30,IF(Settings!$B$30-I737>=E737,H737,H737+(Settings!$B$30-I737)+Settings!$B$31),H737+(Settings!$B$33-I737)) -> 768.04 | K737: =J737+E737 -> 792.06 | L737: =K737 -> 792.06 | M737: =P736 -> 769.29395 | N737: =MAX(L737,M737) -> 792.06 | O737: =Arrivals!I737 -> 8.119511 | P737: =N737+O737 -> 800.17951 | Q737: =P737-C737 -> 98.664201 | R737: =H737-F737 -> 66.52469 | S737: =J737-H737 -> 0 | T737: =N737-L737 -> 0 | U737: =R737+S737+T737 -> 66.52469 | V737: =IF(MOD(C737-Settings!$B$32,Settings!$B$33)<Settings!$B$30,"Up","Down") -> Down | W737: =IF(OR(E737>Settings!$B$30,Q737>Settings!$B$37),0,1) -> 1 | X737: =IF(AND(W737=1,Q737<=Settings!$B$36),1,0) -> 1
A738: 7 | B738: 13 | C738: =Arrivals!F738 -> 923.76575 | D738: =Arrivals!K738 -> 300 | E738: =D738*8/Settings!$B$28+Settings!$B$29 -> 24.02 | F738: =C738 -> 923.76575 | G738: =K737 -> 792.06 | H738: =MAX(F738,G738) -> 923.76575 | I738: =MOD(H738-Settings!$B$32,Settings!$B$33) -> 203.76575 | J738: =IF(I738<Settings!$B$30,IF(Settings!$B$30-I738>=E738,H738,H738+(Settings!$B$30-I738)+Settings!$B$31),H738+(Settings!$B$33-I738)) -> 923.76575 | K738: =J738+E738 -> 947.78575 | L738: =K738 -> 947.78575 | M738: =P737 -> 800.17951 | N738: =MAX(L738,M738) -> 947.78575 | O738: =Arrivals!I738 -> 1.8736902 | P738: =N738+O738 -> 949.65944 | Q738: =P738-C738 -> 25.89369 | R738: =H738-F738 -> 0 | S738: =J738-H738 -> 0 | T738: =N738-L738 -> 0 | U738: =R738+S738+T738 -> 0 | V738: =IF(MOD(C738-Settings!$B$32,Settings!$B$33)<Settings!$B$30,"Up","Down") -> Up | W738: =IF(OR(E738>Settings!$B$30,Q738>Settings!$B$37),0,1) -> 1 | X738: =IF(AND(W738=1,Q738<=Settings!$B$36),1,0) -> 1
... A845: 7 | B845: 120 | C845: =Arrivals!F845 -> 7259.7952 | D845: =Arrivals!K845 -> 300 | E845: =D845*8/Settings!$B$28+Settings!$B$29 -> 24.02 | F845: =C845 -> 7259.7952 | G845: =K844 -> 7224.02 | H845: =MAX(F845,G845) -> 7259.7952 | I845: =MOD(H845-Settings!$B$32,Settings!$B$33) -> 59.795234 | J845: =IF(I845<Settings!$B$30,IF(Settings!$B$30-I845>=E845,H845,H845+(Settings!$B$30-I845)+Settings!$B$31),H845+(Settings!$B$33-I845)) -> 7259.7952 | K845: =J845+E845 -> 7283.8152 | L845: =K845 -> 7283.8152 | M845: =P844 -> 7225.2792 | N845: =MAX(L845,M845) -> 7283.8152 | O845: =Arrivals!I845 -> 0.28974324 | P845: =N845+O845 -> 7284.105 | Q845: =P845-C845 -> 24.309743 | R845: =H845-F845 -> 0 | S845: =J845-H845 -> 0 | T845: =N845-L845 -> 0 | U845: =R845+S845+T845 -> 0 | V845: =IF(MOD(C845-Settings!$B$32,Settings!$B$33)<Settings!$B$30,"Up","Down") -> Up | W845: =IF(OR(E845>Settings!$B$30,Q845>Settings!$B$37),0,1) -> 1 | X845: =IF(AND(W845=1,Q845<=Settings!$B$36),1,0) -> 1
...

Sheet Edge_Run
A1: Edge_Run - arrive > onboard processing > wait for link > downlink reduced volume > delivered
A5: Rep | B5: Entity | C5: Arrival (s) | D5: Onboard proc time (s) | E5: Processor free at (s) | F5: Processor start (s) | G5: Processor done (s) | H5: Volume after filtering (MB) | I5: Transmit time (s) | J5: Link free at (s) | K5: Earliest link start (s) | L5: Cycle phase (s) | M5: Link start (s) | N5: Delivered (s) | O5: End-to-end latency (s) | P5: Wait for processor (s) | Q5: Wait in link queue (s) | R5: Wait for link recovery (s) | S5: Total queueing delay (s) | T5: Link state at arrival | U5: Delivered flag | V5: Within deadline
A6: 1 | B6: 1 | C6: =Arrivals!F6 -> 135.54689 | D6: =Arrivals!J6 -> 10.045248 | E6: 0 | F6: =MAX(C6,E6) -> 135.54689 | G6: =F6+D6 -> 145.59214 | H6: =Arrivals!L6 -> 75 | I6: =H6*8/Settings!$B$28+Settings!$B$29 -> 6.02 | J6: 0 | K6: =MAX(G6,J6) -> 145.59214 | L6: =MOD(K6-Settings!$B$32,Settings!$B$33) -> 145.59214 | M6: =IF(L6<Settings!$B$30,IF(Settings!$B$30-L6>=I6,K6,K6+(Settings!$B$30-L6)+Settings!$B$31),K6+(Settings!$B$33-L6)) -> 145.59214 | N6: =M6+I6 -> 151.61214 | O6: =N6-C6 -> 16.065248 | P6: =F6-C6 -> 0 | Q6: =K6-G6 -> 0 | R6: =M6-K6 -> 0 | S6: =P6+Q6+R6 -> 0 | T6: =IF(MOD(C6-Settings!$B$32,Settings!$B$33)<Settings!$B$30,"Up","Down") -> Up | U6: =IF(OR(I6>Settings!$B$30,O6>Settings!$B$37),0,1) -> 1 | V6: =IF(AND(U6=1,O6<=Settings!$B$36),1,0) -> 1
A7: 1 | B7: 2 | C7: =Arrivals!F7 -> 194.91362 | D7: =Arrivals!J7 -> 2.6480912 | E7: =G6 -> 145.59214 | F7: =MAX(C7,E7) -> 194.91362 | G7: =F7+D7 -> 197.56171 | H7: =Arrivals!L7 -> 75 | I7: =H7*8/Settings!$B$28+Settings!$B$29 -> 6.02 | J7: =N6 -> 151.61214 | K7: =MAX(G7,J7) -> 197.56171 | L7: =MOD(K7-Settings!$B$32,Settings!$B$33) -> 197.56171 | M7: =IF(L7<Settings!$B$30,IF(Settings!$B$30-L7>=I7,K7,K7+(Settings!$B$30-L7)+Settings!$B$31),K7+(Settings!$B$33-L7)) -> 197.56171 | N7: =M7+I7 -> 203.58171 | O7: =N7-C7 -> 8.6680912 | P7: =F7-C7 -> 0 | Q7: =K7-G7 -> 0 | R7: =M7-K7 -> 0 | S7: =P7+Q7+R7 -> 0 | T7: =IF(MOD(C7-Settings!$B$32,Settings!$B$33)<Settings!$B$30,"Up","Down") -> Up | U7: =IF(OR(I7>Settings!$B$30,O7>Settings!$B$37),0,1) -> 1 | V7: =IF(AND(U7=1,O7<=Settings!$B$36),1,0) -> 1
A8: 1 | B8: 3 | C8: =Arrivals!F8 -> 230.45478 | D8: =Arrivals!J8 -> 2.0632877 | E8: =G7 -> 197.56171 | F8: =MAX(C8,E8) -> 230.45478 | G8: =F8+D8 -> 232.51807 | H8: =Arrivals!L8 -> 75 | I8: =H8*8/Settings!$B$28+Settings!$B$29 -> 6.02 | J8: =N7 -> 203.58171 | K8: =MAX(G8,J8) -> 232.51807 | L8: =MOD(K8-Settings!$B$32,Settings!$B$33) -> 232.51807 | M8: =IF(L8<Settings!$B$30,IF(Settings!$B$30-L8>=I8,K8,K8+(Settings!$B$30-L8)+Settings!$B$31),K8+(Settings!$B$33-L8)) -> 232.51807 | N8: =M8+I8 -> 238.53807 | O8: =N8-C8 -> 8.0832877 | P8: =F8-C8 -> 0 | Q8: =K8-G8 -> 0 | R8: =M8-K8 -> 0 | S8: =P8+Q8+R8 -> 0 | T8: =IF(MOD(C8-Settings!$B$32,Settings!$B$33)<Settings!$B$30,"Up","Down") -> Up | U8: =IF(OR(I8>Settings!$B$30,O8>Settings!$B$37),0,1) -> 1 | V8: =IF(AND(U8=1,O8<=Settings!$B$36),1,0) -> 1
A9: 1 | B9: 4 | C9: =Arrivals!F9 -> 253.06652 | D9: =Arrivals!J9 -> 0.19418507 | E9: =G8 -> 232.51807 | F9: =MAX(C9,E9) -> 253.06652 | G9: =F9+D9 -> 253.2607 | H9: =Arrivals!L9 -> 75 | I9: =H9*8/Settings!$B$28+Settings!$B$29 -> 6.02 | J9: =N8 -> 238.53807 | K9: =MAX(G9,J9) -> 253.2607 | L9: =MOD(K9-Settings!$B$32,Settings!$B$33) -> 253.2607 | M9: =IF(L9<Settings!$B$30,IF(Settings!$B$30-L9>=I9,K9,K9+(Settings!$B$30-L9)+Settings!$B$31),K9+(Settings!$B$33-L9)) -> 253.2607 | N9: =M9+I9 -> 259.2807 | O9: =N9-C9 -> 6.2141851 | P9: =F9-C9 -> 0 | Q9: =K9-G9 -> 0 | R9: =M9-K9 -> 0 | S9: =P9+Q9+R9 -> 0 | T9: =IF(MOD(C9-Settings!$B$32,Settings!$B$33)<Settings!$B$30,"Up","Down") -> Up | U9: =IF(OR(I9>Settings!$B$30,O9>Settings!$B$37),0,1) -> 1 | V9: =IF(AND(U9=1,O9<=Settings!$B$36),1,0) -> 1
A10: 1 | B10: 5 | C10: =Arrivals!F10 -> 268.06787 | D10: =Arrivals!J10 -> 18.3708 | E10: =G9 -> 253.2607 | F10: =MAX(C10,E10) -> 268.06787 | G10: =F10+D10 -> 286.43867 | H10: =Arrivals!L10 -> 75 | I10: =H10*8/Settings!$B$28+Settings!$B$29 -> 6.02 | J10: =N9 -> 259.2807 | K10: =MAX(G10,J10) -> 286.43867 | L10: =MOD(K10-Settings!$B$32,Settings!$B$33) -> 286.43867 | M10: =IF(L10<Settings!$B$30,IF(Settings!$B$30-L10>=I10,K10,K10+(Settings!$B$30-L10)+Settings!$B$31),K10+(Settings!$B$33-L10)) -> 286.43867 | N10: =M10+I10 -> 292.45867 | O10: =N10-C10 -> 24.3908 | P10: =F10-C10 -> 0 | Q10: =K10-G10 -> 0 | R10: =M10-K10 -> 0 | S10: =P10+Q10+R10 -> 0 | T10: =IF(MOD(C10-Settings!$B$32,Settings!$B$33)<Settings!$B$30,"Up","Down") -> Up | U10: =IF(OR(I10>Settings!$B$30,O10>Settings!$B$37),0,1) -> 1 | V10: =IF(AND(U10=1,O10<=Settings!$B$36),1,0) -> 1
A11: 1 | B11: 6 | C11: =Arrivals!F11 -> 542.36301 | D11: =Arrivals!J11 -> 38.287293 | E11: =G10 -> 286.43867 | F11: =MAX(C11,E11) -> 542.36301 | G11: =F11+D11 -> 580.6503 | H11: =Arrivals!L11 -> 75 | I11: =H11*8/Settings!$B$28+Settings!$B$29 -> 6.02 | J11: =N10 -> 292.45867 | K11: =MAX(G11,J11) -> 580.6503 | L11: =MOD(K11-Settings!$B$32,Settings!$B$33) -> 580.6503 | M11: =IF(L11<Settings!$B$30,IF(Settings!$B$30-L11>=I11,K11,K11+(Settings!$B$30-L11)+Settings!$B$31),K11+(Settings!$B$33-L11)) -> 580.6503 | N11: =M11+I11 -> 586.6703 | O11: =N11-C11 -> 44.307293 | P11: =F11-C11 -> 0 | Q11: =K11-G11 -> 0 | R11: =M11-K11 -> 0 | S11: =P11+Q11+R11 -> 0 | T11: =IF(MOD(C11-Settings!$B$32,Settings!$B$33)<Settings!$B$30,"Up","Down") -> Up | U11: =IF(OR(I11>Settings!$B$30,O11>Settings!$B$37),0,1) -> 1 | V11: =IF(AND(U11=1,O11<=Settings!$B$36),1,0) -> 1
A12: 1 | B12: 7 | C12: =Arrivals!F12 -> 554.9764 | D12: =Arrivals!J12 -> 7.0608285 | E12: =G11 -> 580.6503 | F12: =MAX(C12,E12) -> 580.6503 | G12: =F12+D12 -> 587.71113 | H12: =Arrivals!L12 -> 75 | I12: =H12*8/Settings!$B$28+Settings!$B$29 -> 6.02 | J12: =N11 -> 586.6703 | K12: =MAX(G12,J12) -> 587.71113 | L12: =MOD(K12-Settings!$B$32,Settings!$B$33) -> 587.71113 | M12: =IF(L12<Settings!$B$30,IF(Settings!$B$30-L12>=I12,K12,K12+(Settings!$B$30-L12)+Settings!$B$31),K12+(Settings!$B$33-L12)) -> 587.71113 | N12: =M12+I12 -> 593.73113 | O12: =N12-C12 -> 38.754732 | P12: =F12-C12 -> 25.673904 | Q12: =K12-G12 -> 0 | R12: =M12-K12 -> 0 | S12: =P12+Q12+R12 -> 25.673904 | T12: =IF(MOD(C12-Settings!$B$32,Settings!$B$33)<Settings!$B$30,"Up","Down") -> Up | U12: =IF(OR(I12>Settings!$B$30,O12>Settings!$B$37),0,1) -> 1 | V12: =IF(AND(U12=1,O12<=Settings!$B$36),1,0) -> 1
A13: 1 | B13: 8 | C13: =Arrivals!F13 -> 602.934 | D13: =Arrivals!J13 -> 8.9332384 | E13: =G12 -> 587.71113 | F13: =MAX(C13,E13) -> 602.934 | G13: =F13+D13 -> 611.86723 | H13: =Arrivals!L13 -> 75 | I13: =H13*8/Settings!$B$28+Settings!$B$29 -> 6.02 | J13: =N12 -> 593.73113 | K13: =MAX(G13,J13) -> 611.86723 | L13: =MOD(K13-Settings!$B$32,Settings!$B$33) -> 611.86723 | M13: =IF(L13<Settings!$B$30,IF(Settings!$B$30-L13>=I13,K13,K13+(Settings!$B$30-L13)+Settings!$B$31),K13+(Settings!$B$33-L13)) -> 720 | N13: =M13+I13 -> 726.02 | O13: =N13-C13 -> 123.086 | P13: =F13-C13 -> 0 | Q13: =K13-G13 -> 0 | R13: =M13-K13 -> 108.13277 | S13: =P13+Q13+R13 -> 108.13277 | T13: =IF(MOD(C13-Settings!$B$32,Settings!$B$33)<Settings!$B$30,"Up","Down") -> Down | U13: =IF(OR(I13>Settings!$B$30,O13>Settings!$B$37),0,1) -> 1 | V13: =IF(AND(U13=1,O13<=Settings!$B$36),1,0) -> 0
A14: 1 | B14: 9 | C14: =Arrivals!F14 -> 696.41994 | D14: =Arrivals!J14 -> 12.378154 | E14: =G13 -> 611.86723 | F14: =MAX(C14,E14) -> 696.41994 | G14: =F14+D14 -> 708.7981 | H14: =Arrivals!L14 -> 75 | I14: =H14*8/Settings!$B$28+Settings!$B$29 -> 6.02 | J14: =N13 -> 726.02 | K14: =MAX(G14,J14) -> 726.02 | L14: =MOD(K14-Settings!$B$32,Settings!$B$33) -> 6.02 | M14: =IF(L14<Settings!$B$30,IF(Settings!$B$30-L14>=I14,K14,K14+(Settings!$B$30-L14)+Settings!$B$31),K14+(Settings!$B$33-L14)) -> 726.02 | N14: =M14+I14 -> 732.04 | O14: =N14-C14 -> 35.620056 | P14: =F14-C14 -> 0 | Q14: =K14-G14 -> 17.221902 | R14: =M14-K14 -> 0 | S14: =P14+Q14+R14 -> 17.221902 | T14: =IF(MOD(C14-Settings!$B$32,Settings!$B$33)<Settings!$B$30,"Up","Down") -> Down | U14: =IF(OR(I14>Settings!$B$30,O14>Settings!$B$37),0,1) -> 1 | V14: =IF(AND(U14=1,O14<=Settings!$B$36),1,0) -> 1
A15: 1 | B15: 10 | C15: =Arrivals!F15 -> 740.87248 | D15: =Arrivals!J15 -> 23.114768 | E15: =G14 -> 708.7981 | F15: =MAX(C15,E15) -> 740.87248 | G15: =F15+D15 -> 763.98725 | H15: =Arrivals!L15 -> 75 | I15: =H15*8/Settings!$B$28+Settings!$B$29 -> 6.02 | J15: =N14 -> 732.04 | K15: =MAX(G15,J15) -> 763.98725 | L15: =MOD(K15-Settings!$B$32,Settings!$B$33) -> 43.987249 | M15: =IF(L15<Settings!$B$30,IF(Settings!$B$30-L15>=I15,K15,K15+(Settings!$B$30-L15)+Settings!$B$31),K15+(Settings!$B$33-L15)) -> 763.98725 | N15: =M15+I15 -> 770.00725 | O15: =N15-C15 -> 29.134768 | P15: =F15-C15 -> 0 | Q15: =K15-G15 -> 0 | R15: =M15-K15 -> 0 | S15: =P15+Q15+R15 -> 0 | T15: =IF(MOD(C15-Settings!$B$32,Settings!$B$33)<Settings!$B$30,"Up","Down") -> Up | U15: =IF(OR(I15>Settings!$B$30,O15>Settings!$B$37),0,1) -> 1 | V15: =IF(AND(U15=1,O15<=Settings!$B$36),1,0) -> 1
A16: 1 | B16: 11 | C16: =Arrivals!F16 -> 751.67579 | D16: =Arrivals!J16 -> 3.9682638 | E16: =G15 -> 763.98725 | F16: =MAX(C16,E16) -> 763.98725 | G16: =F16+D16 -> 767.95551 | H16: =Arrivals!L16 -> 75 | I16: =H16*8/Settings!$B$28+Settings!$B$29 -> 6.02 | J16: =N15 -> 770.00725 | K16: =MAX(G16,J16) -> 770.00725 | L16: =MOD(K16-Settings!$B$32,Settings!$B$33) -> 50.007249 | M16: =IF(L16<Settings!$B$30,IF(Settings!$B$30-L16>=I16,K16,K16+(Settings!$B$30-L16)+Settings!$B$31),K16+(Settings!$B$33-L16)) -> 770.00725 | N16: =M16+I16 -> 776.02725 | O16: =N16-C16 -> 24.351456 | P16: =F16-C16 -> 12.311456 | Q16: =K16-G16 -> 2.0517362 | R16: =M16-K16 -> 0 | S16: =P16+Q16+R16 -> 14.363192 | T16: =IF(MOD(C16-Settings!$B$32,Settings!$B$33)<Settings!$B$30,"Up","Down") -> Up | U16: =IF(OR(I16>Settings!$B$30,O16>Settings!$B$37),0,1) -> 1 | V16: =IF(AND(U16=1,O16<=Settings!$B$36),1,0) -> 1
A17: 1 | B17: 12 | C17: =Arrivals!F17 -> 781.18766 | D17: =Arrivals!J17 -> 5.4851593 | E17: =G16 -> 767.95551 | F17: =MAX(C17,E17) -> 781.18766 | G17: =F17+D17 -> 786.67282 | H17: =Arrivals!L17 -> 75 | I17: =H17*8/Settings!$B$28+Settings!$B$29 -> 6.02 | J17: =N16 -> 776.02725 | K17: =MAX(G17,J17) -> 786.67282 | L17: =MOD(K17-Settings!$B$32,Settings!$B$33) -> 66.672819 | M17: =IF(L17<Settings!$B$30,IF(Settings!$B$30-L17>=I17,K17,K17+(Settings!$B$30-L17)+Settings!$B$31),K17+(Settings!$B$33-L17)) -> 786.67282 | N17: =M17+I17 -> 792.69282 | O17: =N17-C17 -> 11.505159 | P17: =F17-C17 -> 0 | Q17: =K17-G17 -> 0 | R17: =M17-K17 -> 0 | S17: =P17+Q17+R17 -> 0 | T17: =IF(MOD(C17-Settings!$B$32,Settings!$B$33)<Settings!$B$30,"Up","Down") -> Up | U17: =IF(OR(I17>Settings!$B$30,O17>Settings!$B$37),0,1) -> 1 | V17: =IF(AND(U17=1,O17<=Settings!$B$36),1,0) -> 1
A18: 1 | B18: 13 | C18: =Arrivals!F18 -> 868.70824 | D18: =Arrivals!J18 -> 2.1795247 | E18: =G17 -> 786.67282 | F18: =MAX(C18,E18) -> 868.70824 | G18: =F18+D18 -> 870.88777 | H18: =Arrivals!L18 -> 75 | I18: =H18*8/Settings!$B$28+Settings!$B$29 -> 6.02 | J18: =N17 -> 792.69282 | K18: =MAX(G18,J18) -> 870.88777 | L18: =MOD(K18-Settings!$B$32,Settings!$B$33) -> 150.88777 | M18: =IF(L18<Settings!$B$30,IF(Settings!$B$30-L18>=I18,K18,K18+(Settings!$B$30-L18)+Settings!$B$31),K18+(Settings!$B$33-L18)) -> 870.88777 | N18: =M18+I18 -> 876.90777 | O18: =N18-C18 -> 8.1995247 | P18: =F18-C18 -> 0 | Q18: =K18-G18 -> 0 | R18: =M18-K18 -> 0 | S18: =P18+Q18+R18 -> 0 | T18: =IF(MOD(C18-Settings!$B$32,Settings!$B$33)<Settings!$B$30,"Up","Down") -> Up | U18: =IF(OR(I18>Settings!$B$30,O18>Settings!$B$37),0,1) -> 1 | V18: =IF(AND(U18=1,O18<=Settings!$B$36),1,0) -> 1
... A125: 1 | B125: 120 | C125: =Arrivals!F125 -> 7339.641 | D125: =Arrivals!J125 -> 12.043307 | E125: =G124 -> 7313.025 | F125: =MAX(C125,E125) -> 7339.641 | G125: =F125+D125 -> 7351.6843 | H125: =Arrivals!L125 -> 75 | I125: =H125*8/Settings!$B$28+Settings!$B$29 -> 6.02 | J125: =N124 -> 7319.045 | K125: =MAX(G125,J125) -> 7351.6843 | L125: =MOD(K125-Settings!$B$32,Settings!$B$33) -> 151.6843 | M125: =IF(L125<Settings!$B$30,IF(Settings!$B$30-L125>=I125,K125,K125+(Settings!$B$30-L125)+Settings!$B$31),K125+(Settings!$B$33-L125)) -> 7351.6843 | N125: =M125+I125 -> 7357.7043 | O125: =N125-C125 -> 18.063307 | P125: =F125-C125 -> 0 | Q125: =K125-G125 -> 0 | R125: =M125-K125 -> 0 | S125: =P125+Q125+R125 -> 0 | T125: =IF(MOD(C125-Settings!$B$32,Settings!$B$33)<Settings!$B$30,"Up","Down") -> Up | U125: =IF(OR(I125>Settings!$B$30,O125>Settings!$B$37),0,1) -> 1 | V125: =IF(AND(U125=1,O125<=Settings!$B$36),1,0) -> 1
A126: 2 | B126: 1 | C126: =Arrivals!F126 -> 131.21131 | D126: =Arrivals!J126 -> 9.8302693 | E126: 0 | F126: =MAX(C126,E126) -> 131.21131 | G126: =F126+D126 -> 141.04158 | H126: =Arrivals!L126 -> 75 | I126: =H126*8/Settings!$B$28+Settings!$B$29 -> 6.02 | J126: 0 | K126: =MAX(G126,J126) -> 141.04158 | L126: =MOD(K126-Settings!$B$32,Settings!$B$33) -> 141.04158 | M126: =IF(L126<Settings!$B$30,IF(Settings!$B$30-L126>=I126,K126,K126+(Settings!$B$30-L126)+Settings!$B$31),K126+(Settings!$B$33-L126)) -> 141.04158 | N126: =M126+I126 -> 147.06158 | O126: =N126-C126 -> 15.850269 | P126: =F126-C126 -> 0 | Q126: =K126-G126 -> 0 | R126: =M126-K126 -> 0 | S126: =P126+Q126+R126 -> 0 | T126: =IF(MOD(C126-Settings!$B$32,Settings!$B$33)<Settings!$B$30,"Up","Down") -> Up | U126: =IF(OR(I126>Settings!$B$30,O126>Settings!$B$37),0,1) -> 1 | V126: =IF(AND(U126=1,O126<=Settings!$B$36),1,0) -> 1
A127: 2 | B127: 2 | C127: =Arrivals!F127 -> 136.89825 | D127: =Arrivals!J127 -> 12.953977 | E127: =G126 -> 141.04158 | F127: =MAX(C127,E127) -> 141.04158 | G127: =F127+D127 -> 153.99555 | H127: =Arrivals!L127 -> 75 | I127: =H127*8/Settings!$B$28+Settings!$B$29 -> 6.02 | J127: =N126 -> 147.06158 | K127: =MAX(G127,J127) -> 153.99555 | L127: =MOD(K127-Settings!$B$32,Settings!$B$33) -> 153.99555 | M127: =IF(L127<Settings!$B$30,IF(Settings!$B$30-L127>=I127,K127,K127+(Settings!$B$30-L127)+Settings!$B$31),K127+(Settings!$B$33-L127)) -> 153.99555 | N127: =M127+I127 -> 160.01555 | O127: =N127-C127 -> 23.117308 | P127: =F127-C127 -> 4.1433304 | Q127: =K127-G127 -> 0 | R127: =M127-K127 -> 0 | S127: =P127+Q127+R127 -> 4.1433304 | T127: =IF(MOD(C127-Settings!$B$32,Settings!$B$33)<Settings!$B$30,"Up","Down") -> Up | U127: =IF(OR(I127>Settings!$B$30,O127>Settings!$B$37),0,1) -> 1 | V127: =IF(AND(U127=1,O127<=Settings!$B$36),1,0) -> 1
A128: 2 | B128: 3 | C128: =Arrivals!F128 -> 247.47628 | D128: =Arrivals!J128 -> 9.6529318 | E128: =G127 -> 153.99555 | F128: =MAX(C128,E128) -> 247.47628 | G128: =F128+D128 -> 257.12921 | H128: =Arrivals!L128 -> 75 | I128: =H128*8/Settings!$B$28+Settings!$B$29 -> 6.02 | J128: =N127 -> 160.01555 | K128: =MAX(G128,J128) -> 257.12921 | L128: =MOD(K128-Settings!$B$32,Settings!$B$33) -> 257.12921 | M128: =IF(L128<Settings!$B$30,IF(Settings!$B$30-L128>=I128,K128,K128+(Settings!$B$30-L128)+Settings!$B$31),K128+(Settings!$B$33-L128)) -> 257.12921 | N128: =M128+I128 -> 263.14921 | O128: =N128-C128 -> 15.672932 | P128: =F128-C128 -> 0 | Q128: =K128-G128 -> 0 | R128: =M128-K128 -> 0 | S128: =P128+Q128+R128 -> 0 | T128: =IF(MOD(C128-Settings!$B$32,Settings!$B$33)<Settings!$B$30,"Up","Down") -> Up | U128: =IF(OR(I128>Settings!$B$30,O128>Settings!$B$37),0,1) -> 1 | V128: =IF(AND(U128=1,O128<=Settings!$B$36),1,0) -> 1
A129: 2 | B129: 4 | C129: =Arrivals!F129 -> 312.88949 | D129: =Arrivals!J129 -> 5.4669606 | E129: =G128 -> 257.12921 | F129: =MAX(C129,E129) -> 312.88949 | G129: =F129+D129 -> 318.35645 | H129: =Arrivals!L129 -> 75 | I129: =H129*8/Settings!$B$28+Settings!$B$29 -> 6.02 | J129: =N128 -> 263.14921 | K129: =MAX(G129,J129) -> 318.35645 | L129: =MOD(K129-Settings!$B$32,Settings!$B$33) -> 318.35645 | M129: =IF(L129<Settings!$B$30,IF(Settings!$B$30-L129>=I129,K129,K129+(Settings!$B$30-L129)+Settings!$B$31),K129+(Settings!$B$33-L129)) -> 318.35645 | N129: =M129+I129 -> 324.37645 | O129: =N129-C129 -> 11.486961 | P129: =F129-C129 -> 0 | Q129: =K129-G129 -> 0 | R129: =M129-K129 -> 0 | S129: =P129+Q129+R129 -> 0 | T129: =IF(MOD(C129-Settings!$B$32,Settings!$B$33)<Settings!$B$30,"Up","Down") -> Up | U129: =IF(OR(I129>Settings!$B$30,O129>Settings!$B$37),0,1) -> 1 | V129: =IF(AND(U129=1,O129<=Settings!$B$36),1,0) -> 1
A130: 2 | B130: 5 | C130: =Arrivals!F130 -> 349.1954 | D130: =Arrivals!J130 -> 0.19869648 | E130: =G129 -> 318.35645 | F130: =MAX(C130,E130) -> 349.1954 | G130: =F130+D130 -> 349.39409 | H130: =Arrivals!L130 -> 75 | I130: =H130*8/Settings!$B$28+Settings!$B$29 -> 6.02 | J130: =N129 -> 324.37645 | K130: =MAX(G130,J130) -> 349.39409 | L130: =MOD(K130-Settings!$B$32,Settings!$B$33) -> 349.39409 | M130: =IF(L130<Settings!$B$30,IF(Settings!$B$30-L130>=I130,K130,K130+(Settings!$B$30-L130)+Settings!$B$31),K130+(Settings!$B$33-L130)) -> 349.39409 | N130: =M130+I130 -> 355.41409 | O130: =N130-C130 -> 6.2186965 | P130: =F130-C130 -> 0 | Q130: =K130-G130 -> 0 | R130: =M130-K130 -> 0 | S130: =P130+Q130+R130 -> 0 | T130: =IF(MOD(C130-Settings!$B$32,Settings!$B$33)<Settings!$B$30,"Up","Down") -> Up | U130: =IF(OR(I130>Settings!$B$30,O130>Settings!$B$37),0,1) -> 1 | V130: =IF(AND(U130=1,O130<=Settings!$B$36),1,0) -> 1
A131: 2 | B131: 6 | C131: =Arrivals!F131 -> 351.05216 | D131: =Arrivals!J131 -> 96.081774 | E131: =G130 -> 349.39409 | F131: =MAX(C131,E131) -> 351.05216 | G131: =F131+D131 -> 447.13394 | H131: =Arrivals!L131 -> 75 | I131: =H131*8/Settings!$B$28+Settings!$B$29 -> 6.02 | J131: =N130 -> 355.41409 | K131: =MAX(G131,J131) -> 447.13394 | L131: =MOD(K131-Settings!$B$32,Settings!$B$33) -> 447.13394 | M131: =IF(L131<Settings!$B$30,IF(Settings!$B$30-L131>=I131,K131,K131+(Settings!$B$30-L131)+Settings!$B$31),K131+(Settings!$B$33-L131)) -> 447.13394 | N131: =M131+I131 -> 453.15394 | O131: =N131-C131 -> 102.10177 | P131: =F131-C131 -> 0 | Q131: =K131-G131 -> 0 | R131: =M131-K131 -> 0 | S131: =P131+Q131+R131 -> 0 | T131: =IF(MOD(C131-Settings!$B$32,Settings!$B$33)<Settings!$B$30,"Up","Down") -> Up | U131: =IF(OR(I131>Settings!$B$30,O131>Settings!$B$37),0,1) -> 1 | V131: =IF(AND(U131=1,O131<=Settings!$B$36),1,0) -> 1
A132: 2 | B132: 7 | C132: =Arrivals!F132 -> 360.45001 | D132: =Arrivals!J132 -> 6.1333116 | E132: =G131 -> 447.13394 | F132: =MAX(C132,E132) -> 447.13394 | G132: =F132+D132 -> 453.26725 | H132: =Arrivals!L132 -> 75 | I132: =H132*8/Settings!$B$28+Settings!$B$29 -> 6.02 | J132: =N131 -> 453.15394 | K132: =MAX(G132,J132) -> 453.26725 | L132: =MOD(K132-Settings!$B$32,Settings!$B$33) -> 453.26725 | M132: =IF(L132<Settings!$B$30,IF(Settings!$B$30-L132>=I132,K132,K132+(Settings!$B$30-L132)+Settings!$B$31),K132+(Settings!$B$33-L132)) -> 453.26725 | N132: =M132+I132 -> 459.28725 | O132: =N132-C132 -> 98.837233 | P132: =F132-C132 -> 86.683921 | Q132: =K132-G132 -> 0 | R132: =M132-K132 -> 0 | S132: =P132+Q132+R132 -> 86.683921 | T132: =IF(MOD(C132-Settings!$B$32,Settings!$B$33)<Settings!$B$30,"Up","Down") -> Up | U132: =IF(OR(I132>Settings!$B$30,O132>Settings!$B$37),0,1) -> 1 | V132: =IF(AND(U132=1,O132<=Settings!$B$36),1,0) -> 1
A133: 2 | B133: 8 | C133: =Arrivals!F133 -> 429.88234 | D133: =Arrivals!J133 -> 12.955647 | E133: =G132 -> 453.26725 | F133: =MAX(C133,E133) -> 453.26725 | G133: =F133+D133 -> 466.22289 | H133: =Arrivals!L133 -> 75 | I133: =H133*8/Settings!$B$28+Settings!$B$29 -> 6.02 | J133: =N132 -> 459.28725 | K133: =MAX(G133,J133) -> 466.22289 | L133: =MOD(K133-Settings!$B$32,Settings!$B$33) -> 466.22289 | M133: =IF(L133<Settings!$B$30,IF(Settings!$B$30-L133>=I133,K133,K133+(Settings!$B$30-L133)+Settings!$B$31),K133+(Settings!$B$33-L133)) -> 466.22289 | N133: =M133+I133 -> 472.24289 | O133: =N133-C133 -> 42.360556 | P133: =F133-C133 -> 23.384909 | Q133: =K133-G133 -> 0 | R133: =M133-K133 -> 0 | S133: =P133+Q133+R133 -> 23.384909 | T133: =IF(MOD(C133-Settings!$B$32,Settings!$B$33)<Settings!$B$30,"Up","Down") -> Up | U133: =IF(OR(I133>Settings!$B$30,O133>Settings!$B$37),0,1) -> 1 | V133: =IF(AND(U133=1,O133<=Settings!$B$36),1,0) -> 1
A134: 2 | B134: 9 | C134: =Arrivals!F134 -> 470.64389 | D134: =Arrivals!J134 -> 5.1164696 | E134: =G133 -> 466.22289 | F134: =MAX(C134,E134) -> 470.64389 | G134: =F134+D134 -> 475.76036 | H134: =Arrivals!L134 -> 75 | I134: =H134*8/Settings!$B$28+Settings!$B$29 -> 6.02 | J134: =N133 -> 472.24289 | K134: =MAX(G134,J134) -> 475.76036 | L134: =MOD(K134-Settings!$B$32,Settings!$B$33) -> 475.76036 | M134: =IF(L134<Settings!$B$30,IF(Settings!$B$30-L134>=I134,K134,K134+(Settings!$B$30-L134)+Settings!$B$31),K134+(Settings!$B$33-L134)) -> 475.76036 | N134: =M134+I134 -> 481.78036 | O134: =N134-C134 -> 11.13647 | P134: =F134-C134 -> 0 | Q134: =K134-G134 -> 0 | R134: =M134-K134 -> 0 | S134: =P134+Q134+R134 -> 0 | T134: =IF(MOD(C134-Settings!$B$32,Settings!$B$33)<Settings!$B$30,"Up","Down") -> Up | U134: =IF(OR(I134>Settings!$B$30,O134>Settings!$B$37),0,1) -> 1 | V134: =IF(AND(U134=1,O134<=Settings!$B$36),1,0) -> 1
A135: 2 | B135: 10 | C135: =Arrivals!F135 -> 577.10538 | D135: =Arrivals!J135 -> 2.1123678 | E135: =G134 -> 475.76036 | F135: =MAX(C135,E135) -> 577.10538 | G135: =F135+D135 -> 579.21775 | H135: =Arrivals!L135 -> 75 | I135: =H135*8/Settings!$B$28+Settings!$B$29 -> 6.02 | J135: =N134 -> 481.78036 | K135: =MAX(G135,J135) -> 579.21775 | L135: =MOD(K135-Settings!$B$32,Settings!$B$33) -> 579.21775 | M135: =IF(L135<Settings!$B$30,IF(Settings!$B$30-L135>=I135,K135,K135+(Settings!$B$30-L135)+Settings!$B$31),K135+(Settings!$B$33-L135)) -> 579.21775 | N135: =M135+I135 -> 585.23775 | O135: =N135-C135 -> 8.1323678 | P135: =F135-C135 -> 0 | Q135: =K135-G135 -> 0 | R135: =M135-K135 -> 0 | S135: =P135+Q135+R135 -> 0 | T135: =IF(MOD(C135-Settings!$B$32,Settings!$B$33)<Settings!$B$30,"Up","Down") -> Up | U135: =IF(OR(I135>Settings!$B$30,O135>Settings!$B$37),0,1) -> 1 | V135: =IF(AND(U135=1,O135<=Settings!$B$36),1,0) -> 1
A136: 2 | B136: 11 | C136: =Arrivals!F136 -> 642.31205 | D136: =Arrivals!J136 -> 18.141948 | E136: =G135 -> 579.21775 | F136: =MAX(C136,E136) -> 642.31205 | G136: =F136+D136 -> 660.454 | H136: =Arrivals!L136 -> 75 | I136: =H136*8/Settings!$B$28+Settings!$B$29 -> 6.02 | J136: =N135 -> 585.23775 | K136: =MAX(G136,J136) -> 660.454 | L136: =MOD(K136-Settings!$B$32,Settings!$B$33) -> 660.454 | M136: =IF(L136<Settings!$B$30,IF(Settings!$B$30-L136>=I136,K136,K136+(Settings!$B$30-L136)+Settings!$B$31),K136+(Settings!$B$33-L136)) -> 720 | N136: =M136+I136 -> 726.02 | O136: =N136-C136 -> 83.707952 | P136: =F136-C136 -> 0 | Q136: =K136-G136 -> 0 | R136: =M136-K136 -> 59.546004 | S136: =P136+Q136+R136 -> 59.546004 | T136: =IF(MOD(C136-Settings!$B$32,Settings!$B$33)<Settings!$B$30,"Up","Down") -> Down | U136: =IF(OR(I136>Settings!$B$30,O136>Settings!$B$37),0,1) -> 1 | V136: =IF(AND(U136=1,O136<=Settings!$B$36),1,0) -> 1
A137: 2 | B137: 12 | C137: =Arrivals!F137 -> 857.15163 | D137: =Arrivals!J137 -> 36.071515 | E137: =G136 -> 660.454 | F137: =MAX(C137,E137) -> 857.15163 | G137: =F137+D137 -> 893.22315 | H137: =Arrivals!L137 -> 75 | I137: =H137*8/Settings!$B$28+Settings!$B$29 -> 6.02 | J137: =N136 -> 726.02 | K137: =MAX(G137,J137) -> 893.22315 | L137: =MOD(K137-Settings!$B$32,Settings!$B$33) -> 173.22315 | M137: =IF(L137<Settings!$B$30,IF(Settings!$B$30-L137>=I137,K137,K137+(Settings!$B$30-L137)+Settings!$B$31),K137+(Settings!$B$33-L137)) -> 893.22315 | N137: =M137+I137 -> 899.24315 | O137: =N137-C137 -> 42.091515 | P137: =F137-C137 -> 0 | Q137: =K137-G137 -> 0 | R137: =M137-K137 -> 0 | S137: =P137+Q137+R137 -> 0 | T137: =IF(MOD(C137-Settings!$B$32,Settings!$B$33)<Settings!$B$30,"Up","Down") -> Up | U137: =IF(OR(I137>Settings!$B$30,O137>Settings!$B$37),0,1) -> 1 | V137: =IF(AND(U137=1,O137<=Settings!$B$36),1,0) -> 1
A138: 2 | B138: 13 | C138: =Arrivals!F138 -> 954.35427 | D138: =Arrivals!J138 -> 2.6888519 | E138: =G137 -> 893.22315 | F138: =MAX(C138,E138) -> 954.35427 | G138: =F138+D138 -> 957.04313 | H138: =Arrivals!L138 -> 75 | I138: =H138*8/Settings!$B$28+Settings!$B$29 -> 6.02 | J138: =N137 -> 899.24315 | K138: =MAX(G138,J138) -> 957.04313 | L138: =MOD(K138-Settings!$B$32,Settings!$B$33) -> 237.04313 | M138: =IF(L138<Settings!$B$30,IF(Settings!$B$30-L138>=I138,K138,K138+(Settings!$B$30-L138)+Settings!$B$31),K138+(Settings!$B$33-L138)) -> 957.04313 | N138: =M138+I138 -> 963.06313 | O138: =N138-C138 -> 8.7088519 | P138: =F138-C138 -> 0 | Q138: =K138-G138 -> 0 | R138: =M138-K138 -> 0 | S138: =P138+Q138+R138 -> 0 | T138: =IF(MOD(C138-Settings!$B$32,Settings!$B$33)<Settings!$B$30,"Up","Down") -> Up | U138: =IF(OR(I138>Settings!$B$30,O138>Settings!$B$37),0,1) -> 1 | V138: =IF(AND(U138=1,O138<=Settings!$B$36),1,0) -> 1
... A245: 2 | B245: 120 | C245: =Arrivals!F245 -> 7157.0812 | D245: =Arrivals!J245 -> 2.7708419 | E245: =G244 -> 7176.3837 | F245: =MAX(C245,E245) -> 7176.3837 | G245: =F245+D245 -> 7179.1545 | H245: =Arrivals!L245 -> 75 | I245: =H245*8/Settings!$B$28+Settings!$B$29 -> 6.02 | J245: =N244 -> 7224.08 | K245: =MAX(G245,J245) -> 7224.08 | L245: =MOD(K245-Settings!$B$32,Settings!$B$33) -> 24.08 | M245: =IF(L245<Settings!$B$30,IF(Settings!$B$30-L245>=I245,K245,K245+(Settings!$B$30-L245)+Settings!$B$31),K245+(Settings!$B$33-L245)) -> 7224.08 | N245: =M245+I245 -> 7230.1 | O245: =N245-C245 -> 73.0188 | P245: =F245-C245 -> 19.302468 | Q245: =K245-G245 -> 44.925489 | R245: =M245-K245 -> 0 | S245: =P245+Q245+R245 -> 64.227958 | T245: =IF(MOD(C245-Settings!$B$32,Settings!$B$33)<Settings!$B$30,"Up","Down") -> Down | U245: =IF(OR(I245>Settings!$B$30,O245>Settings!$B$37),0,1) -> 1 | V245: =IF(AND(U245=1,O245<=Settings!$B$36),1,0) -> 1
A246: 3 | B246: 1 | C246: =Arrivals!F246 -> 127.16801 | D246: =Arrivals!J246 -> 9.6190743 | E246: 0 | F246: =MAX(C246,E246) -> 127.16801 | G246: =F246+D246 -> 136.78709 | H246: =Arrivals!L246 -> 75 | I246: =H246*8/Settings!$B$28+Settings!$B$29 -> 6.02 | J246: 0 | K246: =MAX(G246,J246) -> 136.78709 | L246: =MOD(K246-Settings!$B$32,Settings!$B$33) -> 136.78709 | M246: =IF(L246<Settings!$B$30,IF(Settings!$B$30-L246>=I246,K246,K246+(Settings!$B$30-L246)+Settings!$B$31),K246+(Settings!$B$33-L246)) -> 136.78709 | N246: =M246+I246 -> 142.80709 | O246: =N246-C246 -> 15.639074 | P246: =F246-C246 -> 0 | Q246: =K246-G246 -> 0 | R246: =M246-K246 -> 0 | S246: =P246+Q246+R246 -> 0 | T246: =IF(MOD(C246-Settings!$B$32,Settings!$B$33)<Settings!$B$30,"Up","Down") -> Up | U246: =IF(OR(I246>Settings!$B$30,O246>Settings!$B$37),0,1) -> 1 | V246: =IF(AND(U246=1,O246<=Settings!$B$36),1,0) -> 1
A247: 3 | B247: 2 | C247: =Arrivals!F247 -> 175.43164 | D247: =Arrivals!J247 -> 1.5673993 | E247: =G246 -> 136.78709 | F247: =MAX(C247,E247) -> 175.43164 | G247: =F247+D247 -> 176.99904 | H247: =Arrivals!L247 -> 75 | I247: =H247*8/Settings!$B$28+Settings!$B$29 -> 6.02 | J247: =N246 -> 142.80709 | K247: =MAX(G247,J247) -> 176.99904 | L247: =MOD(K247-Settings!$B$32,Settings!$B$33) -> 176.99904 | M247: =IF(L247<Settings!$B$30,IF(Settings!$B$30-L247>=I247,K247,K247+(Settings!$B$30-L247)+Settings!$B$31),K247+(Settings!$B$33-L247)) -> 176.99904 | N247: =M247+I247 -> 183.01904 | O247: =N247-C247 -> 7.5873993 | P247: =F247-C247 -> 0 | Q247: =K247-G247 -> 0 | R247: =M247-K247 -> 0 | S247: =P247+Q247+R247 -> 0 | T247: =IF(MOD(C247-Settings!$B$32,Settings!$B$33)<Settings!$B$30,"Up","Down") -> Up | U247: =IF(OR(I247>Settings!$B$30,O247>Settings!$B$37),0,1) -> 1 | V247: =IF(AND(U247=1,O247<=Settings!$B$36),1,0) -> 1
A248: 3 | B248: 3 | C248: =Arrivals!F248 -> 191.60888 | D248: =Arrivals!J248 -> 35.323704 | E248: =G247 -> 176.99904 | F248: =MAX(C248,E248) -> 191.60888 | G248: =F248+D248 -> 226.93259 | H248: =Arrivals!L248 -> 75 | I248: =H248*8/Settings!$B$28+Settings!$B$29 -> 6.02 | J248: =N247 -> 183.01904 | K248: =MAX(G248,J248) -> 226.93259 | L248: =MOD(K248-Settings!$B$32,Settings!$B$33) -> 226.93259 | M248: =IF(L248<Settings!$B$30,IF(Settings!$B$30-L248>=I248,K248,K248+(Settings!$B$30-L248)+Settings!$B$31),K248+(Settings!$B$33-L248)) -> 226.93259 | N248: =M248+I248 -> 232.95259 | O248: =N248-C248 -> 41.343704 | P248: =F248-C248 -> 0 | Q248: =K248-G248 -> 0 | R248: =M248-K248 -> 0 | S248: =P248+Q248+R248 -> 0 | T248: =IF(MOD(C248-Settings!$B$32,Settings!$B$33)<Settings!$B$30,"Up","Down") -> Up | U248: =IF(OR(I248>Settings!$B$30,O248>Settings!$B$37),0,1) -> 1 | V248: =IF(AND(U248=1,O248<=Settings!$B$36),1,0) -> 1
A249: 3 | B249: 4 | C249: =Arrivals!F249 -> 192.43812 | D249: =Arrivals!J249 -> 15.096419 | E249: =G248 -> 226.93259 | F249: =MAX(C249,E249) -> 226.93259 | G249: =F249+D249 -> 242.029 | H249: =Arrivals!L249 -> 75 | I249: =H249*8/Settings!$B$28+Settings!$B$29 -> 6.02 | J249: =N248 -> 232.95259 | K249: =MAX(G249,J249) -> 242.029 | L249: =MOD(K249-Settings!$B$32,Settings!$B$33) -> 242.029 | M249: =IF(L249<Settings!$B$30,IF(Settings!$B$30-L249>=I249,K249,K249+(Settings!$B$30-L249)+Settings!$B$31),K249+(Settings!$B$33-L249)) -> 242.029 | N249: =M249+I249 -> 248.049 | O249: =N249-C249 -> 55.610881 | P249: =F249-C249 -> 34.494462 | Q249: =K249-G249 -> 0 | R249: =M249-K249 -> 0 | S249: =P249+Q249+R249 -> 34.494462 | T249: =IF(MOD(C249-Settings!$B$32,Settings!$B$33)<Settings!$B$30,"Up","Down") -> Up | U249: =IF(OR(I249>Settings!$B$30,O249>Settings!$B$37),0,1) -> 1 | V249: =IF(AND(U249=1,O249<=Settings!$B$36),1,0) -> 1
A250: 3 | B250: 5 | C250: =Arrivals!F250 -> 262.08179 | D250: =Arrivals!J250 -> 3.4391407 | E250: =G249 -> 242.029 | F250: =MAX(C250,E250) -> 262.08179 | G250: =F250+D250 -> 265.52094 | H250: =Arrivals!L250 -> 75 | I250: =H250*8/Settings!$B$28+Settings!$B$29 -> 6.02 | J250: =N249 -> 248.049 | K250: =MAX(G250,J250) -> 265.52094 | L250: =MOD(K250-Settings!$B$32,Settings!$B$33) -> 265.52094 | M250: =IF(L250<Settings!$B$30,IF(Settings!$B$30-L250>=I250,K250,K250+(Settings!$B$30-L250)+Settings!$B$31),K250+(Settings!$B$33-L250)) -> 265.52094 | N250: =M250+I250 -> 271.54094 | O250: =N250-C250 -> 9.4591407 | P250: =F250-C250 -> 0 | Q250: =K250-G250 -> 0 | R250: =M250-K250 -> 0 | S250: =P250+Q250+R250 -> 0 | T250: =IF(MOD(C250-Settings!$B$32,Settings!$B$33)<Settings!$B$30,"Up","Down") -> Up | U250: =IF(OR(I250>Settings!$B$30,O250>Settings!$B$37),0,1) -> 1 | V250: =IF(AND(U250=1,O250<=Settings!$B$36),1,0) -> 1
A251: 3 | B251: 6 | C251: =Arrivals!F251 -> 266.51905 | D251: =Arrivals!J251 -> 0.49587153 | E251: =G250 -> 265.52094 | F251: =MAX(C251,E251) -> 266.51905 | G251: =F251+D251 -> 267.01492 | H251: =Arrivals!L251 -> 75 | I251: =H251*8/Settings!$B$28+Settings!$B$29 -> 6.02 | J251: =N250 -> 271.54094 | K251: =MAX(G251,J251) -> 271.54094 | L251: =MOD(K251-Settings!$B$32,Settings!$B$33) -> 271.54094 | M251: =IF(L251<Settings!$B$30,IF(Settings!$B$30-L251>=I251,K251,K251+(Settings!$B$30-L251)+Settings!$B$31),K251+(Settings!$B$33-L251)) -> 271.54094 | N251: =M251+I251 -> 277.56094 | O251: =N251-C251 -> 11.041887 | P251: =F251-C251 -> 0 | Q251: =K251-G251 -> 4.5260157 | R251: =M251-K251 -> 0 | S251: =P251+Q251+R251 -> 4.5260157 | T251: =IF(MOD(C251-Settings!$B$32,Settings!$B$33)<Settings!$B$30,"Up","Down") -> Up | U251: =IF(OR(I251>Settings!$B$30,O251>Settings!$B$37),0,1) -> 1 | V251: =IF(AND(U251=1,O251<=Settings!$B$36),1,0) -> 1
A252: 3 | B252: 7 | C252: =Arrivals!F252 -> 272.86496 | D252: =Arrivals!J252 -> 5.2723704 | E252: =G251 -> 267.01492 | F252: =MAX(C252,E252) -> 272.86496 | G252: =F252+D252 -> 278.13733 | H252: =Arrivals!L252 -> 75 | I252: =H252*8/Settings!$B$28+Settings!$B$29 -> 6.02 | J252: =N251 -> 277.56094 | K252: =MAX(G252,J252) -> 278.13733 | L252: =MOD(K252-Settings!$B$32,Settings!$B$33) -> 278.13733 | M252: =IF(L252<Settings!$B$30,IF(Settings!$B$30-L252>=I252,K252,K252+(Settings!$B$30-L252)+Settings!$B$31),K252+(Settings!$B$33-L252)) -> 278.13733 | N252: =M252+I252 -> 284.15733 | O252: =N252-C252 -> 11.29237 | P252: =F252-C252 -> 0 | Q252: =K252-G252 -> 0 | R252: =M252-K252 -> 0 | S252: =P252+Q252+R252 -> 0 | T252: =IF(MOD(C252-Settings!$B$32,Settings!$B$33)<Settings!$B$30,"Up","Down") -> Up | U252: =IF(OR(I252>Settings!$B$30,O252>Settings!$B$37),0,1) -> 1 | V252: =IF(AND(U252=1,O252<=Settings!$B$36),1,0) -> 1
A253: 3 | B253: 8 | C253: =Arrivals!F253 -> 376.06021 | D253: =Arrivals!J253 -> 19.050027 | E253: =G252 -> 278.13733 | F253: =MAX(C253,E253) -> 376.06021 | G253: =F253+D253 -> 395.11023 | H253: =Arrivals!L253 -> 75 | I253: =H253*8/Settings!$B$28+Settings!$B$29 -> 6.02 | J253: =N252 -> 284.15733 | K253: =MAX(G253,J253) -> 395.11023 | L253: =MOD(K253-Settings!$B$32,Settings!$B$33) -> 395.11023 | M253: =IF(L253<Settings!$B$30,IF(Settings!$B$30-L253>=I253,K253,K253+(Settings!$B$30-L253)+Settings!$B$31),K253+(Settings!$B$33-L253)) -> 395.11023 | N253: =M253+I253 -> 401.13023 | O253: =N253-C253 -> 25.070027 | P253: =F253-C253 -> 0 | Q253: =K253-G253 -> 0 | R253: =M253-K253 -> 0 | S253: =P253+Q253+R253 -> 0 | T253: =IF(MOD(C253-Settings!$B$32,Settings!$B$33)<Settings!$B$30,"Up","Down") -> Up | U253: =IF(OR(I253>Settings!$B$30,O253>Settings!$B$37),0,1) -> 1 | V253: =IF(AND(U253=1,O253<=Settings!$B$36),1,0) -> 1
A254: 3 | B254: 9 | C254: =Arrivals!F254 -> 389.19828 | D254: =Arrivals!J254 -> 0.62463086 | E254: =G253 -> 395.11023 | F254: =MAX(C254,E254) -> 395.11023 | G254: =F254+D254 -> 395.73486 | H254: =Arrivals!L254 -> 75 | I254: =H254*8/Settings!$B$28+Settings!$B$29 -> 6.02 | J254: =N253 -> 401.13023 | K254: =MAX(G254,J254) -> 401.13023 | L254: =MOD(K254-Settings!$B$32,Settings!$B$33) -> 401.13023 | M254: =IF(L254<Settings!$B$30,IF(Settings!$B$30-L254>=I254,K254,K254+(Settings!$B$30-L254)+Settings!$B$31),K254+(Settings!$B$33-L254)) -> 401.13023 | N254: =M254+I254 -> 407.15023 | O254: =N254-C254 -> 17.951957 | P254: =F254-C254 -> 5.911957 | Q254: =K254-G254 -> 5.3953691 | R254: =M254-K254 -> 0 | S254: =P254+Q254+R254 -> 11.307326 | T254: =IF(MOD(C254-Settings!$B$32,Settings!$B$33)<Settings!$B$30,"Up","Down") -> Up | U254: =IF(OR(I254>Settings!$B$30,O254>Settings!$B$37),0,1) -> 1 | V254: =IF(AND(U254=1,O254<=Settings!$B$36),1,0) -> 1
A255: 3 | B255: 10 | C255: =Arrivals!F255 -> 398.0743 | D255: =Arrivals!J255 -> 7.5848908 | E255: =G254 -> 395.73486 | F255: =MAX(C255,E255) -> 398.0743 | G255: =F255+D255 -> 405.6592 | H255: =Arrivals!L255 -> 75 | I255: =H255*8/Settings!$B$28+Settings!$B$29 -> 6.02 | J255: =N254 -> 407.15023 | K255: =MAX(G255,J255) -> 407.15023 | L255: =MOD(K255-Settings!$B$32,Settings!$B$33) -> 407.15023 | M255: =IF(L255<Settings!$B$30,IF(Settings!$B$30-L255>=I255,K255,K255+(Settings!$B$30-L255)+Settings!$B$31),K255+(Settings!$B$33-L255)) -> 407.15023 | N255: =M255+I255 -> 413.17023 | O255: =N255-C255 -> 15.095929 | P255: =F255-C255 -> 0 | Q255: =K255-G255 -> 1.4910383 | R255: =M255-K255 -> 0 | S255: =P255+Q255+R255 -> 1.4910383 | T255: =IF(MOD(C255-Settings!$B$32,Settings!$B$33)<Settings!$B$30,"Up","Down") -> Up | U255: =IF(OR(I255>Settings!$B$30,O255>Settings!$B$37),0,1) -> 1 | V255: =IF(AND(U255=1,O255<=Settings!$B$36),1,0) -> 1
A256: 3 | B256: 11 | C256: =Arrivals!F256 -> 408.57988 | D256: =Arrivals!J256 -> 3.8990626 | E256: =G255 -> 405.6592 | F256: =MAX(C256,E256) -> 408.57988 | G256: =F256+D256 -> 412.47894 | H256: =Arrivals!L256 -> 75 | I256: =H256*8/Settings!$B$28+Settings!$B$29 -> 6.02 | J256: =N255 -> 413.17023 | K256: =MAX(G256,J256) -> 413.17023 | L256: =MOD(K256-Settings!$B$32,Settings!$B$33) -> 413.17023 | M256: =IF(L256<Settings!$B$30,IF(Settings!$B$30-L256>=I256,K256,K256+(Settings!$B$30-L256)+Settings!$B$31),K256+(Settings!$B$33-L256)) -> 413.17023 | N256: =M256+I256 -> 419.19023 | O256: =N256-C256 -> 10.610358 | P256: =F256-C256 -> 0 | Q256: =K256-G256 -> 0.69129561 | R256: =M256-K256 -> 0 | S256: =P256+Q256+R256 -> 0.69129561 | T256: =IF(MOD(C256-Settings!$B$32,Settings!$B$33)<Settings!$B$30,"Up","Down") -> Up | U256: =IF(OR(I256>Settings!$B$30,O256>Settings!$B$37),0,1) -> 1 | V256: =IF(AND(U256=1,O256<=Settings!$B$36),1,0) -> 1
A257: 3 | B257: 12 | C257: =Arrivals!F257 -> 457.26473 | D257: =Arrivals!J257 -> 9.1663562 | E257: =G256 -> 412.47894 | F257: =MAX(C257,E257) -> 457.26473 | G257: =F257+D257 -> 466.43108 | H257: =Arrivals!L257 -> 75 | I257: =H257*8/Settings!$B$28+Settings!$B$29 -> 6.02 | J257: =N256 -> 419.19023 | K257: =MAX(G257,J257) -> 466.43108 | L257: =MOD(K257-Settings!$B$32,Settings!$B$33) -> 466.43108 | M257: =IF(L257<Settings!$B$30,IF(Settings!$B$30-L257>=I257,K257,K257+(Settings!$B$30-L257)+Settings!$B$31),K257+(Settings!$B$33-L257)) -> 466.43108 | N257: =M257+I257 -> 472.45108 | O257: =N257-C257 -> 15.186356 | P257: =F257-C257 -> 0 | Q257: =K257-G257 -> 0 | R257: =M257-K257 -> 0 | S257: =P257+Q257+R257 -> 0 | T257: =IF(MOD(C257-Settings!$B$32,Settings!$B$33)<Settings!$B$30,"Up","Down") -> Up | U257: =IF(OR(I257>Settings!$B$30,O257>Settings!$B$37),0,1) -> 1 | V257: =IF(AND(U257=1,O257<=Settings!$B$36),1,0) -> 1
A258: 3 | B258: 13 | C258: =Arrivals!F258 -> 566.01819 | D258: =Arrivals!J258 -> 3.2207588 | E258: =G257 -> 466.43108 | F258: =MAX(C258,E258) -> 566.01819 | G258: =F258+D258 -> 569.23895 | H258: =Arrivals!L258 -> 75 | I258: =H258*8/Settings!$B$28+Settings!$B$29 -> 6.02 | J258: =N257 -> 472.45108 | K258: =MAX(G258,J258) -> 569.23895 | L258: =MOD(K258-Settings!$B$32,Settings!$B$33) -> 569.23895 | M258: =IF(L258<Settings!$B$30,IF(Settings!$B$30-L258>=I258,K258,K258+(Settings!$B$30-L258)+Settings!$B$31),K258+(Settings!$B$33-L258)) -> 569.23895 | N258: =M258+I258 -> 575.25895 | O258: =N258-C258 -> 9.2407588 | P258: =F258-C258 -> 0 | Q258: =K258-G258 -> 0 | R258: =M258-K258 -> 0 | S258: =P258+Q258+R258 -> 0 | T258: =IF(MOD(C258-Settings!$B$32,Settings!$B$33)<Settings!$B$30,"Up","Down") -> Up | U258: =IF(OR(I258>Settings!$B$30,O258>Settings!$B$37),0,1) -> 1 | V258: =IF(AND(U258=1,O258<=Settings!$B$36),1,0) -> 1
... A365: 3 | B365: 120 | C365: =Arrivals!F365 -> 6468.9702 | D365: =Arrivals!J365 -> 18.110879 | E365: =G364 -> 6416.3329 | F365: =MAX(C365,E365) -> 6468.9702 | G365: =F365+D365 -> 6487.081 | H365: =Arrivals!L365 -> 75 | I365: =H365*8/Settings!$B$28+Settings!$B$29 -> 6.02 | J365: =N364 -> 6492.04 | K365: =MAX(G365,J365) -> 6492.04 | L365: =MOD(K365-Settings!$B$32,Settings!$B$33) -> 12.04 | M365: =IF(L365<Settings!$B$30,IF(Settings!$B$30-L365>=I365,K365,K365+(Settings!$B$30-L365)+Settings!$B$31),K365+(Settings!$B$33-L365)) -> 6492.04 | N365: =M365+I365 -> 6498.06 | O365: =N365-C365 -> 29.089844 | P365: =F365-C365 -> 0 | Q365: =K365-G365 -> 4.9589649 | R365: =M365-K365 -> 0 | S365: =P365+Q365+R365 -> 4.9589649 | T365: =IF(MOD(C365-Settings!$B$32,Settings!$B$33)<Settings!$B$30,"Up","Down") -> Down | U365: =IF(OR(I365>Settings!$B$30,O365>Settings!$B$37),0,1) -> 1 | V365: =IF(AND(U365=1,O365<=Settings!$B$36),1,0) -> 1
A366: 4 | B366: 1 | C366: =Arrivals!F366 -> 123.38007 | D366: =Arrivals!J366 -> 9.4115321 | E366: 0 | F366: =MAX(C366,E366) -> 123.38007 | G366: =F366+D366 -> 132.7916 | H366: =Arrivals!L366 -> 75 | I366: =H366*8/Settings!$B$28+Settings!$B$29 -> 6.02 | J366: 0 | K366: =MAX(G366,J366) -> 132.7916 | L366: =MOD(K366-Settings!$B$32,Settings!$B$33) -> 132.7916 | M366: =IF(L366<Settings!$B$30,IF(Settings!$B$30-L366>=I366,K366,K366+(Settings!$B$30-L366)+Settings!$B$31),K366+(Settings!$B$33-L366)) -> 132.7916 | N366: =M366+I366 -> 138.8116 | O366: =N366-C366 -> 15.431532 | P366: =F366-C366 -> 0 | Q366: =K366-G366 -> 0 | R366: =M366-K366 -> 0 | S366: =P366+Q366+R366 -> 0 | T366: =IF(MOD(C366-Settings!$B$32,Settings!$B$33)<Settings!$B$30,"Up","Down") -> Up | U366: =IF(OR(I366>Settings!$B$30,O366>Settings!$B$37),0,1) -> 1 | V366: =IF(AND(U366=1,O366<=Settings!$B$36),1,0) -> 1
A367: 4 | B367: 2 | C367: =Arrivals!F367 -> 124.27792 | D367: =Arrivals!J367 -> 10.543827 | E367: =G366 -> 132.7916 | F367: =MAX(C367,E367) -> 132.7916 | G367: =F367+D367 -> 143.33543 | H367: =Arrivals!L367 -> 75 | I367: =H367*8/Settings!$B$28+Settings!$B$29 -> 6.02 | J367: =N366 -> 138.8116 | K367: =MAX(G367,J367) -> 143.33543 | L367: =MOD(K367-Settings!$B$32,Settings!$B$33) -> 143.33543 | M367: =IF(L367<Settings!$B$30,IF(Settings!$B$30-L367>=I367,K367,K367+(Settings!$B$30-L367)+Settings!$B$31),K367+(Settings!$B$33-L367)) -> 143.33543 | N367: =M367+I367 -> 149.35543 | O367: =N367-C367 -> 25.077507 | P367: =F367-C367 -> 8.5136796 | Q367: =K367-G367 -> 0 | R367: =M367-K367 -> 0 | S367: =P367+Q367+R367 -> 8.5136796 | T367: =IF(MOD(C367-Settings!$B$32,Settings!$B$33)<Settings!$B$30,"Up","Down") -> Up | U367: =IF(OR(I367>Settings!$B$30,O367>Settings!$B$37),0,1) -> 1 | V367: =IF(AND(U367=1,O367<=Settings!$B$36),1,0) -> 1
A368: 4 | B368: 3 | C368: =Arrivals!F368 -> 184.09686 | D368: =Arrivals!J368 -> 5.0226819 | E368: =G367 -> 143.33543 | F368: =MAX(C368,E368) -> 184.09686 | G368: =F368+D368 -> 189.11954 | H368: =Arrivals!L368 -> 75 | I368: =H368*8/Settings!$B$28+Settings!$B$29 -> 6.02 | J368: =N367 -> 149.35543 | K368: =MAX(G368,J368) -> 189.11954 | L368: =MOD(K368-Settings!$B$32,Settings!$B$33) -> 189.11954 | M368: =IF(L368<Settings!$B$30,IF(Settings!$B$30-L368>=I368,K368,K368+(Settings!$B$30-L368)+Settings!$B$31),K368+(Settings!$B$33-L368)) -> 189.11954 | N368: =M368+I368 -> 195.13954 | O368: =N368-C368 -> 11.042682 | P368: =F368-C368 -> 0 | Q368: =K368-G368 -> 0 | R368: =M368-K368 -> 0 | S368: =P368+Q368+R368 -> 0 | T368: =IF(MOD(C368-Settings!$B$32,Settings!$B$33)<Settings!$B$30,"Up","Down") -> Up | U368: =IF(OR(I368>Settings!$B$30,O368>Settings!$B$37),0,1) -> 1 | V368: =IF(AND(U368=1,O368<=Settings!$B$36),1,0) -> 1
A369: 4 | B369: 4 | C369: =Arrivals!F369 -> 211.21195 | D369: =Arrivals!J369 -> 0.81492839 | E369: =G368 -> 189.11954 | F369: =MAX(C369,E369) -> 211.21195 | G369: =F369+D369 -> 212.02688 | H369: =Arrivals!L369 -> 75 | I369: =H369*8/Settings!$B$28+Settings!$B$29 -> 6.02 | J369: =N368 -> 195.13954 | K369: =MAX(G369,J369) -> 212.02688 | L369: =MOD(K369-Settings!$B$32,Settings!$B$33) -> 212.02688 | M369: =IF(L369<Settings!$B$30,IF(Settings!$B$30-L369>=I369,K369,K369+(Settings!$B$30-L369)+Settings!$B$31),K369+(Settings!$B$33-L369)) -> 212.02688 | N369: =M369+I369 -> 218.04688 | O369: =N369-C369 -> 6.8349284 | P369: =F369-C369 -> 0 | Q369: =K369-G369 -> 0 | R369: =M369-K369 -> 0 | S369: =P369+Q369+R369 -> 0 | T369: =IF(MOD(C369-Settings!$B$32,Settings!$B$33)<Settings!$B$30,"Up","Down") -> Up | U369: =IF(OR(I369>Settings!$B$30,O369>Settings!$B$37),0,1) -> 1 | V369: =IF(AND(U369=1,O369<=Settings!$B$36),1,0) -> 1
A370: 4 | B370: 5 | C370: =Arrivals!F370 -> 362.38519 | D370: =Arrivals!J370 -> 7.89213 | E370: =G369 -> 212.02688 | F370: =MAX(C370,E370) -> 362.38519 | G370: =F370+D370 -> 370.27732 | H370: =Arrivals!L370 -> 75 | I370: =H370*8/Settings!$B$28+Settings!$B$29 -> 6.02 | J370: =N369 -> 218.04688 | K370: =MAX(G370,J370) -> 370.27732 | L370: =MOD(K370-Settings!$B$32,Settings!$B$33) -> 370.27732 | M370: =IF(L370<Settings!$B$30,IF(Settings!$B$30-L370>=I370,K370,K370+(Settings!$B$30-L370)+Settings!$B$31),K370+(Settings!$B$33-L370)) -> 370.27732 | N370: =M370+I370 -> 376.29732 | O370: =N370-C370 -> 13.91213 | P370: =F370-C370 -> 0 | Q370: =K370-G370 -> 0 | R370: =M370-K370 -> 0 | S370: =P370+Q370+R370 -> 0 | T370: =IF(MOD(C370-Settings!$B$32,Settings!$B$33)<Settings!$B$30,"Up","Down") -> Up | U370: =IF(OR(I370>Settings!$B$30,O370>Settings!$B$37),0,1) -> 1 | V370: =IF(AND(U370=1,O370<=Settings!$B$36),1,0) -> 1
A371: 4 | B371: 6 | C371: =Arrivals!F371 -> 369.51892 | D371: =Arrivals!J371 -> 1.0174715 | E371: =G370 -> 370.27732 | F371: =MAX(C371,E371) -> 370.27732 | G371: =F371+D371 -> 371.29479 | H371: =Arrivals!L371 -> 75 | I371: =H371*8/Settings!$B$28+Settings!$B$29 -> 6.02 | J371: =N370 -> 376.29732 | K371: =MAX(G371,J371) -> 376.29732 | L371: =MOD(K371-Settings!$B$32,Settings!$B$33) -> 376.29732 | M371: =IF(L371<Settings!$B$30,IF(Settings!$B$30-L371>=I371,K371,K371+(Settings!$B$30-L371)+Settings!$B$31),K371+(Settings!$B$33-L371)) -> 376.29732 | N371: =M371+I371 -> 382.31732 | O371: =N371-C371 -> 12.798397 | P371: =F371-C371 -> 0.75839673 | Q371: =K371-G371 -> 5.0025285 | R371: =M371-K371 -> 0 | S371: =P371+Q371+R371 -> 5.7609252 | T371: =IF(MOD(C371-Settings!$B$32,Settings!$B$33)<Settings!$B$30,"Up","Down") -> Up | U371: =IF(OR(I371>Settings!$B$30,O371>Settings!$B$37),0,1) -> 1 | V371: =IF(AND(U371=1,O371<=Settings!$B$36),1,0) -> 1
A372: 4 | B372: 7 | C372: =Arrivals!F372 -> 372.96065 | D372: =Arrivals!J372 -> 4.4690841 | E372: =G371 -> 371.29479 | F372: =MAX(C372,E372) -> 372.96065 | G372: =F372+D372 -> 377.42973 | H372: =Arrivals!L372 -> 75 | I372: =H372*8/Settings!$B$28+Settings!$B$29 -> 6.02 | J372: =N371 -> 382.31732 | K372: =MAX(G372,J372) -> 382.31732 | L372: =MOD(K372-Settings!$B$32,Settings!$B$33) -> 382.31732 | M372: =IF(L372<Settings!$B$30,IF(Settings!$B$30-L372>=I372,K372,K372+(Settings!$B$30-L372)+Settings!$B$31),K372+(Settings!$B$33-L372)) -> 382.31732 | N372: =M372+I372 -> 388.33732 | O372: =N372-C372 -> 15.376666 | P372: =F372-C372 -> 0 | Q372: =K372-G372 -> 4.8875824 | R372: =M372-K372 -> 0 | S372: =P372+Q372+R372 -> 4.8875824 | T372: =IF(MOD(C372-Settings!$B$32,Settings!$B$33)<Settings!$B$30,"Up","Down") -> Up | U372: =IF(OR(I372>Settings!$B$30,O372>Settings!$B$37),0,1) -> 1 | V372: =IF(AND(U372=1,O372<=Settings!$B$36),1,0) -> 1
A373: 4 | B373: 8 | C373: =Arrivals!F373 -> 560.65175 | D373: =Arrivals!J373 -> 32.057297 | E373: =G372 -> 377.42973 | F373: =MAX(C373,E373) -> 560.65175 | G373: =F373+D373 -> 592.70905 | H373: =Arrivals!L373 -> 75 | I373: =H373*8/Settings!$B$28+Settings!$B$29 -> 6.02 | J373: =N372 -> 388.33732 | K373: =MAX(G373,J373) -> 592.70905 | L373: =MOD(K373-Settings!$B$32,Settings!$B$33) -> 592.70905 | M373: =IF(L373<Settings!$B$30,IF(Settings!$B$30-L373>=I373,K373,K373+(Settings!$B$30-L373)+Settings!$B$31),K373+(Settings!$B$33-L373)) -> 592.70905 | N373: =M373+I373 -> 598.72905 | O373: =N373-C373 -> 38.077297 | P373: =F373-C373 -> 0 | Q373: =K373-G373 -> 0 | R373: =M373-K373 -> 0 | S373: =P373+Q373+R373 -> 0 | T373: =IF(MOD(C373-Settings!$B$32,Settings!$B$33)<Settings!$B$30,"Up","Down") -> Up | U373: =IF(OR(I373>Settings!$B$30,O373>Settings!$B$37),0,1) -> 1 | V373: =IF(AND(U373=1,O373<=Settings!$B$36),1,0) -> 1
A374: 4 | B374: 9 | C374: =Arrivals!F374 -> 698.955 | D374: =Arrivals!J374 -> 16.844471 | E374: =G373 -> 592.70905 | F374: =MAX(C374,E374) -> 698.955 | G374: =F374+D374 -> 715.79947 | H374: =Arrivals!L374 -> 75 | I374: =H374*8/Settings!$B$28+Settings!$B$29 -> 6.02 | J374: =N373 -> 598.72905 | K374: =MAX(G374,J374) -> 715.79947 | L374: =MOD(K374-Settings!$B$32,Settings!$B$33) -> 715.79947 | M374: =IF(L374<Settings!$B$30,IF(Settings!$B$30-L374>=I374,K374,K374+(Settings!$B$30-L374)+Settings!$B$31),K374+(Settings!$B$33-L374)) -> 720 | N374: =M374+I374 -> 726.02 | O374: =N374-C374 -> 27.064996 | P374: =F374-C374 -> 0 | Q374: =K374-G374 -> 0 | R374: =M374-K374 -> 4.2005259 | S374: =P374+Q374+R374 -> 4.2005259 | T374: =IF(MOD(C374-Settings!$B$32,Settings!$B$33)<Settings!$B$30,"Up","Down") -> Down | U374: =IF(OR(I374>Settings!$B$30,O374>Settings!$B$37),0,1) -> 1 | V374: =IF(AND(U374=1,O374<=Settings!$B$36),1,0) -> 1
A375: 4 | B375: 10 | C375: =Arrivals!F375 -> 734.24072 | D375: =Arrivals!J375 -> 17.932748 | E375: =G374 -> 715.79947 | F375: =MAX(C375,E375) -> 734.24072 | G375: =F375+D375 -> 752.17347 | H375: =Arrivals!L375 -> 75 | I375: =H375*8/Settings!$B$28+Settings!$B$29 -> 6.02 | J375: =N374 -> 726.02 | K375: =MAX(G375,J375) -> 752.17347 | L375: =MOD(K375-Settings!$B$32,Settings!$B$33) -> 32.173466 | M375: =IF(L375<Settings!$B$30,IF(Settings!$B$30-L375>=I375,K375,K375+(Settings!$B$30-L375)+Settings!$B$31),K375+(Settings!$B$33-L375)) -> 752.17347 | N375: =M375+I375 -> 758.19347 | O375: =N375-C375 -> 23.952748 | P375: =F375-C375 -> 0 | Q375: =K375-G375 -> 0 | R375: =M375-K375 -> 0 | S375: =P375+Q375+R375 -> 0 | T375: =IF(MOD(C375-Settings!$B$32,Settings!$B$33)<Settings!$B$30,"Up","Down") -> Up | U375: =IF(OR(I375>Settings!$B$30,O375>Settings!$B$37),0,1) -> 1 | V375: =IF(AND(U375=1,O375<=Settings!$B$36),1,0) -> 1
A376: 4 | B376: 11 | C376: =Arrivals!F376 -> 798.7128 | D376: =Arrivals!J376 -> 17.917937 | E376: =G375 -> 752.17347 | F376: =MAX(C376,E376) -> 798.7128 | G376: =F376+D376 -> 816.63074 | H376: =Arrivals!L376 -> 75 | I376: =H376*8/Settings!$B$28+Settings!$B$29 -> 6.02 | J376: =N375 -> 758.19347 | K376: =MAX(G376,J376) -> 816.63074 | L376: =MOD(K376-Settings!$B$32,Settings!$B$33) -> 96.630741 | M376: =IF(L376<Settings!$B$30,IF(Settings!$B$30-L376>=I376,K376,K376+(Settings!$B$30-L376)+Settings!$B$31),K376+(Settings!$B$33-L376)) -> 816.63074 | N376: =M376+I376 -> 822.65074 | O376: =N376-C376 -> 23.937937 | P376: =F376-C376 -> 0 | Q376: =K376-G376 -> 0 | R376: =M376-K376 -> 0 | S376: =P376+Q376+R376 -> 0 | T376: =IF(MOD(C376-Settings!$B$32,Settings!$B$33)<Settings!$B$30,"Up","Down") -> Up | U376: =IF(OR(I376>Settings!$B$30,O376>Settings!$B$37),0,1) -> 1 | V376: =IF(AND(U376=1,O376<=Settings!$B$36),1,0) -> 1
A377: 4 | B377: 12 | C377: =Arrivals!F377 -> 807.72023 | D377: =Arrivals!J377 -> 1.5035567 | E377: =G376 -> 816.63074 | F377: =MAX(C377,E377) -> 816.63074 | G377: =F377+D377 -> 818.1343 | H377: =Arrivals!L377 -> 75 | I377: =H377*8/Settings!$B$28+Settings!$B$29 -> 6.02 | J377: =N376 -> 822.65074 | K377: =MAX(G377,J377) -> 822.65074 | L377: =MOD(K377-Settings!$B$32,Settings!$B$33) -> 102.65074 | M377: =IF(L377<Settings!$B$30,IF(Settings!$B$30-L377>=I377,K377,K377+(Settings!$B$30-L377)+Settings!$B$31),K377+(Settings!$B$33-L377)) -> 822.65074 | N377: =M377+I377 -> 828.67074 | O377: =N377-C377 -> 20.950511 | P377: =F377-C377 -> 8.9105105 | Q377: =K377-G377 -> 4.5164433 | R377: =M377-K377 -> 0 | S377: =P377+Q377+R377 -> 13.426954 | T377: =IF(MOD(C377-Settings!$B$32,Settings!$B$33)<Settings!$B$30,"Up","Down") -> Up | U377: =IF(OR(I377>Settings!$B$30,O377>Settings!$B$37),0,1) -> 1 | V377: =IF(AND(U377=1,O377<=Settings!$B$36),1,0) -> 1
A378: 4 | B378: 13 | C378: =Arrivals!F378 -> 930.79144 | D378: =Arrivals!J378 -> 3.7773407 | E378: =G377 -> 818.1343 | F378: =MAX(C378,E378) -> 930.79144 | G378: =F378+D378 -> 934.56878 | H378: =Arrivals!L378 -> 75 | I378: =H378*8/Settings!$B$28+Settings!$B$29 -> 6.02 | J378: =N377 -> 828.67074 | K378: =MAX(G378,J378) -> 934.56878 | L378: =MOD(K378-Settings!$B$32,Settings!$B$33) -> 214.56878 | M378: =IF(L378<Settings!$B$30,IF(Settings!$B$30-L378>=I378,K378,K378+(Settings!$B$30-L378)+Settings!$B$31),K378+(Settings!$B$33-L378)) -> 934.56878 | N378: =M378+I378 -> 940.58878 | O378: =N378-C378 -> 9.7973407 | P378: =F378-C378 -> 0 | Q378: =K378-G378 -> 0 | R378: =M378-K378 -> 0 | S378: =P378+Q378+R378 -> 0 | T378: =IF(MOD(C378-Settings!$B$32,Settings!$B$33)<Settings!$B$30,"Up","Down") -> Up | U378: =IF(OR(I378>Settings!$B$30,O378>Settings!$B$37),0,1) -> 1 | V378: =IF(AND(U378=1,O378<=Settings!$B$36),1,0) -> 1
... A485: 4 | B485: 120 | C485: =Arrivals!F485 -> 6835.7084 | D485: =Arrivals!J485 -> 5.2000836 | E485: =G484 -> 6830.9173 | F485: =MAX(C485,E485) -> 6835.7084 | G485: =F485+D485 -> 6840.9084 | H485: =Arrivals!L485 -> 75 | I485: =H485*8/Settings!$B$28+Settings!$B$29 -> 6.02 | J485: =N484 -> 6836.9373 | K485: =MAX(G485,J485) -> 6840.9084 | L485: =MOD(K485-Settings!$B$32,Settings!$B$33) -> 360.90844 | M485: =IF(L485<Settings!$B$30,IF(Settings!$B$30-L485>=I485,K485,K485+(Settings!$B$30-L485)+Settings!$B$31),K485+(Settings!$B$33-L485)) -> 6840.9084 | N485: =M485+I485 -> 6846.9284 | O485: =N485-C485 -> 11.220084 | P485: =F485-C485 -> 0 | Q485: =K485-G485 -> 0 | R485: =M485-K485 -> 0 | S485: =P485+Q485+R485 -> 0 | T485: =IF(MOD(C485-Settings!$B$32,Settings!$B$33)<Settings!$B$30,"Up","Down") -> Up | U485: =IF(OR(I485>Settings!$B$30,O485>Settings!$B$37),0,1) -> 1 | V485: =IF(AND(U485=1,O485<=Settings!$B$36),1,0) -> 1
