Workbook

Sheet DASHBOARD
A1: OPS-SAT SIMULTANEOUS ACE | GROUND vs ORBITAL EDGE
A2: Carlo Antonio Nino · GWU D.Eng. Praxis · Simultaneous OPS-SAT ACE v02
A3: ACE DATA > NORMALIZE / FUSE > GROUND vs EDGE DES > RESULTS
A5: A · ACE INPUTS
A6: Leg | B6: Source | C6: Contribution | D6: Records in window | F6: Data class
A7: AI / ML | B7: OPSSAT-AD v2 onboard telemetry | C7: Arrival chronology, segment and anomaly context | D7: =Protocol!B10&" accepted" -> 100 accepted | E7: ="of "&Protocol!B11 -> of 111 | F7: OBSERVED
A8: COMM | B8: SatNOGS decoded OPS-SAT receptions | C8: Radio state, beacon activity, counter deltas | D8: =COUNTA(COMM_Decoded!$B$6:$B$105)&" admitted" -> 100 admitted | E8: ="of "&COUNTA(COMM_Receptions!$B$6:$B$106) -> of 101 | F8: OBSERVED state only
A9: ENV | B9: NASA OMNI near-Earth environment | C9: Space-environment context by UTC minute | D9: =COUNTA(OMNI_Normalized!$A$6:$A$18)&" in-window minutes" -> 13 in-window minutes | E9: ="of "&COUNTA(OMNI_Raw!$A$6:$A$125)&" rows" -> of 120 rows | F9: OBSERVED context only
A11: Spacecraft | B11: OPS-SAT, NORAD 44878 | C11: Common UTC window | D11: =Protocol!C7 -> 2022-01-28 17:42:49 UTC; integer seconds since 1970 | F11: =Protocol!C8 -> 2022-01-28 17:54:19 UTC; endpoints inclusive
A12: Window length (s) | B12: =Settings!B10 -> 690 | C12: Accepted / rejected observations | D12: =Protocol!B10&" accepted" -> 100 accepted | E12: =(Protocol!B11-Protocol!B10)&" rejected" -> 11 rejected | F12: =Protocol!B16 -> QUALIFIED PASS — STATE-DATA FIT
A13: Synchronization rule | B13: =Protocol!B14 -> Latest preceding validated-header beacon | C13: COMM tolerance (s) | D13: =Protocol!B9 -> 10 | E13: ENV join | F13: =Protocol!B15 -> UTC minute bin [minute,minute+60 s)
A14: Fused cohort | B14: =COUNTA(ACE_Input!$A$6:$A$105)&" observations" -> 100 observations | C14: Replications | D14: =Settings!B9 -> 10 | E14: Paired entities | F14: =COUNTA(ACE_Input!$A$6:$A$105)*Settings!B9 -> 1000
A16: NOT ESTABLISHED by these sources: link capacity, packet loss, propagation delay, outage duration. Co-timing is association with a stated tolerance, not causation.
A17: Prior A, C and E data-fit runs are retained on their own sheets for lineage. They are from different periods and are not inputs to this synchronized run.
A19: B · ENV / COMM SNAPSHOT · representative synchronized record (entity 1 of the cohort)
A20: UTC | B20: SOURCE | C20: VARIABLE | D20: VALUE | E20: UNIT | F20: DATA CLASS
A21: =ACE_Input!C6 -> 44589.738 | B21: OPSSAT-AD | C21: ="Telemetry value, channel "&ACE_Input!G6 -> Telemetry value, channel CADC0873 | D21: =ACE_Input!H6 -> 0 | E21: source units | F21: OBSERVED
A22: =ACE_Input!C6 -> 44589.738 | B22: OPSSAT-AD | C22: Anomaly label | D22: =ACE_Input!F6 -> 1 | E22: flag | F22: OBSERVED
A23: =ACE_Input!C6 -> 44589.738 | B23: OPSSAT-AD | C23: Segment | D23: =ACE_Input!E6 -> 1352 | E23: id | F23: OBSERVED
A24: =ACE_Input!I6 -> 44589.738 | B24: SatNOGS | C24: Latest preceding validated beacon | D24: =ACE_Input!K6 -> 203 | E24: JSON row | F24: OBSERVED
A25: =ACE_Input!I6 -> 44589.738 | B25: SatNOGS | C25: COMM association age | D25: =ACE_Input!J6 -> 2 | E25: s | F25: DERIVED / PROXY
A26: =ACE_Input!L6 -> 44589.738 | B26: NASA OMNI | C26: Magnetic field average | D26: =ACE_Input!M6 -> 6.41 | E26: nT | F26: OBSERVED
A27: =ACE_Input!L6 -> 44589.738 | B27: NASA OMNI | C27: Bz GSM | D27: =ACE_Input!N6 -> -1.15 | E27: nT | F27: OBSERVED
A28: =ACE_Input!L6 -> 44589.738 | B28: NASA OMNI | C28: Solar wind speed | D28: =ACE_Input!O6 -> 419.9 | E28: km/s | F28: OBSERVED
A29: =ACE_Input!L6 -> 44589.738 | B29: NASA OMNI | C29: AE index | D29: =ACE_Input!Q6 -> 96 | E29: nT | F29: OBSERVED
A30: =ACE_Input!L6 -> 44589.738 | B30: NASA OMNI | C30: SYM/H index | D30: =ACE_Input!R6 -> 1 | E30: nT | F30: OBSERVED
A31: model input | B31: DES assumption | C31: Link rate | D31: =ACE_Input!S6 -> 100 | E31: Mbps | F31: SYNTHETIC
A32: model input | B32: DES assumption | C32: Raw observation volume | D32: =ACE_Input!U6 -> 300 | E32: MB | F32: SYNTHETIC
A33: model input | B33: DES assumption | C33: Edge output fraction | D33: =ACE_Input!V6 -> 0.25 | E33: share | F33: SYNTHETIC
A35: No environmental value is converted into a communications outage or degradation anywhere in this model. Association is by UTC only.
A37: C · SCENARIO CONTROLS
A38: Control | B38: Value | C38: Control | D38: Value | F38: Data class
A39: Architectures compared | B39: Ground-centric vs bounded orbital edge | C39: Entities per replication | D39: =Settings!B8 -> 100 | F39: CONTROLLED
A40: Observation volume (MB) | B40: =Settings!B12 -> 300 | C40: Replications | D40: =Settings!B9 -> 10 | F40: SYNTHETIC / CONTROLLED
A41: Edge output fraction | B41: =Settings!B25 -> 0.25 | C41: Ground processing mean (s) | D41: =Settings!B21 -> 4 | F41: SYNTHETIC
A42: Link rate (Mbps) | B42: =Settings!B28 -> 100 | C42: Onboard processing mean (s) | D42: =Settings!B24 -> 12 | F42: SYNTHETIC
A43: Link up window (s) | B43: =Settings!B30 -> 600 | C43: Propagation delay (s) | D43: =Settings!B29 -> 0.02 | F43: SYNTHETIC
A44: Link down window (s) | B44: =Settings!B31 -> 120 | C44: Link availability (share) | D44: =Comparison!B41 -> 0.86956522 | F44: SYNTHETIC
A45: Service deadline (s) | B45: =Settings!B36 -> 120 | C45: Staleness threshold (s) | D45: =Settings!B37 -> 900 | F45: CONTROLLED
A46: Processing seed base | B46: =Settings!B16 -> 54321 | C46: Seed rule | D46: ="seed + 1000 x replication" -> seed + 1000 x replication | F46: CONTROLLED
A47: Latency statistic | B47: =Settings!B40 -> Mean | C47: Alpha | D47: =Settings!B38 -> 0.05 | F47: CONTROLLED
A49: Arrivals replay the measured telemetry offsets. Service times, volume, link rate and the availability cycle are declared assumptions carried from the v9 baseline.
A51: D · GROUND vs EDGE · presented neutrally, either architecture may win
A52: Measure | B52: Ground | C52: Edge | D52: Difference | F52: Note
A53: Mean end-to-end latency (s) | B53: =AVERAGE(Replications!C6:C15) -> 1067.8567 | C53: =AVERAGE(Replications!M6:M15) -> 280.18075 | D53: =B53-C53 -> 787.6759 | F53: Ground minus Edge
A54: Median latency (s) | B54: =AVERAGE(Replications!D6:D15) -> 1122.796 | C54: =AVERAGE(Replications!N6:N15) -> 320.2308 | D54: =B54-C54 -> 802.56525
A55: P90 latency (s) | B55: =AVERAGE(Replications!E6:E15) -> 1998.1003 | C55: =AVERAGE(Replications!O6:O15) -> 498.30641 | D55: =B55-C55 -> 1499.7938
A56: Mean queueing delay (s) | B56: =AVERAGE(Replications!F6:F15) -> 1040.12 | C56: =AVERAGE(Replications!P6:P15) -> 263.0108 | D56: =B56-C56 -> 777.1092
A57: Mean recovery wait (s) | B57: =Comparison!B39 -> 143.02 | C57: =Comparison!B40 -> 120.02554 | D57: =B57-C57 -> 22.994465 | F57: Affected observations only
A58: Within deadline (%) | B58: =AVERAGE(Replications!J6:J15)*100 -> 10.7 | C58: =AVERAGE(Replications!T6:T15)*100 -> 29 | D58: =C58-B58 -> 18.3 | F58: Edge minus Ground
A59: Stale or dropped (%) | B59: =(1-Comparison!B37)*100 -> 54.1 | C59: =(1-Comparison!B38)*100 -> 0 | D59: =B59-C59 -> 54.1 | F59: Ground minus Edge
A60: Downlinked volume per observation (MB) | B60: =Settings!B12 -> 300 | C60: =Settings!B12*Settings!B25 -> 75 | D60: =B60-C60 -> 225 | F60: Bandwidth effect
A61: Downlinked volume per replication (MB) | B61: =B60*Settings!B8 -> 30000 | C61: =C60*Settings!B8 -> 7500 | D61: =B61-C61 -> 22500
A63: Paired difference across replications | B63: Latency (s) | C63: Availability (share) | D63: N | F63: Replications
A64: Mean paired difference | B64: =Comparison!B10 -> 787.6759 | C64: =Comparison!B24 -> 0.183 | D64: =Settings!B8*Settings!B9 -> 1000 | F64: =Settings!B9 -> 10
A65: 95% interval, lower | B65: =Comparison!B15 -> 741.9526 | C65: =Comparison!B29 -> 0.116144
A66: 95% interval, upper | B66: =Comparison!B16 -> 833.3992 | C66: =Comparison!B30 -> 0.249856
A67: Zero-effect reference | B67: 0 | C67: 0
A68: Reading | B68: =Comparison!B18 -> Model interval above zero — assumptions only | C68: =Comparison!B32 -> Model interval above zero — assumptions only
A70: Scenario | B70: Ground mean completion (s) | C70: Edge mean completion (s) | D70: Ground minus Edge (s) | F70: Purpose
A71: PRIMARY_300MB | B71: =AVERAGEIF(Scenario_Snapshots!$A$6:$A$5005,A71,Scenario_Snapshots!$E$6:$E$5005) -> 1067.8567 | C71: =AVERAGEIF(Scenario_Snapshots!$A$6:$A$5005,A71,Scenario_Snapshots!$F$6:$F$5005) -> 280.18075 | D71: =B71-C71 -> 787.6759 | F71: Inherited 300 MB assumption
A72: SMALL_1MB | B72: =AVERAGEIF(Scenario_Snapshots!$A$6:$A$5005,A72,Scenario_Snapshots!$E$6:$E$5005) -> 16.175254 | C72: =AVERAGEIF(Scenario_Snapshots!$A$6:$A$5005,A72,Scenario_Snapshots!$F$6:$F$5005) -> 262.43538 | D72: =B72-C72 -> -246.26012 | F72: Small workload
A73: NO_REDUCTION | B73: =AVERAGEIF(Scenario_Snapshots!$A$6:$A$5005,A73,Scenario_Snapshots!$E$6:$E$5005) -> 1067.8567 | C73: =AVERAGEIF(Scenario_Snapshots!$A$6:$A$5005,A73,Scenario_Snapshots!$F$6:$F$5005) -> 1072.3114 | D73: =B73-C73 -> -4.4546979 | F73: No edge volume reduction
A74: SLOW_EDGE_60S | B74: =AVERAGEIF(Scenario_Snapshots!$A$6:$A$5005,A74,Scenario_Snapshots!$E$6:$E$5005) -> 1067.8567 | C74: =AVERAGEIF(Scenario_Snapshots!$A$6:$A$5005,A74,Scenario_Snapshots!$F$6:$F$5005) -> 2396.343 | D74: =B74-C74 -> -1328.4864 | F74: Slow onboard processing
A75: IDENTICAL | B75: =AVERAGEIF(Scenario_Snapshots!$A$6:$A$5005,A75,Scenario_Snapshots!$E$6:$E$5005) -> 1064.132 | C75: =AVERAGEIF(Scenario_Snapshots!$A$6:$A$5005,A75,Scenario_Snapshots!$F$6:$F$5005) -> 1064.132 | D75: =B75-C75 -> 0 | F75: Identical paths, must return zero
A77: SIMULATION OUTPUT. Assumption-conditioned model results, not measurements and not a research finding. The edge path loses in three of the five cases above.
A79: E · DISTRIBUTIONS · charts to the right
A80: Histogram key | B80: Ground | C80: Edge
A81: Entities charted (N) | B81: =Latency_Bins!E20 -> 1000 | C81: =Latency_Bins!F20 -> 1000
A82: Mean latency (s) | B82: =B53 -> 1067.8567 | C82: =C53 -> 280.18075
A83: Median latency (s) | B83: =B54 -> 1122.796 | C83: =C54 -> 320.2308
A84: Bin width (s) | B84: =Latency_Bins!B4 -> 200 | C84: common bins and axes
A85: Scenario / replications | B85: =Settings!B12&" MB, "&Settings!B25&" edge fraction" -> 300 MB, 0.25 edge fraction | C85: =Settings!B9&" replications x "&Settings!B8&" entities" -> 10 replications x 100 entities
A87: Common timeline shows AI/ML samples, accepted samples and COMM receptions per UTC minute across the bounded window.

Sheet INTRO
A1: OPS-SAT | SIMULTANEOUS ACE v02
A3: Carlo Antonio Nino · GWU D.Eng. Praxis · 23 September 2026 Window: 28 January 2022, 17:42:49–17:54:19 UTC
A6: QUALIFIED PASS Synchronized radio-state data fit | E6: NOT CALIBRATED Rate, delay and outages remain synthetic
A9: RECEPTIONS REVIEWED | C9: DECODED ADMISSIONS | E9: DISTINCT BEACONS | G9: ACE OBSERVATIONS
A10: =COMM_Decode_QC!B6 -> 101 | C10: =COMM_Decode_QC!B7 -> 100 | E10: =COMM_Decode_QC!B9 -> 61 | G10: =COMM_Decode_QC!B29 -> 100
A13: 65/65 retained CRC32-C checks pass. One malformed AX.25 source header is rejected, not repaired. The 61-beacon series contains 54 CRC-verified and 7 preprocessed-only beacons; 10 of the 100 ACE observations use a no-CRC witness.
A17: WHAT CHANGED: 18 decoded radio fields and counter-activity attributes now accompany the same AI/ML–COMM–ENV timeline. TX counters advance by 69 packets and 6,486 bytes across 690 s; 9.4 B/s is radio activity, NOT available link capacity.
A21: GROUND / EDGE RESULTS | assumption-conditioned simulation
A22: Scenario | C22: Ground mean, s | E22: Edge mean, s | G22: Lower modeled time
A23: Inherited 300 MB | C23: =Sensitivity!G6 -> 1067.8567 | E23: =Sensitivity!H6 -> 280.18075 | G23: =IF(ABS(C23-E23)<0.000001,"TIE",IF(C23<E23,"GROUND","EDGE")) -> EDGE
A24: 1 MB workload | C24: =Sensitivity!G7 -> 16.175254 | E24: =Sensitivity!H7 -> 262.43538 | G24: =IF(ABS(C24-E24)<0.000001,"TIE",IF(C24<E24,"GROUND","EDGE")) -> GROUND
A25: No volume reduction | C25: =Sensitivity!G8 -> 1067.8567 | E25: =Sensitivity!H8 -> 1072.3114 | G25: =IF(ABS(C25-E25)<0.000001,"TIE",IF(C25<E25,"GROUND","EDGE")) -> GROUND
A26: 60 s edge compute | C26: =Sensitivity!G9 -> 1067.8567 | E26: =Sensitivity!H9 -> 2396.343 | G26: =IF(ABS(C26-E26)<0.000001,"TIE",IF(C26<E26,"GROUND","EDGE")) -> GROUND
A27: Identical paths | C27: =Sensitivity!G10 -> 1064.132 | E27: =Sensitivity!H10 -> 1064.132 | G27: =IF(ABS(C27-E27)<0.000001,"TIE",IF(C27<E27,"GROUND","EDGE")) -> TIE
A29: Results are unchanged: the same 100 arrivals and performance assumptions are used. 100 Mbps, 300 MB, 4/12 s compute, 25% output and the 600/120 s link cycle remain synthetic. Stale jobs are flagged after modeled completion, not cancelled from queues.
A33: OBSERVED RADIO STATE | onboard background RSSI Context only: no RSSI-to-throughput or RSSI-to-outage rule is imposed.
A52: QC SENSITIVITY: the qualified primary cohort remains 100 observations. Restricting all witnesses to CRC-verified beacons retains 90 at the same 10 s freshness rule. This is a distinct cohort option, not another independent dataset.
A56: METHOD: schema-driven Python adapter reads the uploaded opssat1.ksy and executes its unchanged SatNOGS descrambler. A second scalar reader cross-checks 1,800 values. Kaitai compiler and MATLAB were not executed. CRC checks do not establish spacecraft-to-ground timing calibration.
A61: START HERE: COMM_Decode_QC → COMM_Field_Map → COMM_Beacons → Join_Audit → ACE_Input → Settings / run sheets → Validation → Handoff. Raw originals and v01 are preserved.

Sheet Settings
A1: Settings - every input lives here
A2: Excel DES Baseline v1.2 | 19 September 2026 | Prepared by Carlo Antonio Nino, GWU D.Eng. Praxis
A3: PARTIAL-FIT DIAGNOSTIC. Real chronology + context; active performance assumptions remain synthetic. Not an empirical architecture finding.
A5: Blue cells on a yellow fill are inputs. Black cells are calculated. Change nothing else.
A7: SCENARIO
A8: Entities per replication | B8: =COUNTA(ACE_Input!A6:A105) -> 100 | C8: DERIVED / CONTROLLED. 100 accepted source observations. Cohort changes require a new configuration.
A9: Replications | B9: =Protocol!B12 -> 10 | C9: CONTROLLED. Ten conditional service replications of ONE observed trace, not ten independent passes.
A10: Scheduled assessment window (s) | B10: =Protocol!B8-Protocol!B7 -> 690 | C10: DERIVED. Bounded source window only; modeled completion may occur later under a synthetic schedule.
A11: Mean time between arrivals (s) | B11: 60 | C11: INACTIVE. Arrivals now replay measured telemetry times; this synthetic exponential mean is not used.
A12: Observation size (MB) | B12: 300 | C12: SYNTHETIC. Inherited 300 MB per modeled observation. Not measured OPS-SAT task bytes.
A14: RANDOM STREAMS
A15: Base seed, arrival stream | B15: 12345 | C15: INACTIVE arrival RNG retained for historical traceability.
A16: Base seed, processing stream | B16: 54321 | C16: ACTIVE synthetic service RNG. Same U for Ground and Edge, seed increment 1000 per rep.
A17: Generator multiplier a | B17: 16807 | C17: Park-Miller generator, as used in HW5.
A18: Generator modulus m | B18: 2147483647 | C18: 2^31 - 1.
A20: GROUND-CENTRIC PATH
A21: Ground processing mean time (s) | B21: 4 | C21: SYNTHETIC. Not OPSSAT-AD inference timing.
A23: ORBITAL EDGE PATH
A24: Onboard processing mean time (s) | B24: 12 | C24: SYNTHETIC. Paired service draw, larger assumed mean.
A25: Output fraction after filtering | B25: 0.25 | C25: SYNTHETIC. No measured before/after byte reduction is supplied.
A27: COMMUNICATIONS LINK (identical for both paths)
A28: Link rate (Mbps) | B28: 100 | C28: SYNTHETIC. Not throughput measured by SatNOGS and not calibrated to the OPS-SAT UHF radio.
A29: One-way propagation delay (s) | B29: 0.02 | C29: SYNTHETIC. Not a measured one-way delay.
A30: Link up window (s) | B30: 600 | C30: SYNTHETIC. Repeating availability scenario, not reception-derived uptime.
A31: Link down window (s) | B31: 120 | C31: SYNTHETIC. Not a historical outage; receptions may exist during this imposed scenario interval.
A32: Cycle offset (s) | B32: 0 | C32: SYNTHETIC. Counterfactual schedule anchored to the replay origin.
A33: Cycle length (s) | B33: =B30+B31 -> 720 | C33: Up window plus down window.
A35: ANALYSIS
A36: Service deadline (s) | B36: 120 | C36: Delivered later than this counts as outside the service deadline. Drives the availability measure.
A37: Staleness limit (s) | B37: 900 | C37: Not delivered by this time counts as dropped, not delivered. Keep it above the deadline.
A38: Significance level alpha | B38: 0.05 | C38: Two-sided. 0.05 with 9 degrees of freedom gives t = 2.2622, as in HW10.
A39: Acceptable-loss margin, availability | B39: 0.02 | C39: Recorded before testing. For a preservation claim only, never for an improvement claim.
A40: Main latency statistic, selected before testing | B40: Mean | C40: Type Mean, Median or P90. This choice drives the comparison sheet.
A42: HYPOTHESIS TEXT (editable, nothing is locked into the sheet)
A43: H0 latency (NULL HYPOTHESIS) | B43: Edge processing does not reduce the selected latency measure.
A44: H1 latency | B44: Edge processing reduces the selected latency measure.
A45: H0 availability (NULL HYPOTHESIS) | B45: Edge availability is not higher than ground availability.
A46: H1 availability | B46: Edge availability is higher than ground availability.
A48: Cohort is fixed by ACE_Input (100). To change the tolerance, entity set or replication design, regenerate and version the experiment. Performance assumptions remain editable.

Sheet Arrivals
A1: Arrivals - shared random streams used by BOTH paths
A2: 100 retained observation times replayed in each conditional replication. C:D are inactive historical arrival RNG diagnostics. G:J drive synthetic service demands.
A5: Rep | B5: Entity | C5: X arrival | D5: U arrival | E5: Interarrival (s) | F5: Arrival time (s) | G5: X service | H5: U service | I5: Ground proc time (s) | J5: Edge proc time (s) | K5: Ground volume (MB) | L5: Edge volume (MB)
A6: =1 -> 1 | B6: =ACE_Input!A6 -> 1 | C6: =MOD(Settings!$B$17*(Settings!$B$15+1000*A6),Settings!$B$18) -> 224289415 | D6: =MAX(C6,1)/Settings!$B$18 -> 0.1044429 | E6: =F6 -> 2 | F6: =ACE_Input!D6 -> 2 | G6: =MOD(Settings!$B$17*(Settings!$B$16+1000*A6),Settings!$B$18) -> 929780047 | H6: =MAX(G6,1)/Settings!$B$18 -> 0.43296257 | I6: =-ACE_Input!W6*LN(H6) -> 3.348416 | J6: =-ACE_Input!X6*LN(H6) -> 10.045248 | K6: =ACE_Input!U6 -> 300 | L6: =K6*ACE_Input!V6 -> 75
A7: =1 -> 1 | B7: =ACE_Input!A7 -> 2 | C7: =MOD(Settings!$B$17*(C6),Settings!$B$18) -> 798397420 | D7: =MAX(C7,1)/Settings!$B$18 -> 0.37178277 | E7: =F7-F6 -> 5 | F7: =ACE_Input!D7 -> 7 | G7: =MOD(Settings!$B$17*(G6),Settings!$B$18) -> 1722234357 | H7: =MAX(G7,1)/Settings!$B$18 -> 0.80197787 | I7: =-ACE_Input!W7*LN(H7) -> 0.88269707 | J7: =-ACE_Input!X7*LN(H7) -> 2.6480912 | K7: =ACE_Input!U7 -> 300 | L7: =K7*ACE_Input!V7 -> 75
A8: =1 -> 1 | B8: =ACE_Input!A8 -> 3 | C8: =MOD(Settings!$B$17*(C7),Settings!$B$18) -> 1187611484 | D8: =MAX(C8,1)/Settings!$B$18 -> 0.55302469 | E8: =F8-F7 -> 25 | F8: =ACE_Input!D8 -> 32 | G8: =MOD(Settings!$B$17*(G7),Settings!$B$18) -> 1808243833 | H8: =MAX(G8,1)/Settings!$B$18 -> 0.84202915 | I8: =-ACE_Input!W8*LN(H8) -> 0.68776257 | J8: =-ACE_Input!X8*LN(H8) -> 2.0632877 | K8: =ACE_Input!U8 -> 300 | L8: =K8*ACE_Input!V8 -> 75
A9: =1 -> 1 | B9: =ACE_Input!A9 -> 4 | C9: =MOD(Settings!$B$17*(C8),Settings!$B$18) -> 1473196370 | D9: =MAX(C9,1)/Settings!$B$18 -> 0.68601052 | E9: =F9-F8 -> 5 | F9: =ACE_Input!D9 -> 37 | G9: =MOD(Settings!$B$17*(G8),Settings!$B$18) -> 2113012534 | H9: =MAX(G9,1)/Settings!$B$18 -> 0.98394814 | I9: =-ACE_Input!W9*LN(H9) -> 0.064728358 | J9: =-ACE_Input!X9*LN(H9) -> 0.19418507 | K9: =ACE_Input!U9 -> 300 | L9: =K9*ACE_Input!V9 -> 75
A10: =1 -> 1 | B10: =ACE_Input!A10 -> 5 | C10: =MOD(Settings!$B$17*(C9),Settings!$B$18) -> 1672424327 | D10: =MAX(C10,1)/Settings!$B$18 -> 0.77878327 | E10: =F10-F9 -> 5 | F10: =ACE_Input!D10 -> 42 | G10: =MOD(Settings!$B$17*(G9),Settings!$B$18) -> 464588499 | H10: =MAX(G10,1)/Settings!$B$18 -> 0.21634088 | I10: =-ACE_Input!W10*LN(H10) -> 6.1235999 | J10: =-ACE_Input!X10*LN(H10) -> 18.3708 | K10: =ACE_Input!U10 -> 300 | L10: =K10*ACE_Input!V10 -> 75
A11: =1 -> 1 | B11: =ACE_Input!A11 -> 6 | C11: =MOD(Settings!$B$17*(C10),Settings!$B$18) -> 22208306 | D11: =MAX(C11,1)/Settings!$B$18 -> 0.010341548 | E11: =F11-F10 -> 5 | F11: =ACE_Input!D11 -> 47 | G11: =MOD(Settings!$B$17*(G10),Settings!$B$18) -> 88362201 | H11: =MAX(G11,1)/Settings!$B$18 -> 0.041146856 | I11: =-ACE_Input!W11*LN(H11) -> 12.762431 | J11: =-ACE_Input!X11*LN(H11) -> 38.287293 | K11: =ACE_Input!U11 -> 300 | L11: =K11*ACE_Input!V11 -> 75
A12: =1 -> 1 | B12: =ACE_Input!A12 -> 7 | C12: =MOD(Settings!$B$17*(C11),Settings!$B$18) -> 1740328011 | D12: =MAX(C12,1)/Settings!$B$18 -> 0.81040338 | E12: =F12-F11 -> 5 | F12: =ACE_Input!D12 -> 52 | G12: =MOD(Settings!$B$17*(G11),Settings!$B$18) -> 1192312130 | H12: =MAX(G12,1)/Settings!$B$18 -> 0.5552136 | I12: =-ACE_Input!W12*LN(H12) -> 2.3536095 | J12: =-ACE_Input!X12*LN(H12) -> 7.0608285 | K12: =ACE_Input!U12 -> 300 | L12: =K12*ACE_Input!V12 -> 75
A13: =1 -> 1 | B13: =ACE_Input!A13 -> 8 | C13: =MOD(Settings!$B$17*(C12),Settings!$B$18) -> 965608737 | D13: =MAX(C13,1)/Settings!$B$18 -> 0.44964661 | E13: =F13-F12 -> 5 | F13: =ACE_Input!D13 -> 57 | G13: =MOD(Settings!$B$17*(G12),Settings!$B$18) -> 1020058753 | H13: =MAX(G13,1)/Settings!$B$18 -> 0.47500187 | I13: =-ACE_Input!W13*LN(H13) -> 2.9777461 | J13: =-ACE_Input!X13*LN(H13) -> 8.9332384 | K13: =ACE_Input!U13 -> 300 | L13: =K13*ACE_Input!V13 -> 75
A14: =1 -> 1 | B14: =ACE_Input!A14 -> 9 | C14: =MOD(Settings!$B$17*(C13),Settings!$B$18) -> 452122380 | D14: =MAX(C14,1)/Settings!$B$18 -> 0.21053589 | E14: =F14-F13 -> 115 | F14: =ACE_Input!D14 -> 172 | G14: =MOD(Settings!$B$17*(G13),Settings!$B$18) -> 765507670 | H14: =MAX(G14,1)/Settings!$B$18 -> 0.35646729 | I14: =-ACE_Input!W14*LN(H14) -> 4.1260512 | J14: =-ACE_Input!X14*LN(H14) -> 12.378154 | K14: =ACE_Input!U14 -> 300 | L14: =K14*ACE_Input!V14 -> 75
A15: =1 -> 1 | B15: =ACE_Input!A15 -> 10 | C15: =MOD(Settings!$B$17*(C14),Settings!$B$18) -> 1023697574 | D15: =MAX(C15,1)/Settings!$B$18 -> 0.47669633 | E15: =F15-F14 -> 5 | F15: =ACE_Input!D15 -> 177 | G15: =MOD(Settings!$B$17*(G14),Settings!$B$18) -> 312880513 | H15: =MAX(G15,1)/Settings!$B$18 -> 0.14569634 | I15: =-ACE_Input!W15*LN(H15) -> 7.7049227 | J15: =-ACE_Input!X15*LN(H15) -> 23.114768 | K15: =ACE_Input!U15 -> 300 | L15: =K15*ACE_Input!V15 -> 75
A16: =1 -> 1 | B16: =ACE_Input!A16 -> 11 | C16: =MOD(Settings!$B$17*(C15),Settings!$B$18) -> 1793630101 | D16: =MAX(C16,1)/Settings!$B$18 -> 0.8352241 | E16: =F16-F15 -> 5 | F16: =ACE_Input!D16 -> 182 | G16: =MOD(Settings!$B$17*(G15),Settings!$B$18) -> 1542814135 | H16: =MAX(G16,1)/Settings!$B$18 -> 0.71842882 | I16: =-ACE_Input!W16*LN(H16) -> 1.3227546 | J16: =-ACE_Input!X16*LN(H16) -> 3.9682638 | K16: =ACE_Input!U16 -> 300 | L16: =K16*ACE_Input!V16 -> 75
A17: =1 -> 1 | B17: =ACE_Input!A17 -> 12 | C17: =MOD(Settings!$B$17*(C16),Settings!$B$18) -> 1313154568 | D17: =MAX(C17,1)/Settings!$B$18 -> 0.61148525 | E17: =F17-F16 -> 5 | F17: =ACE_Input!D17 -> 187 | G17: =MOD(Settings!$B$17*(G16),Settings!$B$18) -> 1359613067 | H17: =MAX(G17,1)/Settings!$B$18 -> 0.63311917 | I17: =-ACE_Input!W17*LN(H17) -> 1.8283864 | J17: =-ACE_Input!X17*LN(H17) -> 5.4851593 | K17: =ACE_Input!U17 -> 300 | L17: =K17*ACE_Input!V17 -> 75
A18: =1 -> 1 | B18: =ACE_Input!A18 -> 13 | C18: =MOD(Settings!$B$17*(C17),Settings!$B$18) -> 499384157 | D18: =MAX(C18,1)/Settings!$B$18 -> 0.23254387 | E18: =F18-F17 -> 5 | F18: =ACE_Input!D18 -> 192 | G18: =MOD(Settings!$B$17*(G17),Settings!$B$18) -> 1790812989 | H18: =MAX(G18,1)/Settings!$B$18 -> 0.83391228 | I18: =-ACE_Input!W18*LN(H18) -> 0.72650824 | J18: =-ACE_Input!X18*LN(H18) -> 2.1795247 | K18: =ACE_Input!U18 -> 300 | L18: =K18*ACE_Input!V18 -> 75
... A105: =1 -> 1 | B105: =ACE_Input!A105 -> 100 | C105: =MOD(Settings!$B$17*(C104),Settings!$B$18) -> 947351359 | D105: =MAX(C105,1)/Settings!$B$18 -> 0.44114485 | E105: =F105-F104 -> 5 | F105: =ACE_Input!D105 -> 689 | G105: =MOD(Settings!$B$17*(G104),Settings!$B$18) -> 97771164 | H105: =MAX(G105,1)/Settings!$B$18 -> 0.045528246 | I105: =-ACE_Input!W105*LN(H105) -> 12.357689 | J105: =-ACE_Input!X105*LN(H105) -> 37.073068 | K105: =ACE_Input!U105 -> 300 | L105: =K105*ACE_Input!V105 -> 75
A126: =2 -> 2 | B126: =ACE_Input!A6 -> 1 | C126: =MOD(Settings!$B$17*(Settings!$B$15+1000*A126),Settings!$B$18) -> 241096415 | D126: =MAX(C126,1)/Settings!$B$18 -> 0.11226927 | E126: =F126 -> 2 | F126: =ACE_Input!D6 -> 2 | G126: =MOD(Settings!$B$17*(Settings!$B$16+1000*A126),Settings!$B$18) -> 946587047 | H126: =MAX(G126,1)/Settings!$B$18 -> 0.44078894 | I126: =-ACE_Input!W6*LN(H126) -> 3.2767564 | J126: =-ACE_Input!X6*LN(H126) -> 9.8302693 | K126: =ACE_Input!U6 -> 300 | L126: =K126*ACE_Input!V6 -> 75
A127: =2 -> 2 | B127: =ACE_Input!A7 -> 2 | C127: =MOD(Settings!$B$17*(C126),Settings!$B$18) -> 1953288663 | D127: =MAX(C127,1)/Settings!$B$18 -> 0.90957091 | E127: =F127-F126 -> 5 | F127: =ACE_Input!D7 -> 7 | G127: =MOD(Settings!$B$17*(G126),Settings!$B$18) -> 729641953 | H127: =MAX(G127,1)/Settings!$B$18 -> 0.33976601 | I127: =-ACE_Input!W7*LN(H127) -> 4.3179924 | J127: =-ACE_Input!X7*LN(H127) -> 12.953977 | K127: =ACE_Input!U7 -> 300 | L127: =K127*ACE_Input!V7 -> 75
A128: =2 -> 2 | B128: =ACE_Input!A8 -> 3 | C128: =MOD(Settings!$B$17*(C127),Settings!$B$18) -> 340047352 | D128: =MAX(C128,1)/Settings!$B$18 -> 0.15834689 | E128: =F128-F127 -> 25 | F128: =ACE_Input!D8 -> 32 | G128: =MOD(Settings!$B$17*(G127),Settings!$B$18) -> 960679701 | H128: =MAX(G128,1)/Settings!$B$18 -> 0.44735135 | I128: =-ACE_Input!W8*LN(H128) -> 3.2176439 | J128: =-ACE_Input!X8*LN(H128) -> 9.6529318 | K128: =ACE_Input!U8 -> 300 | L128: =K128*ACE_Input!V8 -> 75
A129: =2 -> 2 | B129: =ACE_Input!A9 -> 4 | C129: =MOD(Settings!$B$17*(C128),Settings!$B$18) -> 721860397 | D129: =MAX(C129,1)/Settings!$B$18 -> 0.33614244 | E129: =F129-F128 -> 5 | F129: =ACE_Input!D9 -> 37 | G129: =MOD(Settings!$B$17*(G128),Settings!$B$18) -> 1361676561 | H129: =MAX(G129,1)/Settings!$B$18 -> 0.63408006 | I129: =-ACE_Input!W9*LN(H129) -> 1.8223202 | J129: =-ACE_Input!X9*LN(H129) -> 5.4669606 | K129: =ACE_Input!U9 -> 300 | L129: =K129*ACE_Input!V9 -> 75
A130: =2 -> 2 | B130: =ACE_Input!A10 -> 5 | C130: =MOD(Settings!$B$17*(C129),Settings!$B$18) -> 1172570476 | D130: =MAX(C130,1)/Settings!$B$18 -> 0.54602068 | E130: =F130-F129 -> 5 | F130: =ACE_Input!D10 -> 42 | G130: =MOD(Settings!$B$17*(G129),Settings!$B$18) -> 2112218295 | H130: =MAX(G130,1)/Settings!$B$18 -> 0.98357829 | I130: =-ACE_Input!W10*LN(H130) -> 0.06623216 | J130: =-ACE_Input!X10*LN(H130) -> 0.19869648 | K130: =ACE_Input!U10 -> 300 | L130: =K130*ACE_Input!V10 -> 75
A131: =2 -> 2 | B131: =ACE_Input!A11 -> 6 | C131: =MOD(Settings!$B$17*(C130),Settings!$B$18) -> 2082045260 | D131: =MAX(C131,1)/Settings!$B$18 -> 0.96952788 | E131: =F131-F130 -> 5 | F131: =ACE_Input!D11 -> 47 | G131: =MOD(Settings!$B$17*(G130),Settings!$B$18) -> 715508 | H131: =MAX(G131,1)/Settings!$B$18 -> 0.00033318438 | I131: =-ACE_Input!W11*LN(H131) -> 32.027258 | J131: =-ACE_Input!X11*LN(H131) -> 96.081774 | K131: =ACE_Input!U11 -> 300 | L131: =K131*ACE_Input!V11 -> 75
A132: =2 -> 2 | B132: =ACE_Input!A12 -> 7 | C132: =MOD(Settings!$B$17*(C131),Settings!$B$18) -> 1836140602 | D132: =MAX(C132,1)/Settings!$B$18 -> 0.8550196 | E132: =F132-F131 -> 5 | F132: =ACE_Input!D12 -> 52 | G132: =MOD(Settings!$B$17*(G131),Settings!$B$18) -> 1288124721 | H132: =MAX(G132,1)/Settings!$B$18 -> 0.59982982 | I132: =-ACE_Input!W12*LN(H132) -> 2.0444372 | J132: =-ACE_Input!X12*LN(H132) -> 6.1333116 | K132: =ACE_Input!U12 -> 300 | L132: =K132*ACE_Input!V12 -> 75
A133: =2 -> 2 | B133: =ACE_Input!A13 -> 8 | C133: =MOD(Settings!$B$17*(C132),Settings!$B$18) -> 675090424 | D133: =MAX(C133,1)/Settings!$B$18 -> 0.31436348 | E133: =F133-F132 -> 5 | F133: =ACE_Input!D13 -> 57 | G133: =MOD(Settings!$B$17*(G132),Settings!$B$18) -> 729540440 | H133: =MAX(G133,1)/Settings!$B$18 -> 0.33971874 | I133: =-ACE_Input!W13*LN(H133) -> 4.3185489 | J133: =-ACE_Input!X13*LN(H133) -> 12.955647 | K133: =ACE_Input!U13 -> 300 | L133: =K133*ACE_Input!V13 -> 75
A134: =2 -> 2 | B134: =ACE_Input!A14 -> 9 | C134: =MOD(Settings!$B$17*(C133),Settings!$B$18) -> 1088649067 | D134: =MAX(C134,1)/Settings!$B$18 -> 0.50694173 | E134: =F134-F133 -> 115 | F134: =ACE_Input!D14 -> 172 | G134: =MOD(Settings!$B$17*(G133),Settings!$B$18) -> 1402034357 | H134: =MAX(G134,1)/Settings!$B$18 -> 0.65287312 | I134: =-ACE_Input!W14*LN(H134) -> 1.7054899 | J134: =-ACE_Input!X14*LN(H134) -> 5.1164696 | K134: =ACE_Input!U14 -> 300 | L134: =K134*ACE_Input!V14 -> 75
A135: =2 -> 2 | B135: =ACE_Input!A15 -> 10 | C135: =MOD(Settings!$B$17*(C134),Settings!$B$18) -> 364196629 | D135: =MAX(C135,1)/Settings!$B$18 -> 0.16959227 | E135: =F135-F134 -> 5 | F135: =ACE_Input!D15 -> 177 | G135: =MOD(Settings!$B$17*(G134),Settings!$B$18) -> 1800863215 | H135: =MAX(G135,1)/Settings!$B$18 -> 0.83859228 | I135: =-ACE_Input!W15*LN(H135) -> 0.70412258 | J135: =-ACE_Input!X15*LN(H135) -> 2.1123678 | K135: =ACE_Input!U15 -> 300 | L135: =K135*ACE_Input!V15 -> 75
A136: =2 -> 2 | B136: =ACE_Input!A16 -> 11 | C136: =MOD(Settings!$B$17*(C135),Settings!$B$18) -> 724349653 | D136: =MAX(C136,1)/Settings!$B$18 -> 0.33730159 | E136: =F136-F135 -> 5 | F136: =ACE_Input!D16 -> 182 | G136: =MOD(Settings!$B$17*(G135),Settings!$B$18) -> 473533687 | H136: =MAX(G136,1)/Settings!$B$18 -> 0.22050631 | I136: =-ACE_Input!W16*LN(H136) -> 6.0473159 | J136: =-ACE_Input!X16*LN(H136) -> 18.141948 | K136: =ACE_Input!U16 -> 300 | L136: =K136*ACE_Input!V16 -> 75
A137: =2 -> 2 | B137: =ACE_Input!A17 -> 12 | C137: =MOD(Settings!$B$17*(C136),Settings!$B$18) -> 59823128 | D137: =MAX(C137,1)/Settings!$B$18 -> 0.027857315 | E137: =F137-F136 -> 5 | F137: =ACE_Input!D17 -> 187 | G137: =MOD(Settings!$B$17*(G136),Settings!$B$18) -> 106281627 | H137: =MAX(G137,1)/Settings!$B$18 -> 0.049491239 | I137: =-ACE_Input!W17*LN(H137) -> 12.023838 | J137: =-ACE_Input!X17*LN(H137) -> 36.071515 | K137: =ACE_Input!U17 -> 300 | L137: =K137*ACE_Input!V17 -> 75
A138: =2 -> 2 | B138: =ACE_Input!A18 -> 13 | C138: =MOD(Settings!$B$17*(C137),Settings!$B$18) -> 424965500 | D138: =MAX(C138,1)/Settings!$B$18 -> 0.19788998 | E138: =F138-F137 -> 5 | F138: =ACE_Input!D18 -> 192 | G138: =MOD(Settings!$B$17*(G137),Settings!$B$18) -> 1716394332 | H138: =MAX(G138,1)/Settings!$B$18 -> 0.79925839 | I138: =-ACE_Input!W18*LN(H138) -> 0.89628395 | J138: =-ACE_Input!X18*LN(H138) -> 2.6888519 | K138: =ACE_Input!U18 -> 300 | L138: =K138*ACE_Input!V18 -> 75
... A225: =2 -> 2 | B225: =ACE_Input!A105 -> 100 | C225: =MOD(Settings!$B$17*(C224),Settings!$B$18) -> 1794781854 | D225: =MAX(C225,1)/Settings!$B$18 -> 0.83576043 | E225: =F225-F224 -> 5 | F225: =ACE_Input!D105 -> 689 | G225: =MOD(Settings!$B$17*(G224),Settings!$B$18) -> 945201659 | H225: =MAX(G225,1)/Settings!$B$18 -> 0.44014382 | I225: =-ACE_Input!W105*LN(H225) -> 3.282615 | J225: =-ACE_Input!X105*LN(H225) -> 9.8478449 | K225: =ACE_Input!U105 -> 300 | L225: =K225*ACE_Input!V105 -> 75
A246: =3 -> 3 | B246: =ACE_Input!A6 -> 1 | C246: =MOD(Settings!$B$17*(Settings!$B$15+1000*A246),Settings!$B$18) -> 257903415 | D246: =MAX(C246,1)/Settings!$B$18 -> 0.12009564 | E246: =F246 -> 2 | F246: =ACE_Input!D6 -> 2 | G246: =MOD(Settings!$B$17*(Settings!$B$16+1000*A246),Settings!$B$18) -> 963394047 | H246: =MAX(G246,1)/Settings!$B$18 -> 0.44861531 | I246: =-ACE_Input!W6*LN(H246) -> 3.2063581 | J246: =-ACE_Input!X6*LN(H246) -> 9.6190743 | K246: =ACE_Input!U6 -> 300 | L246: =K246*ACE_Input!V6 -> 75
A247: =3 -> 3 | B247: =ACE_Input!A7 -> 2 | C247: =MOD(Settings!$B$17*(C246),Settings!$B$18) -> 960696259 | D247: =MAX(C247,1)/Settings!$B$18 -> 0.44735906 | E247: =F247-F246 -> 5 | F247: =ACE_Input!D7 -> 7 | G247: =MOD(Settings!$B$17*(G246),Settings!$B$18) -> 1884533196 | H247: =MAX(G247,1)/Settings!$B$18 -> 0.87755415 | I247: =-ACE_Input!W7*LN(H247) -> 0.52246644 | J247: =-ACE_Input!X7*LN(H247) -> 1.5673993 | K247: =ACE_Input!U7 -> 300 | L247: =K247*ACE_Input!V7 -> 75
A248: =3 -> 3 | B248: =ACE_Input!A8 -> 3 | C248: =MOD(Settings!$B$17*(C247),Settings!$B$18) -> 1639966867 | D248: =MAX(C248,1)/Settings!$B$18 -> 0.76366908 | E248: =F248-F247 -> 25 | F248: =ACE_Input!D8 -> 32 | G248: =MOD(Settings!$B$17*(G247),Settings!$B$18) -> 113115569 | H248: =MAX(G248,1)/Settings!$B$18 -> 0.052673541 | I248: =-ACE_Input!W8*LN(H248) -> 11.774568 | J248: =-ACE_Input!X8*LN(H248) -> 35.323704 | K248: =ACE_Input!U8 -> 300 | L248: =K248*ACE_Input!V8 -> 75
A249: =3 -> 3 | B249: =ACE_Input!A9 -> 4 | C249: =MOD(Settings!$B$17*(C248),Settings!$B$18) -> 2118008071 | D249: =MAX(C249,1)/Settings!$B$18 -> 0.98627437 | E249: =F249-F248 -> 5 | F249: =ACE_Input!D9 -> 37 | G249: =MOD(Settings!$B$17*(G248),Settings!$B$18) -> 610340588 | H249: =MAX(G249,1)/Settings!$B$18 -> 0.28421198 | I249: =-ACE_Input!W9*LN(H249) -> 5.0321396 | J249: =-ACE_Input!X9*LN(H249) -> 15.096419 | K249: =ACE_Input!U9 -> 300 | L249: =K249*ACE_Input!V9 -> 75
A250: =3 -> 3 | B250: =ACE_Input!A10 -> 5 | C250: =MOD(Settings!$B$17*(C249),Settings!$B$18) -> 672716625 | D250: =MAX(C250,1)/Settings!$B$18 -> 0.31325809 | E250: =F250-F249 -> 5 | F250: =ACE_Input!D10 -> 42 | G250: =MOD(Settings!$B$17*(G249),Settings!$B$18) -> 1612364444 | H250: =MAX(G250,1)/Settings!$B$18 -> 0.7508157 | I250: =-ACE_Input!W10*LN(H250) -> 1.1463802 | J250: =-ACE_Input!X10*LN(H250) -> 3.4391407 | K250: =ACE_Input!U10 -> 300 | L250: =K250*ACE_Input!V10 -> 75
A251: =3 -> 3 | B251: =ACE_Input!A11 -> 6 | C251: =MOD(Settings!$B$17*(C250),Settings!$B$18) -> 1994398567 | D251: =MAX(C251,1)/Settings!$B$18 -> 0.9287142 | E251: =F251-F250 -> 5 | F251: =ACE_Input!D11 -> 47 | G251: =MOD(Settings!$B$17*(G250),Settings!$B$18) -> 2060552462 | H251: =MAX(G251,1)/Settings!$B$18 -> 0.95951951 | I251: =-ACE_Input!W11*LN(H251) -> 0.16529051 | J251: =-ACE_Input!X11*LN(H251) -> 0.49587153 | K251: =ACE_Input!U11 -> 300 | L251: =K251*ACE_Input!V11 -> 75
A252: =3 -> 3 | B252: =ACE_Input!A12 -> 7 | C252: =MOD(Settings!$B$17*(C251),Settings!$B$18) -> 1931953193 | D252: =MAX(C252,1)/Settings!$B$18 -> 0.89963581 | E252: =F252-F251 -> 5 | F252: =ACE_Input!D12 -> 52 | G252: =MOD(Settings!$B$17*(G251),Settings!$B$18) -> 1383937312 | H252: =MAX(G252,1)/Settings!$B$18 -> 0.64444603 | I252: =-ACE_Input!W12*LN(H252) -> 1.7574568 | J252: =-ACE_Input!X12*LN(H252) -> 5.2723704 | K252: =ACE_Input!U12 -> 300 | L252: =K252*ACE_Input!V12 -> 75
A253: =3 -> 3 | B253: =ACE_Input!A13 -> 8 | C253: =MOD(Settings!$B$17*(C252),Settings!$B$18) -> 384572111 | D253: =MAX(C253,1)/Settings!$B$18 -> 0.17908034 | E253: =F253-F252 -> 5 | F253: =ACE_Input!D13 -> 57 | G253: =MOD(Settings!$B$17*(G252),Settings!$B$18) -> 439022127 | H253: =MAX(G253,1)/Settings!$B$18 -> 0.20443561 | I253: =-ACE_Input!W13*LN(H253) -> 6.3500089 | J253: =-ACE_Input!X13*LN(H253) -> 19.050027 | K253: =ACE_Input!U13 -> 300 | L253: =K253*ACE_Input!V13 -> 75
A254: =3 -> 3 | B254: =ACE_Input!A14 -> 9 | C254: =MOD(Settings!$B$17*(C253),Settings!$B$18) -> 1725175754 | D254: =MAX(C254,1)/Settings!$B$18 -> 0.80334756 | E254: =F254-F253 -> 115 | F254: =ACE_Input!D14 -> 172 | G254: =MOD(Settings!$B$17*(G253),Settings!$B$18) -> 2038561044 | H254: =MAX(G254,1)/Settings!$B$18 -> 0.94927896 | I254: =-ACE_Input!W14*LN(H254) -> 0.20821029 | J254: =-ACE_Input!X14*LN(H254) -> 0.62463086 | K254: =ACE_Input!U14 -> 300 | L254: =K254*ACE_Input!V14 -> 75
A255: =3 -> 3 | B255: =ACE_Input!A15 -> 10 | C255: =MOD(Settings!$B$17*(C254),Settings!$B$18) -> 1852179331 | D255: =MAX(C255,1)/Settings!$B$18 -> 0.86248821 | E255: =F255-F254 -> 5 | F255: =ACE_Input!D15 -> 177 | G255: =MOD(Settings!$B$17*(G254),Settings!$B$18) -> 1141362270 | H255: =MAX(G255,1)/Settings!$B$18 -> 0.53148822 | I255: =-ACE_Input!W15*LN(H255) -> 2.5282969 | J255: =-ACE_Input!X15*LN(H255) -> 7.5848908 | K255: =ACE_Input!U15 -> 300 | L255: =K255*ACE_Input!V15 -> 75
A256: =3 -> 3 | B256: =ACE_Input!A16 -> 11 | C256: =MOD(Settings!$B$17*(C255),Settings!$B$18) -> 1802552852 | D256: =MAX(C256,1)/Settings!$B$18 -> 0.83937908 | E256: =F256-F255 -> 5 | F256: =ACE_Input!D16 -> 182 | G256: =MOD(Settings!$B$17*(G255),Settings!$B$18) -> 1551736886 | H256: =MAX(G256,1)/Settings!$B$18 -> 0.7225838 | I256: =-ACE_Input!W16*LN(H256) -> 1.2996875 | J256: =-ACE_Input!X16*LN(H256) -> 3.8990626 | K256: =ACE_Input!U16 -> 300 | L256: =K256*ACE_Input!V16 -> 75
A257: =3 -> 3 | B257: =ACE_Input!A17 -> 12 | C257: =MOD(Settings!$B$17*(C256),Settings!$B$18) -> 953975335 | D257: =MAX(C257,1)/Settings!$B$18 -> 0.44422938 | E257: =F257-F256 -> 5 | F257: =ACE_Input!D17 -> 187 | G257: =MOD(Settings!$B$17*(G256),Settings!$B$18) -> 1000433834 | H257: =MAX(G257,1)/Settings!$B$18 -> 0.46586331 | I257: =-ACE_Input!W17*LN(H257) -> 3.0554521 | J257: =-ACE_Input!X17*LN(H257) -> 9.1663562 | K257: =ACE_Input!U17 -> 300 | L257: =K257*ACE_Input!V17 -> 75
A258: =3 -> 3 | B258: =ACE_Input!A18 -> 13 | C258: =MOD(Settings!$B$17*(C257),Settings!$B$18) -> 350546843 | D258: =MAX(C258,1)/Settings!$B$18 -> 0.16323609 | E258: =F258-F257 -> 5 | F258: =ACE_Input!D18 -> 192 | G258: =MOD(Settings!$B$17*(G257),Settings!$B$18) -> 1641975675 | H258: =MAX(G258,1)/Settings!$B$18 -> 0.76460451 | I258: =-ACE_Input!W18*LN(H258) -> 1.0735863 | J258: =-ACE_Input!X18*LN(H258) -> 3.2207588 | K258: =ACE_Input!U18 -> 300 | L258: =K258*ACE_Input!V18 -> 75
... A345: =3 -> 3 | B345: =ACE_Input!A105 -> 100 | C345: =MOD(Settings!$B$17*(C344),Settings!$B$18) -> 494728702 | D345: =MAX(C345,1)/Settings!$B$18 -> 0.230376 | E345: =F345-F344 -> 5 | F345: =ACE_Input!D105 -> 689 | G345: =MOD(Settings!$B$17*(G344),Settings!$B$18) -> 1792632154 | H345: =MAX(G345,1)/Settings!$B$18 -> 0.8347594 | I345: =-ACE_Input!W105*LN(H345) -> 0.72244697 | J345: =-ACE_Input!X105*LN(H345) -> 2.1673409 | K345: =ACE_Input!U105 -> 300 | L345: =K345*ACE_Input!V105 -> 75
A366: =4 -> 4 | B366: =ACE_Input!A6 -> 1 | C366: =MOD(Settings!$B$17*(Settings!$B$15+1000*A366),Settings!$B$18) -> 274710415 | D366: =MAX(C366,1)/Settings!$B$18 -> 0.12792201 | E366: =F366 -> 2 | F366: =ACE_Input!D6 -> 2 | G366: =MOD(Settings!$B$17*(Settings!$B$16+1000*A366),Settings!$B$18) -> 980201047 | H366: =MAX(G366,1)/Settings!$B$18 -> 0.45644168 | I366: =-ACE_Input!W6*LN(H366) -> 3.1371774 | J366: =-ACE_Input!X6*LN(H366) -> 9.4115321 | K366: =ACE_Input!U6 -> 300 | L366: =K366*ACE_Input!V6 -> 75
A367: =4 -> 4 | B367: =ACE_Input!A7 -> 2 | C367: =MOD(Settings!$B$17*(C366),Settings!$B$18) -> 2115587502 | D367: =MAX(C367,1)/Settings!$B$18 -> 0.9851472 | E367: =F367-F366 -> 5 | F367: =ACE_Input!D7 -> 7 | G367: =MOD(Settings!$B$17*(G366),Settings!$B$18) -> 891940792 | H367: =MAX(G367,1)/Settings!$B$18 -> 0.4153423 | I367: =-ACE_Input!W7*LN(H367) -> 3.5146091 | J367: =-ACE_Input!X7*LN(H367) -> 10.543827 | K367: =ACE_Input!U7 -> 300 | L367: =K367*ACE_Input!V7 -> 75
A368: =4 -> 4 | B368: =ACE_Input!A8 -> 3 | C368: =MOD(Settings!$B$17*(C367),Settings!$B$18) -> 792402735 | D368: =MAX(C368,1)/Settings!$B$18 -> 0.36899128 | E368: =F368-F367 -> 25 | F368: =ACE_Input!D8 -> 32 | G368: =MOD(Settings!$B$17*(G367),Settings!$B$18) -> 1413035084 | H368: =MAX(G368,1)/Settings!$B$18 -> 0.65799574 | I368: =-ACE_Input!W8*LN(H368) -> 1.6742273 | J368: =-ACE_Input!X8*LN(H368) -> 5.0226819 | K368: =ACE_Input!U8 -> 300 | L368: =K368*ACE_Input!V8 -> 75
A369: =4 -> 4 | B369: =ACE_Input!A9 -> 4 | C369: =MOD(Settings!$B$17*(C368),Settings!$B$18) -> 1366672098 | D369: =MAX(C369,1)/Settings!$B$18 -> 0.63640629 | E369: =F369-F368 -> 5 | F369: =ACE_Input!D9 -> 37 | G369: =MOD(Settings!$B$17*(G368),Settings!$B$18) -> 2006488262 | H369: =MAX(G369,1)/Settings!$B$18 -> 0.93434391 | I369: =-ACE_Input!W9*LN(H369) -> 0.2716428 | J369: =-ACE_Input!X9*LN(H369) -> 0.81492839 | K369: =ACE_Input!U9 -> 300 | L369: =K369*ACE_Input!V9 -> 75
A370: =4 -> 4 | B370: =ACE_Input!A10 -> 5 | C370: =MOD(Settings!$B$17*(C369),Settings!$B$18) -> 172862774 | D370: =MAX(C370,1)/Settings!$B$18 -> 0.080495502 | E370: =F370-F369 -> 5 | F370: =ACE_Input!D10 -> 42 | G370: =MOD(Settings!$B$17*(G369),Settings!$B$18) -> 1112510593 | H370: =MAX(G370,1)/Settings!$B$18 -> 0.51805312 | I370: =-ACE_Input!W10*LN(H370) -> 2.63071 | J370: =-ACE_Input!X10*LN(H370) -> 7.89213 | K370: =ACE_Input!U10 -> 300 | L370: =K370*ACE_Input!V10 -> 75
A371: =4 -> 4 | B371: =ACE_Input!A11 -> 6 | C371: =MOD(Settings!$B$17*(C370),Settings!$B$18) -> 1906751874 | D371: =MAX(C371,1)/Settings!$B$18 -> 0.88790053 | E371: =F371-F370 -> 5 | F371: =ACE_Input!D11 -> 47 | G371: =MOD(Settings!$B$17*(G370),Settings!$B$18) -> 1972905769 | H371: =MAX(G371,1)/Settings!$B$18 -> 0.91870584 | I371: =-ACE_Input!W11*LN(H371) -> 0.33915718 | J371: =-ACE_Input!X11*LN(H371) -> 1.0174715 | K371: =ACE_Input!U11 -> 300 | L371: =K371*ACE_Input!V11 -> 75
A372: =4 -> 4 | B372: =ACE_Input!A12 -> 7 | C372: =MOD(Settings!$B$17*(C371),Settings!$B$18) -> 2027765784 | D372: =MAX(C372,1)/Settings!$B$18 -> 0.94425203 | E372: =F372-F371 -> 5 | F372: =ACE_Input!D12 -> 52 | G372: =MOD(Settings!$B$17*(G371),Settings!$B$18) -> 1479749903 | H372: =MAX(G372,1)/Settings!$B$18 -> 0.68906225 | I372: =-ACE_Input!W12*LN(H372) -> 1.4896947 | J372: =-ACE_Input!X12*LN(H372) -> 4.4690841 | K372: =ACE_Input!U12 -> 300 | L372: =K372*ACE_Input!V12 -> 75
A373: =4 -> 4 | B373: =ACE_Input!A13 -> 8 | C373: =MOD(Settings!$B$17*(C372),Settings!$B$18) -> 94053798 | D373: =MAX(C373,1)/Settings!$B$18 -> 0.043797213 | E373: =F373-F372 -> 5 | F373: =ACE_Input!D13 -> 57 | G373: =MOD(Settings!$B$17*(G372),Settings!$B$18) -> 148503814 | H373: =MAX(G373,1)/Settings!$B$18 -> 0.069152477 | I373: =-ACE_Input!W13*LN(H373) -> 10.685766 | J373: =-ACE_Input!X13*LN(H373) -> 32.057297 | K373: =ACE_Input!U13 -> 300 | L373: =K373*ACE_Input!V13 -> 75
A374: =4 -> 4 | B374: =ACE_Input!A14 -> 9 | C374: =MOD(Settings!$B$17*(C373),Settings!$B$18) -> 214218794 | D374: =MAX(C374,1)/Settings!$B$18 -> 0.099753399 | E374: =F374-F373 -> 115 | F374: =ACE_Input!D14 -> 172 | G374: =MOD(Settings!$B$17*(G373),Settings!$B$18) -> 527604084 | H374: =MAX(G374,1)/Settings!$B$18 -> 0.2456848 | I374: =-ACE_Input!W14*LN(H374) -> 5.6148235 | J374: =-ACE_Input!X14*LN(H374) -> 16.844471 | K374: =ACE_Input!U14 -> 300 | L374: =K374*ACE_Input!V14 -> 75
A375: =4 -> 4 | B375: =ACE_Input!A15 -> 10 | C375: =MOD(Settings!$B$17*(C374),Settings!$B$18) -> 1192678386 | D375: =MAX(C375,1)/Settings!$B$18 -> 0.55538415 | E375: =F375-F374 -> 5 | F375: =ACE_Input!D15 -> 177 | G375: =MOD(Settings!$B$17*(G374),Settings!$B$18) -> 481861325 | H375: =MAX(G375,1)/Settings!$B$18 -> 0.22438417 | I375: =-ACE_Input!W15*LN(H375) -> 5.9775827 | J375: =-ACE_Input!X15*LN(H375) -> 17.932748 | K375: =ACE_Input!U15 -> 300 | L375: =K375*ACE_Input!V15 -> 75
A376: =4 -> 4 | B376: =ACE_Input!A16 -> 11 | C376: =MOD(Settings!$B$17*(C375),Settings!$B$18) -> 733272404 | D376: =MAX(C376,1)/Settings!$B$18 -> 0.34145657 | E376: =F376-F375 -> 5 | F376: =ACE_Input!D16 -> 182 | G376: =MOD(Settings!$B$17*(G375),Settings!$B$18) -> 482456438 | H376: =MAX(G376,1)/Settings!$B$18 -> 0.22466129 | I376: =-ACE_Input!W16*LN(H376) -> 5.9726456 | J376: =-ACE_Input!X16*LN(H376) -> 17.917937 | K376: =ACE_Input!U16 -> 300 | L376: =K376*ACE_Input!V16 -> 75
A377: =4 -> 4 | B377: =ACE_Input!A17 -> 12 | C377: =MOD(Settings!$B$17*(C376),Settings!$B$18) -> 1848127542 | D377: =MAX(C377,1)/Settings!$B$18 -> 0.86060145 | E377: =F377-F376 -> 5 | F377: =ACE_Input!D17 -> 187 | G377: =MOD(Settings!$B$17*(G376),Settings!$B$18) -> 1894586041 | H377: =MAX(G377,1)/Settings!$B$18 -> 0.88223538 | I377: =-ACE_Input!W17*LN(H377) -> 0.50118557 | J377: =-ACE_Input!X17*LN(H377) -> 1.5035567 | K377: =ACE_Input!U17 -> 300 | L377: =K377*ACE_Input!V17 -> 75
A378: =4 -> 4 | B378: =ACE_Input!A18 -> 13 | C378: =MOD(Settings!$B$17*(C377),Settings!$B$18) -> 276128186 | D378: =MAX(C378,1)/Settings!$B$18 -> 0.12858221 | E378: =F378-F377 -> 5 | F378: =ACE_Input!D18 -> 192 | G378: =MOD(Settings!$B$17*(G377),Settings!$B$18) -> 1567557018 | H378: =MAX(G378,1)/Settings!$B$18 -> 0.72995062 | I378: =-ACE_Input!W18*LN(H378) -> 1.2591136 | J378: =-ACE_Input!X18*LN(H378) -> 3.7773407 | K378: =ACE_Input!U18 -> 300 | L378: =K378*ACE_Input!V18 -> 75
... A465: =4 -> 4 | B465: =ACE_Input!A105 -> 100 | C465: =MOD(Settings!$B$17*(C464),Settings!$B$18) -> 1342159197 | D465: =MAX(C465,1)/Settings!$B$18 -> 0.62499158 | E465: =F465-F464 -> 5 | F465: =ACE_Input!D105 -> 689 | G465: =MOD(Settings!$B$17*(G464),Settings!$B$18) -> 492579002 | H465: =MAX(G465,1)/Settings!$B$18 -> 0.22937497 | I465: =-ACE_Input!W105*LN(H465) -> 5.8895887 | J465: =-ACE_Input!X105*LN(H465) -> 17.668766 | K465: =ACE_Input!U105 -> 300 | L465: =K465*ACE_Input!V105 -> 75
A486: =5 -> 5 | B486: =ACE_Input!A6 -> 1 | C486: =MOD(Settings!$B$17*(Settings!$B$15+1000*A486),Settings!$B$18) -> 291517415 | D486: =MAX(C486,1)/Settings!$B$18 -> 0.13574837 | E486: =F486 -> 2 | F486: =ACE_Input!D6 -> 2 | G486: =MOD(Settings!$B$17*(Settings!$B$16+1000*A486),Settings!$B$18) -> 997008047 | H486: =MAX(G486,1)/Settings!$B$18 -> 0.46426805 | I486: =-ACE_Input!W6*LN(H486) -> 3.0691728 | J486: =-ACE_Input!X6*LN(H486) -> 9.2075184 | K486: =ACE_Input!U6 -> 300 | L486: =K486*ACE_Input!V6 -> 75
A487: =5 -> 5 | B487: =ACE_Input!A7 -> 2 | C487: =MOD(Settings!$B$17*(C486),Settings!$B$18) -> 1122995098 | D487: =MAX(C487,1)/Settings!$B$18 -> 0.52293534 | E487: =F487-F486 -> 5 | F487: =ACE_Input!D7 -> 7 | G487: =MOD(Settings!$B$17*(G486),Settings!$B$18) -> 2046832035 | H487: =MAX(G487,1)/Settings!$B$18 -> 0.95313044 | I487: =-ACE_Input!W7*LN(H487) -> 0.19201404 | J487: =-ACE_Input!X7*LN(H487) -> 0.57604213 | K487: =ACE_Input!U7 -> 300 | L487: =K487*ACE_Input!V7 -> 75
A488: =5 -> 5 | B488: =ACE_Input!A8 -> 3 | C488: =MOD(Settings!$B$17*(C487),Settings!$B$18) -> 2092322250 | D488: =MAX(C488,1)/Settings!$B$18 -> 0.97431347 | E488: =F488-F487 -> 25 | F488: =ACE_Input!D8 -> 32 | G488: =MOD(Settings!$B$17*(G487),Settings!$B$18) -> 565470952 | H488: =MAX(G488,1)/Settings!$B$18 -> 0.26331793 | I488: =-ACE_Input!W8*LN(H488) -> 5.3375724 | J488: =-ACE_Input!X8*LN(H488) -> 16.012717 | K488: =ACE_Input!U8 -> 300 | L488: =K488*ACE_Input!V8 -> 75
A489: =5 -> 5 | B489: =ACE_Input!A9 -> 4 | C489: =MOD(Settings!$B$17*(C488),Settings!$B$18) -> 615336125 | D489: =MAX(C489,1)/Settings!$B$18 -> 0.28653821 | E489: =F489-F488 -> 5 | F489: =ACE_Input!D9 -> 37 | G489: =MOD(Settings!$B$17*(G488),Settings!$B$18) -> 1255152289 | H489: =MAX(G489,1)/Settings!$B$18 -> 0.58447583 | I489: =-ACE_Input!W9*LN(H489) -> 2.1481594 | J489: =-ACE_Input!X9*LN(H489) -> 6.4444782 | K489: =ACE_Input!U9 -> 300 | L489: =K489*ACE_Input!V9 -> 75
A490: =5 -> 5 | B490: =ACE_Input!A10 -> 5 | C490: =MOD(Settings!$B$17*(C489),Settings!$B$18) -> 1820492570 | D490: =MAX(C490,1)/Settings!$B$18 -> 0.84773291 | E490: =F490-F489 -> 5 | F490: =ACE_Input!D10 -> 42 | G490: =MOD(Settings!$B$17*(G489),Settings!$B$18) -> 612656742 | H490: =MAX(G490,1)/Settings!$B$18 -> 0.28529053 | I490: =-ACE_Input!W10*LN(H490) -> 5.0169889 | J490: =-ACE_Input!X10*LN(H490) -> 15.050967 | K490: =ACE_Input!U10 -> 300 | L490: =K490*ACE_Input!V10 -> 75
A491: =5 -> 5 | B491: =ACE_Input!A11 -> 6 | C491: =MOD(Settings!$B$17*(C490),Settings!$B$18) -> 1819105181 | D491: =MAX(C491,1)/Settings!$B$18 -> 0.84708686 | E491: =F491-F490 -> 5 | F491: =ACE_Input!D11 -> 47 | G491: =MOD(Settings!$B$17*(G490),Settings!$B$18) -> 1885259076 | H491: =MAX(G491,1)/Settings!$B$18 -> 0.87789217 | I491: =-ACE_Input!W11*LN(H491) -> 0.52092603 | J491: =-ACE_Input!X11*LN(H491) -> 1.5627781 | K491: =ACE_Input!U11 -> 300 | L491: =K491*ACE_Input!V11 -> 75
A492: =5 -> 5 | B492: =ACE_Input!A12 -> 7 | C492: =MOD(Settings!$B$17*(C491),Settings!$B$18) -> 2123578375 | D492: =MAX(C492,1)/Settings!$B$18 -> 0.98886824 | E492: =F492-F491 -> 5 | F492: =ACE_Input!D12 -> 52 | G492: =MOD(Settings!$B$17*(G491),Settings!$B$18) -> 1575562494 | H492: =MAX(G492,1)/Settings!$B$18 -> 0.73367846 | I492: =-ACE_Input!W12*LN(H492) -> 1.2387376 | J492: =-ACE_Input!X12*LN(H492) -> 3.7162129 | K492: =ACE_Input!U12 -> 300 | L492: =K492*ACE_Input!V12 -> 75
A493: =5 -> 5 | B493: =ACE_Input!A13 -> 8 | C493: =MOD(Settings!$B$17*(C492),Settings!$B$18) -> 1951019132 | D493: =MAX(C493,1)/Settings!$B$18 -> 0.90851408 | E493: =F493-F492 -> 5 | F493: =ACE_Input!D13 -> 57 | G493: =MOD(Settings!$B$17*(G492),Settings!$B$18) -> 2005469148 | H493: =MAX(G493,1)/Settings!$B$18 -> 0.93386935 | I493: =-ACE_Input!W13*LN(H493) -> 0.27367495 | J493: =-ACE_Input!X13*LN(H493) -> 0.82102485 | K493: =ACE_Input!U13 -> 300 | L493: =K493*ACE_Input!V13 -> 75
A494: =5 -> 5 | B494: =ACE_Input!A14 -> 9 | C494: =MOD(Settings!$B$17*(C493),Settings!$B$18) -> 850745481 | D494: =MAX(C494,1)/Settings!$B$18 -> 0.39615924 | E494: =F494-F493 -> 115 | F494: =ACE_Input!D14 -> 172 | G494: =MOD(Settings!$B$17*(G493),Settings!$B$18) -> 1164130771 | H494: =MAX(G494,1)/Settings!$B$18 -> 0.54209063 | I494: =-ACE_Input!W14*LN(H494) -> 2.4492883 | J494: =-ACE_Input!X14*LN(H494) -> 7.3478648 | K494: =ACE_Input!U14 -> 300 | L494: =K494*ACE_Input!V14 -> 75
A495: =5 -> 5 | B495: =ACE_Input!A15 -> 10 | C495: =MOD(Settings!$B$17*(C494),Settings!$B$18) -> 533177441 | D495: =MAX(C495,1)/Settings!$B$18 -> 0.24828009 | E495: =F495-F494 -> 5 | F495: =ACE_Input!D15 -> 177 | G495: =MOD(Settings!$B$17*(G494),Settings!$B$18) -> 1969844027 | H495: =MAX(G495,1)/Settings!$B$18 -> 0.91728011 | I495: =-ACE_Input!W15*LN(H495) -> 0.34536958 | J495: =-ACE_Input!X15*LN(H495) -> 1.0361087 | K495: =ACE_Input!U15 -> 300 | L495: =K495*ACE_Input!V15 -> 75
A496: =5 -> 5 | B496: =ACE_Input!A16 -> 11 | C496: =MOD(Settings!$B$17*(C495),Settings!$B$18) -> 1811475603 | D496: =MAX(C496,1)/Settings!$B$18 -> 0.84353406 | E496: =F496-F495 -> 5 | F496: =ACE_Input!D16 -> 182 | G496: =MOD(Settings!$B$17*(G495),Settings!$B$18) -> 1560659637 | H496: =MAX(G496,1)/Settings!$B$18 -> 0.72673878 | I496: =-ACE_Input!W16*LN(H496) -> 1.2767527 | J496: =-ACE_Input!X16*LN(H496) -> 3.8302582 | K496: =ACE_Input!U16 -> 300 | L496: =K496*ACE_Input!V16 -> 75
A497: =5 -> 5 | B497: =ACE_Input!A17 -> 12 | C497: =MOD(Settings!$B$17*(C496),Settings!$B$18) -> 594796102 | D497: =MAX(C497,1)/Settings!$B$18 -> 0.27697352 | E497: =F497-F496 -> 5 | F497: =ACE_Input!D17 -> 187 | G497: =MOD(Settings!$B$17*(G496),Settings!$B$18) -> 641254601 | H497: =MAX(G497,1)/Settings!$B$18 -> 0.29860744 | I497: =-ACE_Input!W17*LN(H497) -> 4.8345019 | J497: =-ACE_Input!X17*LN(H497) -> 14.503506 | K497: =ACE_Input!U17 -> 300 | L497: =K497*ACE_Input!V17 -> 75
A498: =5 -> 5 | B498: =ACE_Input!A18 -> 13 | C498: =MOD(Settings!$B$17*(C497),Settings!$B$18) -> 201709529 | D498: =MAX(C498,1)/Settings!$B$18 -> 0.093928319 | E498: =F498-F497 -> 5 | F498: =ACE_Input!D18 -> 192 | G498: =MOD(Settings!$B$17*(G497),Settings!$B$18) -> 1493138361 | H498: =MAX(G498,1)/Settings!$B$18 -> 0.69529673 | I498: =-ACE_Input!W18*LN(H498) -> 1.4536663 | J498: =-ACE_Input!X18*LN(H498) -> 4.3609989 | K498: =ACE_Input!U18 -> 300 | L498: =K498*ACE_Input!V18 -> 75
... A585: =5 -> 5 | B585: =ACE_Input!A105 -> 100 | C585: =MOD(Settings!$B$17*(C584),Settings!$B$18) -> 42106045 | D585: =MAX(C585,1)/Settings!$B$18 -> 0.019607155 | E585: =F585-F584 -> 5 | F585: =ACE_Input!D105 -> 689 | G585: =MOD(Settings!$B$17*(G584),Settings!$B$18) -> 1340009497 | H585: =MAX(G585,1)/Settings!$B$18 -> 0.62399055 | I585: =-ACE_Input!W105*LN(H585) -> 1.8864802 | J585: =-ACE_Input!X105*LN(H585) -> 5.6594407 | K585: =ACE_Input!U105 -> 300 | L585: =K585*ACE_Input!V105 -> 75
A606: =6 -> 6 | B606: =ACE_Input!A6 -> 1 | C606: =MOD(Settings!$B$17*(Settings!$B$15+1000*A606),Settings!$B$18) -> 308324415 | D606: =MAX(C606,1)/Settings!$B$18 -> 0.14357474 | E606: =F606 -> 2 | F606: =ACE_Input!D6 -> 2 | G606: =MOD(Settings!$B$17*(Settings!$B$16+1000*A606),Settings!$B$18) -> 1013815047 | H606: =MAX(G606,1)/Settings!$B$18 -> 0.47209442 | I606: =-ACE_Input!W6*LN(H606) -> 3.0023051 | J606: =-ACE_Input!X6*LN(H606) -> 9.0069152 | K606: =ACE_Input!U6 -> 300 | L606: =K606*ACE_Input!V6 -> 75
A607: =6 -> 6 | B607: =ACE_Input!A7 -> 2 | C607: =MOD(Settings!$B$17*(C606),Settings!$B$18) -> 130402694 | D607: =MAX(C607,1)/Settings!$B$18 -> 0.060723486 | E607: =F607-F606 -> 5 | F607: =ACE_Input!D7 -> 7 | G607: =MOD(Settings!$B$17*(G606),Settings!$B$18) -> 1054239631 | H607: =MAX(G607,1)/Settings!$B$18 -> 0.49091858 | I607: =-ACE_Input!W7*LN(H607) -> 2.8459079 | J607: =-ACE_Input!X7*LN(H607) -> 8.5377238 | K607: =ACE_Input!U7 -> 300 | L607: =K607*ACE_Input!V7 -> 75
A608: =6 -> 6 | B608: =ACE_Input!A8 -> 3 | C608: =MOD(Settings!$B$17*(C607),Settings!$B$18) -> 1244758118 | D608: =MAX(C608,1)/Settings!$B$18 -> 0.57963567 | E608: =F608-F607 -> 25 | F608: =ACE_Input!D8 -> 32 | G608: =MOD(Settings!$B$17*(G607),Settings!$B$18) -> 1865390467 | H608: =MAX(G608,1)/Settings!$B$18 -> 0.86864013 | I608: =-ACE_Input!W8*LN(H608) -> 0.56330545 | J608: =-ACE_Input!X8*LN(H608) -> 1.6899164 | K608: =ACE_Input!U8 -> 300 | L608: =K608*ACE_Input!V8 -> 75
A609: =6 -> 6 | B609: =ACE_Input!A9 -> 4 | C609: =MOD(Settings!$B$17*(C608),Settings!$B$18) -> 2011483799 | D609: =MAX(C609,1)/Settings!$B$18 -> 0.93667014 | E609: =F609-F608 -> 5 | F609: =ACE_Input!D9 -> 37 | G609: =MOD(Settings!$B$17*(G608),Settings!$B$18) -> 503816316 | H609: =MAX(G609,1)/Settings!$B$18 -> 0.23460775 | I609: =-ACE_Input!W9*LN(H609) -> 5.7993612 | J609: =-ACE_Input!X9*LN(H609) -> 17.398083 | K609: =ACE_Input!U9 -> 300 | L609: =K609*ACE_Input!V9 -> 75
A610: =6 -> 6 | B610: =ACE_Input!A10 -> 5 | C610: =MOD(Settings!$B$17*(C609),Settings!$B$18) -> 1320638719 | D610: =MAX(C610,1)/Settings!$B$18 -> 0.61497033 | E610: =F610-F609 -> 5 | F610: =ACE_Input!D10 -> 42 | G610: =MOD(Settings!$B$17*(G609),Settings!$B$18) -> 112802891 | H610: =MAX(G610,1)/Settings!$B$18 -> 0.052527939 | I610: =-ACE_Input!W10*LN(H610) -> 11.78564 | J610: =-ACE_Input!X10*LN(H610) -> 35.356921 | K610: =ACE_Input!U10 -> 300 | L610: =K610*ACE_Input!V10 -> 75
A611: =6 -> 6 | B611: =ACE_Input!A11 -> 6 | C611: =MOD(Settings!$B$17*(C610),Settings!$B$18) -> 1731458488 | D611: =MAX(C611,1)/Settings!$B$18 -> 0.80627319 | E611: =F611-F610 -> 5 | F611: =ACE_Input!D11 -> 47 | G611: =MOD(Settings!$B$17*(G610),Settings!$B$18) -> 1797612383 | H611: =MAX(G611,1)/Settings!$B$18 -> 0.8370785 | I611: =-ACE_Input!W11*LN(H611) -> 0.71134972 | J611: =-ACE_Input!X11*LN(H611) -> 2.1340492 | K611: =ACE_Input!U11 -> 300 | L611: =K611*ACE_Input!V11 -> 75
A612: =6 -> 6 | B612: =ACE_Input!A12 -> 7 | C612: =MOD(Settings!$B$17*(C611),Settings!$B$18) -> 71907319 | D612: =MAX(C612,1)/Settings!$B$18 -> 0.033484455 | E612: =F612-F611 -> 5 | F612: =ACE_Input!D12 -> 52 | G612: =MOD(Settings!$B$17*(G611),Settings!$B$18) -> 1671375085 | H612: =MAX(G612,1)/Settings!$B$18 -> 0.77829467 | I612: =-ACE_Input!W12*LN(H612) -> 1.0026003 | J612: =-ACE_Input!X12*LN(H612) -> 3.0078008 | K612: =ACE_Input!U12 -> 300 | L612: =K612*ACE_Input!V12 -> 75
A613: =6 -> 6 | B613: =ACE_Input!A13 -> 8 | C613: =MOD(Settings!$B$17*(C612),Settings!$B$18) -> 1660500819 | D613: =MAX(C613,1)/Settings!$B$18 -> 0.77323095 | E613: =F613-F612 -> 5 | F613: =ACE_Input!D13 -> 57 | G613: =MOD(Settings!$B$17*(G612),Settings!$B$18) -> 1714950835 | H613: =MAX(G613,1)/Settings!$B$18 -> 0.79858621 | I613: =-ACE_Input!W13*LN(H613) -> 0.89964939 | J613: =-ACE_Input!X13*LN(H613) -> 2.6989482 | K613: =ACE_Input!U13 -> 300 | L613: =K613*ACE_Input!V13 -> 75
A614: =6 -> 6 | B614: =ACE_Input!A14 -> 9 | C614: =MOD(Settings!$B$17*(C613),Settings!$B$18) -> 1487272168 | D614: =MAX(C614,1)/Settings!$B$18 -> 0.69256507 | E614: =F614-F613 -> 115 | F614: =ACE_Input!D14 -> 172 | G614: =MOD(Settings!$B$17*(G613),Settings!$B$18) -> 1800657458 | H614: =MAX(G614,1)/Settings!$B$18 -> 0.83849647 | I614: =-ACE_Input!W14*LN(H614) -> 0.70457963 | J614: =-ACE_Input!X14*LN(H614) -> 2.1137389 | K614: =ACE_Input!U14 -> 300 | L614: =K614*ACE_Input!V14 -> 75
A615: =6 -> 6 | B615: =ACE_Input!A15 -> 10 | C615: =MOD(Settings!$B$17*(C614),Settings!$B$18) -> 2021160143 | D615: =MAX(C615,1)/Settings!$B$18 -> 0.94117603 | E615: =F615-F614 -> 5 | F615: =ACE_Input!D15 -> 177 | G615: =MOD(Settings!$B$17*(G614),Settings!$B$18) -> 1310343082 | H615: =MAX(G615,1)/Settings!$B$18 -> 0.61017605 | I615: =-ACE_Input!W15*LN(H615) -> 1.976031 | J615: =-ACE_Input!X15*LN(H615) -> 5.9280931 | K615: =ACE_Input!U15 -> 300 | L615: =K615*ACE_Input!V15 -> 75
A616: =6 -> 6 | B616: =ACE_Input!A16 -> 11 | C616: =MOD(Settings!$B$17*(C615),Settings!$B$18) -> 742195155 | D616: =MAX(C616,1)/Settings!$B$18 -> 0.34561155 | E616: =F616-F615 -> 5 | F616: =ACE_Input!D16 -> 182 | G616: =MOD(Settings!$B$17*(G615),Settings!$B$18) -> 491379189 | H616: =MAX(G616,1)/Settings!$B$18 -> 0.22881627 | I616: =-ACE_Input!W16*LN(H616) -> 5.8993437 | J616: =-ACE_Input!X16*LN(H616) -> 17.698031 | K616: =ACE_Input!U16 -> 300 | L616: =K616*ACE_Input!V16 -> 75
A617: =6 -> 6 | B617: =ACE_Input!A17 -> 12 | C617: =MOD(Settings!$B$17*(C616),Settings!$B$18) -> 1488948309 | D617: =MAX(C617,1)/Settings!$B$18 -> 0.69334559 | E617: =F617-F616 -> 5 | F617: =ACE_Input!D17 -> 187 | G617: =MOD(Settings!$B$17*(G616),Settings!$B$18) -> 1535406808 | H617: =MAX(G617,1)/Settings!$B$18 -> 0.71497951 | I617: =-ACE_Input!W17*LN(H617) -> 1.3420056 | J617: =-ACE_Input!X17*LN(H617) -> 4.0260167 | K617: =ACE_Input!U17 -> 300 | L617: =K617*ACE_Input!V17 -> 75
A618: =6 -> 6 | B618: =ACE_Input!A18 -> 13 | C618: =MOD(Settings!$B$17*(C617),Settings!$B$18) -> 127290872 | D618: =MAX(C618,1)/Settings!$B$18 -> 0.059274431 | E618: =F618-F617 -> 5 | F618: =ACE_Input!D18 -> 192 | G618: =MOD(Settings!$B$17*(G617),Settings!$B$18) -> 1418719704 | H618: =MAX(G618,1)/Settings!$B$18 -> 0.66064284 | I618: =-ACE_Input!W18*LN(H618) -> 1.6581676 | J618: =-ACE_Input!X18*LN(H618) -> 4.9745029 | K618: =ACE_Input!U18 -> 300 | L618: =K618*ACE_Input!V18 -> 75
... A705: =6 -> 6 | B705: =ACE_Input!A105 -> 100 | C705: =MOD(Settings!$B$17*(C704),Settings!$B$18) -> 889536540 | D705: =MAX(C705,1)/Settings!$B$18 -> 0.41422273 | E705: =F705-F704 -> 5 | F705: =ACE_Input!D105 -> 689 | G705: =MOD(Settings!$B$17*(G704),Settings!$B$18) -> 39956345 | H705: =MAX(G705,1)/Settings!$B$18 -> 0.018606123 | I705: =-ACE_Input!W105*LN(H705) -> 15.937058 | J705: =-ACE_Input!X105*LN(H705) -> 47.811175 | K705: =ACE_Input!U105 -> 300 | L705: =K705*ACE_Input!V105 -> 75
A726: =7 -> 7 | B726: =ACE_Input!A6 -> 1 | C726: =MOD(Settings!$B$17*(Settings!$B$15+1000*A726),Settings!$B$18) -> 325131415 | D726: =MAX(C726,1)/Settings!$B$18 -> 0.15140111 | E726: =F726 -> 2 | F726: =ACE_Input!D6 -> 2 | G726: =MOD(Settings!$B$17*(Settings!$B$16+1000*A726),Settings!$B$18) -> 1030622047 | H726: =MAX(G726,1)/Settings!$B$18 -> 0.47992079 | I726: =-ACE_Input!W6*LN(H726) -> 2.9365368 | J726: =-ACE_Input!X6*LN(H726) -> 8.8096105 | K726: =ACE_Input!U6 -> 300 | L726: =K726*ACE_Input!V6 -> 75
A727: =7 -> 7 | B727: =ACE_Input!A7 -> 2 | C727: =MOD(Settings!$B$17*(C726),Settings!$B$18) -> 1285293937 | D727: =MAX(C727,1)/Settings!$B$18 -> 0.59851163 | E727: =F727-F726 -> 5 | F727: =ACE_Input!D7 -> 7 | G727: =MOD(Settings!$B$17*(G726),Settings!$B$18) -> 61647227 | H727: =MAX(G727,1)/Settings!$B$18 -> 0.028706727 | I727: =-ACE_Input!W7*LN(H727) -> 14.202495 | J727: =-ACE_Input!X7*LN(H727) -> 42.607485 | K727: =ACE_Input!U7 -> 300 | L727: =K727*ACE_Input!V7 -> 75
A728: =7 -> 7 | B728: =ACE_Input!A8 -> 3 | C728: =MOD(Settings!$B$17*(C727),Settings!$B$18) -> 397193986 | D728: =MAX(C728,1)/Settings!$B$18 -> 0.18495786 | E728: =F728-F727 -> 25 | F728: =ACE_Input!D8 -> 32 | G728: =MOD(Settings!$B$17*(G727),Settings!$B$18) -> 1017826335 | H728: =MAX(G728,1)/Settings!$B$18 -> 0.47396232 | I728: =-ACE_Input!W8*LN(H728) -> 2.9865098 | J728: =-ACE_Input!X8*LN(H728) -> 8.9595294 | K728: =ACE_Input!U8 -> 300 | L728: =K728*ACE_Input!V8 -> 75
A729: =7 -> 7 | B729: =ACE_Input!A9 -> 4 | C729: =MOD(Settings!$B$17*(C728),Settings!$B$18) -> 1260147826 | D729: =MAX(C729,1)/Settings!$B$18 -> 0.58680206 | E729: =F729-F728 -> 5 | F729: =ACE_Input!D9 -> 37 | G729: =MOD(Settings!$B$17*(G728),Settings!$B$18) -> 1899963990 | H729: =MAX(G729,1)/Settings!$B$18 -> 0.88473968 | I729: =-ACE_Input!W9*LN(H729) -> 0.48984731 | J729: =-ACE_Input!X9*LN(H729) -> 1.4695419 | K729: =ACE_Input!U9 -> 300 | L729: =K729*ACE_Input!V9 -> 75
A730: =7 -> 7 | B730: =ACE_Input!A10 -> 5 | C730: =MOD(Settings!$B$17*(C729),Settings!$B$18) -> 820784868 | D730: =MAX(C730,1)/Settings!$B$18 -> 0.38220774 | E730: =F730-F729 -> 5 | F730: =ACE_Input!D10 -> 42 | G730: =MOD(Settings!$B$17*(G729),Settings!$B$18) -> 1760432687 | H730: =MAX(G730,1)/Settings!$B$18 -> 0.81976535 | I730: =-ACE_Input!W10*LN(H730) -> 0.79494854 | J730: =-ACE_Input!X10*LN(H730) -> 2.3848456 | K730: =ACE_Input!U10 -> 300 | L730: =K730*ACE_Input!V10 -> 75
A731: =7 -> 7 | B731: =ACE_Input!A11 -> 6 | C731: =MOD(Settings!$B$17*(C730),Settings!$B$18) -> 1643811795 | D731: =MAX(C731,1)/Settings!$B$18 -> 0.76545952 | E731: =F731-F730 -> 5 | F731: =ACE_Input!D11 -> 47 | G731: =MOD(Settings!$B$17*(G730),Settings!$B$18) -> 1709965690 | H731: =MAX(G731,1)/Settings!$B$18 -> 0.79626482 | I731: =-ACE_Input!W11*LN(H731) -> 0.91129382 | J731: =-ACE_Input!X11*LN(H731) -> 2.7338814 | K731: =ACE_Input!U11 -> 300 | L731: =K731*ACE_Input!V11 -> 75
A732: =7 -> 7 | B732: =ACE_Input!A12 -> 7 | C732: =MOD(Settings!$B$17*(C731),Settings!$B$18) -> 167719910 | D732: =MAX(C732,1)/Settings!$B$18 -> 0.078100669 | E732: =F732-F731 -> 5 | F732: =ACE_Input!D12 -> 52 | G732: =MOD(Settings!$B$17*(G731),Settings!$B$18) -> 1767187676 | H732: =MAX(G732,1)/Settings!$B$18 -> 0.82291089 | I732: =-ACE_Input!W12*LN(H732) -> 0.77962944 | J732: =-ACE_Input!X12*LN(H732) -> 2.3388883 | K732: =ACE_Input!U12 -> 300 | L732: =K732*ACE_Input!V12 -> 75
A733: =7 -> 7 | B733: =ACE_Input!A13 -> 8 | C733: =MOD(Settings!$B$17*(C732),Settings!$B$18) -> 1369982506 | D733: =MAX(C733,1)/Settings!$B$18 -> 0.63794782 | E733: =F733-F732 -> 5 | F733: =ACE_Input!D13 -> 57 | G733: =MOD(Settings!$B$17*(G732),Settings!$B$18) -> 1424432522 | H733: =MAX(G733,1)/Settings!$B$18 -> 0.66330308 | I733: =-ACE_Input!W13*LN(H733) -> 1.642093 | J733: =-ACE_Input!X13*LN(H733) -> 4.9262791 | K733: =ACE_Input!U13 -> 300 | L733: =K733*ACE_Input!V13 -> 75
A734: =7 -> 7 | B734: =ACE_Input!A14 -> 9 | C734: =MOD(Settings!$B$17*(C733),Settings!$B$18) -> 2123798855 | D734: =MAX(C734,1)/Settings!$B$18 -> 0.98897091 | E734: =F734-F733 -> 115 | F734: =ACE_Input!D14 -> 172 | G734: =MOD(Settings!$B$17*(G733),Settings!$B$18) -> 289700498 | H734: =MAX(G734,1)/Settings!$B$18 -> 0.13490231 | I734: =-ACE_Input!W14*LN(H734) -> 8.0128177 | J734: =-ACE_Input!X14*LN(H734) -> 24.038453 | K734: =ACE_Input!U14 -> 300 | L734: =K734*ACE_Input!V14 -> 75
A735: =7 -> 7 | B735: =ACE_Input!A15 -> 10 | C735: =MOD(Settings!$B$17*(C734),Settings!$B$18) -> 1361659198 | D735: =MAX(C735,1)/Settings!$B$18 -> 0.63407198 | E735: =F735-F734 -> 5 | F735: =ACE_Input!D15 -> 177 | G735: =MOD(Settings!$B$17*(G734),Settings!$B$18) -> 650842137 | H735: =MAX(G735,1)/Settings!$B$18 -> 0.30307199 | I735: =-ACE_Input!W15*LN(H735) -> 4.7751397 | J735: =-ACE_Input!X15*LN(H735) -> 14.325419 | K735: =ACE_Input!U15 -> 300 | L735: =K735*ACE_Input!V15 -> 75
A736: =7 -> 7 | B736: =ACE_Input!A16 -> 11 | C736: =MOD(Settings!$B$17*(C735),Settings!$B$18) -> 1820398354 | D736: =MAX(C736,1)/Settings!$B$18 -> 0.84768904 | E736: =F736-F735 -> 5 | F736: =ACE_Input!D16 -> 182 | G736: =MOD(Settings!$B$17*(G735),Settings!$B$18) -> 1569582388 | H736: =MAX(G736,1)/Settings!$B$18 -> 0.73089376 | I736: =-ACE_Input!W16*LN(H736) -> 1.2539487 | J736: =-ACE_Input!X16*LN(H736) -> 3.7618461 | K736: =ACE_Input!U16 -> 300 | L736: =K736*ACE_Input!V16 -> 75
A737: =7 -> 7 | B737: =ACE_Input!A17 -> 12 | C737: =MOD(Settings!$B$17*(C736),Settings!$B$18) -> 235616869 | D737: =MAX(C737,1)/Settings!$B$18 -> 0.10971765 | E737: =F737-F736 -> 5 | F737: =ACE_Input!D17 -> 187 | G737: =MOD(Settings!$B$17*(G736),Settings!$B$18) -> 282075368 | H737: =MAX(G737,1)/Settings!$B$18 -> 0.13135158 | I737: =-ACE_Input!W17*LN(H737) -> 8.119511 | J737: =-ACE_Input!X17*LN(H737) -> 24.358533 | K737: =ACE_Input!U17 -> 300 | L737: =K737*ACE_Input!V17 -> 75
A738: =7 -> 7 | B738: =ACE_Input!A18 -> 13 | C738: =MOD(Settings!$B$17*(C737),Settings!$B$18) -> 52872215 | D738: =MAX(C738,1)/Settings!$B$18 -> 0.024620544 | E738: =F738-F737 -> 5 | F738: =ACE_Input!D18 -> 192 | G738: =MOD(Settings!$B$17*(G737),Settings!$B$18) -> 1344301047 | H738: =MAX(G738,1)/Settings!$B$18 -> 0.62598896 | I738: =-ACE_Input!W18*LN(H738) -> 1.8736902 | J738: =-ACE_Input!X18*LN(H738) -> 5.6210706 | K738: =ACE_Input!U18 -> 300 | L738: =K738*ACE_Input!V18 -> 75
...

Sheet RGS_Ground_Run
A1: Ground_Run - arrive > wait for link > downlink full volume > ground processing > delivered
A2: CONDITIONAL SYNTHETIC PERFORMANCE. Stale flags do not cancel jobs; mean completion times include stale-flagged work. No historical OPS-SAT latency or outage is measured here.
A5: Rep | B5: Entity | C5: Arrival (s) | D5: Volume (MB) | E5: Transmit time (s) | F5: Link ready (s) | G5: Link free at (s) | H5: Earliest link start (s) | I5: Cycle phase (s) | J5: Link start (s) | K5: Link done (s) | L5: Processor ready (s) | M5: Processor free at (s) | N5: Processor start (s) | O5: Processing time (s) | P5: Delivered (s) | Q5: End-to-end latency (s) | R5: Wait in link queue (s) | S5: Wait for link recovery (s) | T5: Wait for processor (s) | U5: Total queueing delay (s) | V5: Link state at arrival | W5: Delivered flag | X5: Within deadline
A6: =Arrivals!A6 -> 1 | B6: =Arrivals!B6 -> 1 | C6: =Arrivals!F6 -> 2 | D6: =Arrivals!K6 -> 300 | E6: =D6*8/ACE_Input!S6+ACE_Input!T6 -> 24.02 | F6: =C6 -> 2 | G6: =0 -> 0 | H6: =MAX(F6,G6) -> 2 | I6: =MOD(H6-Settings!$B$32,Settings!$B$33) -> 2 | J6: =IF(I6<Settings!$B$30,IF(Settings!$B$30-I6>=E6,H6,H6+(Settings!$B$30-I6)+Settings!$B$31),H6+(Settings!$B$33-I6)) -> 2 | K6: =J6+E6 -> 26.02 | L6: =K6 -> 26.02 | M6: =0 -> 0 | N6: =MAX(L6,M6) -> 26.02 | O6: =Arrivals!I6 -> 3.348416 | P6: =N6+O6 -> 29.368416 | Q6: =P6-C6 -> 27.368416 | R6: =H6-F6 -> 0 | S6: =J6-H6 -> 0 | T6: =N6-L6 -> 0 | U6: =R6+S6+T6 -> 0 | V6: =IF(MOD(C6-Settings!$B$32,Settings!$B$33)<Settings!$B$30,"Up","Down") -> Up | W6: =IF(OR(E6>Settings!$B$30,Q6>Settings!$B$37),0,1) -> 1 | X6: =IF(AND(W6=1,Q6<=Settings!$B$36),1,0) -> 1
A7: =Arrivals!A7 -> 1 | B7: =Arrivals!B7 -> 2 | C7: =Arrivals!F7 -> 7 | D7: =Arrivals!K7 -> 300 | E7: =D7*8/ACE_Input!S7+ACE_Input!T7 -> 24.02 | F7: =C7 -> 7 | G7: =K6 -> 26.02 | H7: =MAX(F7,G7) -> 26.02 | I7: =MOD(H7-Settings!$B$32,Settings!$B$33) -> 26.02 | J7: =IF(I7<Settings!$B$30,IF(Settings!$B$30-I7>=E7,H7,H7+(Settings!$B$30-I7)+Settings!$B$31),H7+(Settings!$B$33-I7)) -> 26.02 | K7: =J7+E7 -> 50.04 | L7: =K7 -> 50.04 | M7: =P6 -> 29.368416 | N7: =MAX(L7,M7) -> 50.04 | O7: =Arrivals!I7 -> 0.88269707 | P7: =N7+O7 -> 50.922697 | Q7: =P7-C7 -> 43.922697 | R7: =H7-F7 -> 19.02 | S7: =J7-H7 -> 0 | T7: =N7-L7 -> 0 | U7: =R7+S7+T7 -> 19.02 | V7: =IF(MOD(C7-Settings!$B$32,Settings!$B$33)<Settings!$B$30,"Up","Down") -> Up | W7: =IF(OR(E7>Settings!$B$30,Q7>Settings!$B$37),0,1) -> 1 | X7: =IF(AND(W7=1,Q7<=Settings!$B$36),1,0) -> 1
A8: =Arrivals!A8 -> 1 | B8: =Arrivals!B8 -> 3 | C8: =Arrivals!F8 -> 32 | D8: =Arrivals!K8 -> 300 | E8: =D8*8/ACE_Input!S8+ACE_Input!T8 -> 24.02 | F8: =C8 -> 32 | G8: =K7 -> 50.04 | H8: =MAX(F8,G8) -> 50.04 | I8: =MOD(H8-Settings!$B$32,Settings!$B$33) -> 50.04 | J8: =IF(I8<Settings!$B$30,IF(Settings!$B$30-I8>=E8,H8,H8+(Settings!$B$30-I8)+Settings!$B$31),H8+(Settings!$B$33-I8)) -> 50.04 | K8: =J8+E8 -> 74.06 | L8: =K8 -> 74.06 | M8: =P7 -> 50.922697 | N8: =MAX(L8,M8) -> 74.06 | O8: =Arrivals!I8 -> 0.68776257 | P8: =N8+O8 -> 74.747763 | Q8: =P8-C8 -> 42.747763 | R8: =H8-F8 -> 18.04 | S8: =J8-H8 -> 0 | T8: =N8-L8 -> 0 | U8: =R8+S8+T8 -> 18.04 | V8: =IF(MOD(C8-Settings!$B$32,Settings!$B$33)<Settings!$B$30,"Up","Down") -> Up | W8: =IF(OR(E8>Settings!$B$30,Q8>Settings!$B$37),0,1) -> 1 | X8: =IF(AND(W8=1,Q8<=Settings!$B$36),1,0) -> 1
A9: =Arrivals!A9 -> 1 | B9: =Arrivals!B9 -> 4 | C9: =Arrivals!F9 -> 37 | D9: =Arrivals!K9 -> 300 | E9: =D9*8/ACE_Input!S9+ACE_Input!T9 -> 24.02 | F9: =C9 -> 37 | G9: =K8 -> 74.06 | H9: =MAX(F9,G9) -> 74.06 | I9: =MOD(H9-Settings!$B$32,Settings!$B$33) -> 74.06 | J9: =IF(I9<Settings!$B$30,IF(Settings!$B$30-I9>=E9,H9,H9+(Settings!$B$30-I9)+Settings!$B$31),H9+(Settings!$B$33-I9)) -> 74.06 | K9: =J9+E9 -> 98.08 | L9: =K9 -> 98.08 | M9: =P8 -> 74.747763 | N9: =MAX(L9,M9) -> 98.08 | O9: =Arrivals!I9 -> 0.064728358 | P9: =N9+O9 -> 98.144728 | Q9: =P9-C9 -> 61.144728 | R9: =H9-F9 -> 37.06 | S9: =J9-H9 -> 0 | T9: =N9-L9 -> 0 | U9: =R9+S9+T9 -> 37.06 | V9: =IF(MOD(C9-Settings!$B$32,Settings!$B$33)<Settings!$B$30,"Up","Down") -> Up | W9: =IF(OR(E9>Settings!$B$30,Q9>Settings!$B$37),0,1) -> 1 | X9: =IF(AND(W9=1,Q9<=Settings!$B$36),1,0) -> 1
A10: =Arrivals!A10 -> 1 | B10: =Arrivals!B10 -> 5 | C10: =Arrivals!F10 -> 42 | D10: =Arrivals!K10 -> 300 | E10: =D10*8/ACE_Input!S10+ACE_Input!T10 -> 24.02 | F10: =C10 -> 42 | G10: =K9 -> 98.08 | H10: =MAX(F10,G10) -> 98.08 | I10: =MOD(H10-Settings!$B$32,Settings!$B$33) -> 98.08 | J10: =IF(I10<Settings!$B$30,IF(Settings!$B$30-I10>=E10,H10,H10+(Settings!$B$30-I10)+Settings!$B$31),H10+(Settings!$B$33-I10)) -> 98.08 | K10: =J10+E10 -> 122.1 | L10: =K10 -> 122.1 | M10: =P9 -> 98.144728 | N10: =MAX(L10,M10) -> 122.1 | O10: =Arrivals!I10 -> 6.1235999 | P10: =N10+O10 -> 128.2236 | Q10: =P10-C10 -> 86.2236 | R10: =H10-F10 -> 56.08 | S10: =J10-H10 -> 0 | T10: =N10-L10 -> 0 | U10: =R10+S10+T10 -> 56.08 | V10: =IF(MOD(C10-Settings!$B$32,Settings!$B$33)<Settings!$B$30,"Up","Down") -> Up | W10: =IF(OR(E10>Settings!$B$30,Q10>Settings!$B$37),0,1) -> 1 | X10: =IF(AND(W10=1,Q10<=Settings!$B$36),1,0) -> 1
A11: =Arrivals!A11 -> 1 | B11: =Arrivals!B11 -> 6 | C11: =Arrivals!F11 -> 47 | D11: =Arrivals!K11 -> 300 | E11: =D11*8/ACE_Input!S11+ACE_Input!T11 -> 24.02 | F11: =C11 -> 47 | G11: =K10 -> 122.1 | H11: =MAX(F11,G11) -> 122.1 | I11: =MOD(H11-Settings!$B$32,Settings!$B$33) -> 122.1 | J11: =IF(I11<Settings!$B$30,IF(Settings!$B$30-I11>=E11,H11,H11+(Settings!$B$30-I11)+Settings!$B$31),H11+(Settings!$B$33-I11)) -> 122.1 | K11: =J11+E11 -> 146.12 | L11: =K11 -> 146.12 | M11: =P10 -> 128.2236 | N11: =MAX(L11,M11) -> 146.12 | O11: =Arrivals!I11 -> 12.762431 | P11: =N11+O11 -> 158.88243 | Q11: =P11-C11 -> 111.88243 | R11: =H11-F11 -> 75.1 | S11: =J11-H11 -> 0 | T11: =N11-L11 -> 0 | U11: =R11+S11+T11 -> 75.1 | V11: =IF(MOD(C11-Settings!$B$32,Settings!$B$33)<Settings!$B$30,"Up","Down") -> Up | W11: =IF(OR(E11>Settings!$B$30,Q11>Settings!$B$37),0,1) -> 1 | X11: =IF(AND(W11=1,Q11<=Settings!$B$36),1,0) -> 1
A12: =Arrivals!A12 -> 1 | B12: =Arrivals!B12 -> 7 | C12: =Arrivals!F12 -> 52 | D12: =Arrivals!K12 -> 300 | E12: =D12*8/ACE_Input!S12+ACE_Input!T12 -> 24.02 | F12: =C12 -> 52 | G12: =K11 -> 146.12 | H12: =MAX(F12,G12) -> 146.12 | I12: =MOD(H12-Settings!$B$32,Settings!$B$33) -> 146.12 | J12: =IF(I12<Settings!$B$30,IF(Settings!$B$30-I12>=E12,H12,H12+(Settings!$B$30-I12)+Settings!$B$31),H12+(Settings!$B$33-I12)) -> 146.12 | K12: =J12+E12 -> 170.14 | L12: =K12 -> 170.14 | M12: =P11 -> 158.88243 | N12: =MAX(L12,M12) -> 170.14 | O12: =Arrivals!I12 -> 2.3536095 | P12: =N12+O12 -> 172.49361 | Q12: =P12-C12 -> 120.49361 | R12: =H12-F12 -> 94.12 | S12: =J12-H12 -> 0 | T12: =N12-L12 -> 0 | U12: =R12+S12+T12 -> 94.12 | V12: =IF(MOD(C12-Settings!$B$32,Settings!$B$33)<Settings!$B$30,"Up","Down") -> Up | W12: =IF(OR(E12>Settings!$B$30,Q12>Settings!$B$37),0,1) -> 1 | X12: =IF(AND(W12=1,Q12<=Settings!$B$36),1,0) -> 0
A13: =Arrivals!A13 -> 1 | B13: =Arrivals!B13 -> 8 | C13: =Arrivals!F13 -> 57 | D13: =Arrivals!K13 -> 300 | E13: =D13*8/ACE_Input!S13+ACE_Input!T13 -> 24.02 | F13: =C13 -> 57 | G13: =K12 -> 170.14 | H13: =MAX(F13,G13) -> 170.14 | I13: =MOD(H13-Settings!$B$32,Settings!$B$33) -> 170.14 | J13: =IF(I13<Settings!$B$30,IF(Settings!$B$30-I13>=E13,H13,H13+(Settings!$B$30-I13)+Settings!$B$31),H13+(Settings!$B$33-I13)) -> 170.14 | K13: =J13+E13 -> 194.16 | L13: =K13 -> 194.16 | M13: =P12 -> 172.49361 | N13: =MAX(L13,M13) -> 194.16 | O13: =Arrivals!I13 -> 2.9777461 | P13: =N13+O13 -> 197.13775 | Q13: =P13-C13 -> 140.13775 | R13: =H13-F13 -> 113.14 | S13: =J13-H13 -> 0 | T13: =N13-L13 -> 0 | U13: =R13+S13+T13 -> 113.14 | V13: =IF(MOD(C13-Settings!$B$32,Settings!$B$33)<Settings!$B$30,"Up","Down") -> Up | W13: =IF(OR(E13>Settings!$B$30,Q13>Settings!$B$37),0,1) -> 1 | X13: =IF(AND(W13=1,Q13<=Settings!$B$36),1,0) -> 0
A14: =Arrivals!A14 -> 1 | B14: =Arrivals!B14 -> 9 | C14: =Arrivals!F14 -> 172 | D14: =Arrivals!K14 -> 300 | E14: =D14*8/ACE_Input!S14+ACE_Input!T14 -> 24.02 | F14: =C14 -> 172 | G14: =K13 -> 194.16 | H14: =MAX(F14,G14) -> 194.16 | I14: =MOD(H14-Settings!$B$32,Settings!$B$33) -> 194.16 | J14: =IF(I14<Settings!$B$30,IF(Settings!$B$30-I14>=E14,H14,H14+(Settings!$B$30-I14)+Settings!$B$31),H14+(Settings!$B$33-I14)) -> 194.16 | K14: =J14+E14 -> 218.18 | L14: =K14 -> 218.18 | M14: =P13 -> 197.13775 | N14: =MAX(L14,M14) -> 218.18 | O14: =Arrivals!I14 -> 4.1260512 | P14: =N14+O14 -> 222.30605 | Q14: =P14-C14 -> 50.306051 | R14: =H14-F14 -> 22.16 | S14: =J14-H14 -> 0 | T14: =N14-L14 -> 0 | U14: =R14+S14+T14 -> 22.16 | V14: =IF(MOD(C14-Settings!$B$32,Settings!$B$33)<Settings!$B$30,"Up","Down") -> Up | W14: =IF(OR(E14>Settings!$B$30,Q14>Settings!$B$37),0,1) -> 1 | X14: =IF(AND(W14=1,Q14<=Settings!$B$36),1,0) -> 1
A15: =Arrivals!A15 -> 1 | B15: =Arrivals!B15 -> 10 | C15: =Arrivals!F15 -> 177 | D15: =Arrivals!K15 -> 300 | E15: =D15*8/ACE_Input!S15+ACE_Input!T15 -> 24.02 | F15: =C15 -> 177 | G15: =K14 -> 218.18 | H15: =MAX(F15,G15) -> 218.18 | I15: =MOD(H15-Settings!$B$32,Settings!$B$33) -> 218.18 | J15: =IF(I15<Settings!$B$30,IF(Settings!$B$30-I15>=E15,H15,H15+(Settings!$B$30-I15)+Settings!$B$31),H15+(Settings!$B$33-I15)) -> 218.18 | K15: =J15+E15 -> 242.2 | L15: =K15 -> 242.2 | M15: =P14 -> 222.30605 | N15: =MAX(L15,M15) -> 242.2 | O15: =Arrivals!I15 -> 7.7049227 | P15: =N15+O15 -> 249.90492 | Q15: =P15-C15 -> 72.904923 | R15: =H15-F15 -> 41.18 | S15: =J15-H15 -> 0 | T15: =N15-L15 -> 0 | U15: =R15+S15+T15 -> 41.18 | V15: =IF(MOD(C15-Settings!$B$32,Settings!$B$33)<Settings!$B$30,"Up","Down") -> Up | W15: =IF(OR(E15>Settings!$B$30,Q15>Settings!$B$37),0,1) -> 1 | X15: =IF(AND(W15=1,Q15<=Settings!$B$36),1,0) -> 1
A16: =Arrivals!A16 -> 1 | B16: =Arrivals!B16 -> 11 | C16: =Arrivals!F16 -> 182 | D16: =Arrivals!K16 -> 300 | E16: =D16*8/ACE_Input!S16+ACE_Input!T16 -> 24.02 | F16: =C16 -> 182 | G16: =K15 -> 242.2 | H16: =MAX(F16,G16) -> 242.2 | I16: =MOD(H16-Settings!$B$32,Settings!$B$33) -> 242.2 | J16: =IF(I16<Settings!$B$30,IF(Settings!$B$30-I16>=E16,H16,H16+(Settings!$B$30-I16)+Settings!$B$31),H16+(Settings!$B$33-I16)) -> 242.2 | K16: =J16+E16 -> 266.22 | L16: =K16 -> 266.22 | M16: =P15 -> 249.90492 | N16: =MAX(L16,M16) -> 266.22 | O16: =Arrivals!I16 -> 1.3227546 | P16: =N16+O16 -> 267.54275 | Q16: =P16-C16 -> 85.542755 | R16: =H16-F16 -> 60.2 | S16: =J16-H16 -> 0 | T16: =N16-L16 -> 0 | U16: =R16+S16+T16 -> 60.2 | V16: =IF(MOD(C16-Settings!$B$32,Settings!$B$33)<Settings!$B$30,"Up","Down") -> Up | W16: =IF(OR(E16>Settings!$B$30,Q16>Settings!$B$37),0,1) -> 1 | X16: =IF(AND(W16=1,Q16<=Settings!$B$36),1,0) -> 1
A17: =Arrivals!A17 -> 1 | B17: =Arrivals!B17 -> 12 | C17: =Arrivals!F17 -> 187 | D17: =Arrivals!K17 -> 300 | E17: =D17*8/ACE_Input!S17+ACE_Input!T17 -> 24.02 | F17: =C17 -> 187 | G17: =K16 -> 266.22 | H17: =MAX(F17,G17) -> 266.22 | I17: =MOD(H17-Settings!$B$32,Settings!$B$33) -> 266.22 | J17: =IF(I17<Settings!$B$30,IF(Settings!$B$30-I17>=E17,H17,H17+(Settings!$B$30-I17)+Settings!$B$31),H17+(Settings!$B$33-I17)) -> 266.22 | K17: =J17+E17 -> 290.24 | L17: =K17 -> 290.24 | M17: =P16 -> 267.54275 | N17: =MAX(L17,M17) -> 290.24 | O17: =Arrivals!I17 -> 1.8283864 | P17: =N17+O17 -> 292.06839 | Q17: =P17-C17 -> 105.06839 | R17: =H17-F17 -> 79.22 | S17: =J17-H17 -> 0 | T17: =N17-L17 -> 0 | U17: =R17+S17+T17 -> 79.22 | V17: =IF(MOD(C17-Settings!$B$32,Settings!$B$33)<Settings!$B$30,"Up","Down") -> Up | W17: =IF(OR(E17>Settings!$B$30,Q17>Settings!$B$37),0,1) -> 1 | X17: =IF(AND(W17=1,Q17<=Settings!$B$36),1,0) -> 1
A18: =Arrivals!A18 -> 1 | B18: =Arrivals!B18 -> 13 | C18: =Arrivals!F18 -> 192 | D18: =Arrivals!K18 -> 300 | E18: =D18*8/ACE_Input!S18+ACE_Input!T18 -> 24.02 | F18: =C18 -> 192 | G18: =K17 -> 290.24 | H18: =MAX(F18,G18) -> 290.24 | I18: =MOD(H18-Settings!$B$32,Settings!$B$33) -> 290.24 | J18: =IF(I18<Settings!$B$30,IF(Settings!$B$30-I18>=E18,H18,H18+(Settings!$B$30-I18)+Settings!$B$31),H18+(Settings!$B$33-I18)) -> 290.24 | K18: =J18+E18 -> 314.26 | L18: =K18 -> 314.26 | M18: =P17 -> 292.06839 | N18: =MAX(L18,M18) -> 314.26 | O18: =Arrivals!I18 -> 0.72650824 | P18: =N18+O18 -> 314.98651 | Q18: =P18-C18 -> 122.98651 | R18: =H18-F18 -> 98.24 | S18: =J18-H18 -> 0 | T18: =N18-L18 -> 0 | U18: =R18+S18+T18 -> 98.24 | V18: =IF(MOD(C18-Settings!$B$32,Settings!$B$33)<Settings!$B$30,"Up","Down") -> Up | W18: =IF(OR(E18>Settings!$B$30,Q18>Settings!$B$37),0,1) -> 1 | X18: =IF(AND(W18=1,Q18<=Settings!$B$36),1,0) -> 0
... A105: =Arrivals!A105 -> 1 | B105: =Arrivals!B105 -> 100 | C105: =Arrivals!F105 -> 689 | D105: =Arrivals!K105 -> 300 | E105: =D105*8/ACE_Input!S105+ACE_Input!T105 -> 24.02 | F105: =C105 -> 689 | G105: =K104 -> 2952.06 | H105: =MAX(F105,G105) -> 2952.06 | I105: =MOD(H105-Settings!$B$32,Settings!$B$33) -> 72.06 | J105: =IF(I105<Settings!$B$30,IF(Settings!$B$30-I105>=E105,H105,H105+(Settings!$B$30-I105)+Settings!$B$31),H105+(Settings!$B$33-I105)) -> 2952.06 | K105: =J105+E105 -> 2976.08 | L105: =K105 -> 2976.08 | M105: =P104 -> 2952.4778 | N105: =MAX(L105,M105) -> 2976.08 | O105: =Arrivals!I105 -> 12.357689 | P105: =N105+O105 -> 2988.4377 | Q105: =P105-C105 -> 2299.4377 | R105: =H105-F105 -> 2263.06 | S105: =J105-H105 -> 0 | T105: =N105-L105 -> 0 | U105: =R105+S105+T105 -> 2263.06 | V105: =IF(MOD(C105-Settings!$B$32,Settings!$B$33)<Settings!$B$30,"Up","Down") -> Down | W105: =IF(OR(E105>Settings!$B$30,Q105>Settings!$B$37),0,1) -> 0 | X105: =IF(AND(W105=1,Q105<=Settings!$B$36),1,0) -> 0
A126: =Arrivals!A126 -> 2 | B126: =Arrivals!B126 -> 1 | C126: =Arrivals!F126 -> 2 | D126: =Arrivals!K126 -> 300 | E126: =D126*8/ACE_Input!S6+ACE_Input!T6 -> 24.02 | F126: =C126 -> 2 | G126: =0 -> 0 | H126: =MAX(F126,G126) -> 2 | I126: =MOD(H126-Settings!$B$32,Settings!$B$33) -> 2 | J126: =IF(I126<Settings!$B$30,IF(Settings!$B$30-I126>=E126,H126,H126+(Settings!$B$30-I126)+Settings!$B$31),H126+(Settings!$B$33-I126)) -> 2 | K126: =J126+E126 -> 26.02 | L126: =K126 -> 26.02 | M126: =0 -> 0 | N126: =MAX(L126,M126) -> 26.02 | O126: =Arrivals!I126 -> 3.2767564 | P126: =N126+O126 -> 29.296756 | Q126: =P126-C126 -> 27.296756 | R126: =H126-F126 -> 0 | S126: =J126-H126 -> 0 | T126: =N126-L126 -> 0 | U126: =R126+S126+T126 -> 0 | V126: =IF(MOD(C126-Settings!$B$32,Settings!$B$33)<Settings!$B$30,"Up","Down") -> Up | W126: =IF(OR(E126>Settings!$B$30,Q126>Settings!$B$37),0,1) -> 1 | X126: =IF(AND(W126=1,Q126<=Settings!$B$36),1,0) -> 1
A127: =Arrivals!A127 -> 2 | B127: =Arrivals!B127 -> 2 | C127: =Arrivals!F127 -> 7 | D127: =Arrivals!K127 -> 300 | E127: =D127*8/ACE_Input!S7+ACE_Input!T7 -> 24.02 | F127: =C127 -> 7 | G127: =K126 -> 26.02 | H127: =MAX(F127,G127) -> 26.02 | I127: =MOD(H127-Settings!$B$32,Settings!$B$33) -> 26.02 | J127: =IF(I127<Settings!$B$30,IF(Settings!$B$30-I127>=E127,H127,H127+(Settings!$B$30-I127)+Settings!$B$31),H127+(Settings!$B$33-I127)) -> 26.02 | K127: =J127+E127 -> 50.04 | L127: =K127 -> 50.04 | M127: =P126 -> 29.296756 | N127: =MAX(L127,M127) -> 50.04 | O127: =Arrivals!I127 -> 4.3179924 | P127: =N127+O127 -> 54.357992 | Q127: =P127-C127 -> 47.357992 | R127: =H127-F127 -> 19.02 | S127: =J127-H127 -> 0 | T127: =N127-L127 -> 0 | U127: =R127+S127+T127 -> 19.02 | V127: =IF(MOD(C127-Settings!$B$32,Settings!$B$33)<Settings!$B$30,"Up","Down") -> Up | W127: =IF(OR(E127>Settings!$B$30,Q127>Settings!$B$37),0,1) -> 1 | X127: =IF(AND(W127=1,Q127<=Settings!$B$36),1,0) -> 1
A128: =Arrivals!A128 -> 2 | B128: =Arrivals!B128 -> 3 | C128: =Arrivals!F128 -> 32 | D128: =Arrivals!K128 -> 300 | E128: =D128*8/ACE_Input!S8+ACE_Input!T8 -> 24.02 | F128: =C128 -> 32 | G128: =K127 -> 50.04 | H128: =MAX(F128,G128) -> 50.04 | I128: =MOD(H128-Settings!$B$32,Settings!$B$33) -> 50.04 | J128: =IF(I128<Settings!$B$30,IF(Settings!$B$30-I128>=E128,H128,H128+(Settings!$B$30-I128)+Settings!$B$31),H128+(Settings!$B$33-I128)) -> 50.04 | K128: =J128+E128 -> 74.06 | L128: =K128 -> 74.06 | M128: =P127 -> 54.357992 | N128: =MAX(L128,M128) -> 74.06 | O128: =Arrivals!I128 -> 3.2176439 | P128: =N128+O128 -> 77.277644 | Q128: =P128-C128 -> 45.277644 | R128: =H128-F128 -> 18.04 | S128: =J128-H128 -> 0 | T128: =N128-L128 -> 0 | U128: =R128+S128+T128 -> 18.04 | V128: =IF(MOD(C128-Settings!$B$32,Settings!$B$33)<Settings!$B$30,"Up","Down") -> Up | W128: =IF(OR(E128>Settings!$B$30,Q128>Settings!$B$37),0,1) -> 1 | X128: =IF(AND(W128=1,Q128<=Settings!$B$36),1,0) -> 1
A129: =Arrivals!A129 -> 2 | B129: =Arrivals!B129 -> 4 | C129: =Arrivals!F129 -> 37 | D129: =Arrivals!K129 -> 300 | E129: =D129*8/ACE_Input!S9+ACE_Input!T9 -> 24.02 | F129: =C129 -> 37 | G129: =K128 -> 74.06 | H129: =MAX(F129,G129) -> 74.06 | I129: =MOD(H129-Settings!$B$32,Settings!$B$33) -> 74.06 | J129: =IF(I129<Settings!$B$30,IF(Settings!$B$30-I129>=E129,H129,H129+(Settings!$B$30-I129)+Settings!$B$31),H129+(Settings!$B$33-I129)) -> 74.06 | K129: =J129+E129 -> 98.08 | L129: =K129 -> 98.08 | M129: =P128 -> 77.277644 | N129: =MAX(L129,M129) -> 98.08 | O129: =Arrivals!I129 -> 1.8223202 | P129: =N129+O129 -> 99.90232 | Q129: =P129-C129 -> 62.90232 | R129: =H129-F129 -> 37.06 | S129: =J129-H129 -> 0 | T129: =N129-L129 -> 0 | U129: =R129+S129+T129 -> 37.06 | V129: =IF(MOD(C129-Settings!$B$32,Settings!$B$33)<Settings!$B$30,"Up","Down") -> Up | W129: =IF(OR(E129>Settings!$B$30,Q129>Settings!$B$37),0,1) -> 1 | X129: =IF(AND(W129=1,Q129<=Settings!$B$36),1,0) -> 1
A130: =Arrivals!A130 -> 2 | B130: =Arrivals!B130 -> 5 | C130: =Arrivals!F130 -> 42 | D130: =Arrivals!K130 -> 300 | E130: =D130*8/ACE_Input!S10+ACE_Input!T10 -> 24.02 | F130: =C130 -> 42 | G130: =K129 -> 98.08 | H130: =MAX(F130,G130) -> 98.08 | I130: =MOD(H130-Settings!$B$32,Settings!$B$33) -> 98.08 | J130: =IF(I130<Settings!$B$30,IF(Settings!$B$30-I130>=E130,H130,H130+(Settings!$B$30-I130)+Settings!$B$31),H130+(Settings!$B$33-I130)) -> 98.08 | K130: =J130+E130 -> 122.1 | L130: =K130 -> 122.1 | M130: =P129 -> 99.90232 | N130: =MAX(L130,M130) -> 122.1 | O130: =Arrivals!I130 -> 0.06623216 | P130: =N130+O130 -> 122.16623 | Q130: =P130-C130 -> 80.166232 | R130: =H130-F130 -> 56.08 | S130: =J130-H130 -> 0 | T130: =N130-L130 -> 0 | U130: =R130+S130+T130 -> 56.08 | V130: =IF(MOD(C130-Settings!$B$32,Settings!$B$33)<Settings!$B$30,"Up","Down") -> Up | W130: =IF(OR(E130>Settings!$B$30,Q130>Settings!$B$37),0,1) -> 1 | X130: =IF(AND(W130=1,Q130<=Settings!$B$36),1,0) -> 1
A131: =Arrivals!A131 -> 2 | B131: =Arrivals!B131 -> 6 | C131: =Arrivals!F131 -> 47 | D131: =Arrivals!K131 -> 300 | E131: =D131*8/ACE_Input!S11+ACE_Input!T11 -> 24.02 | F131: =C131 -> 47 | G131: =K130 -> 122.1 | H131: =MAX(F131,G131) -> 122.1 | I131: =MOD(H131-Settings!$B$32,Settings!$B$33) -> 122.1 | J131: =IF(I131<Settings!$B$30,IF(Settings!$B$30-I131>=E131,H131,H131+(Settings!$B$30-I131)+Settings!$B$31),H131+(Settings!$B$33-I131)) -> 122.1 | K131: =J131+E131 -> 146.12 | L131: =K131 -> 146.12 | M131: =P130 -> 122.16623 | N131: =MAX(L131,M131) -> 146.12 | O131: =Arrivals!I131 -> 32.027258 | P131: =N131+O131 -> 178.14726 | Q131: =P131-C131 -> 131.14726 | R131: =H131-F131 -> 75.1 | S131: =J131-H131 -> 0 | T131: =N131-L131 -> 0 | U131: =R131+S131+T131 -> 75.1 | V131: =IF(MOD(C131-Settings!$B$32,Settings!$B$33)<Settings!$B$30,"Up","Down") -> Up | W131: =IF(OR(E131>Settings!$B$30,Q131>Settings!$B$37),0,1) -> 1 | X131: =IF(AND(W131=1,Q131<=Settings!$B$36),1,0) -> 0
A132: =Arrivals!A132 -> 2 | B132: =Arrivals!B132 -> 7 | C132: =Arrivals!F132 -> 52 | D132: =Arrivals!K132 -> 300 | E132: =D132*8/ACE_Input!S12+ACE_Input!T12 -> 24.02 | F132: =C132 -> 52 | G132: =K131 -> 146.12 | H132: =MAX(F132,G132) -> 146.12 | I132: =MOD(H132-Settings!$B$32,Settings!$B$33) -> 146.12 | J132: =IF(I132<Settings!$B$30,IF(Settings!$B$30-I132>=E132,H132,H132+(Settings!$B$30-I132)+Settings!$B$31),H132+(Settings!$B$33-I132)) -> 146.12 | K132: =J132+E132 -> 170.14 | L132: =K132 -> 170.14 | M132: =P131 -> 178.14726 | N132: =MAX(L132,M132) -> 178.14726 | O132: =Arrivals!I132 -> 2.0444372 | P132: =N132+O132 -> 180.1917 | Q132: =P132-C132 -> 128.1917 | R132: =H132-F132 -> 94.12 | S132: =J132-H132 -> 0 | T132: =N132-L132 -> 8.0072582 | U132: =R132+S132+T132 -> 102.12726 | V132: =IF(MOD(C132-Settings!$B$32,Settings!$B$33)<Settings!$B$30,"Up","Down") -> Up | W132: =IF(OR(E132>Settings!$B$30,Q132>Settings!$B$37),0,1) -> 1 | X132: =IF(AND(W132=1,Q132<=Settings!$B$36),1,0) -> 0
A133: =Arrivals!A133 -> 2 | B133: =Arrivals!B133 -> 8 | C133: =Arrivals!F133 -> 57 | D133: =Arrivals!K133 -> 300 | E133: =D133*8/ACE_Input!S13+ACE_Input!T13 -> 24.02 | F133: =C133 -> 57 | G133: =K132 -> 170.14 | H133: =MAX(F133,G133) -> 170.14 | I133: =MOD(H133-Settings!$B$32,Settings!$B$33) -> 170.14 | J133: =IF(I133<Settings!$B$30,IF(Settings!$B$30-I133>=E133,H133,H133+(Settings!$B$30-I133)+Settings!$B$31),H133+(Settings!$B$33-I133)) -> 170.14 | K133: =J133+E133 -> 194.16 | L133: =K133 -> 194.16 | M133: =P132 -> 180.1917 | N133: =MAX(L133,M133) -> 194.16 | O133: =Arrivals!I133 -> 4.3185489 | P133: =N133+O133 -> 198.47855 | Q133: =P133-C133 -> 141.47855 | R133: =H133-F133 -> 113.14 | S133: =J133-H133 -> 0 | T133: =N133-L133 -> 0 | U133: =R133+S133+T133 -> 113.14 | V133: =IF(MOD(C133-Settings!$B$32,Settings!$B$33)<Settings!$B$30,"Up","Down") -> Up | W133: =IF(OR(E133>Settings!$B$30,Q133>Settings!$B$37),0,1) -> 1 | X133: =IF(AND(W133=1,Q133<=Settings!$B$36),1,0) -> 0
A134: =Arrivals!A134 -> 2 | B134: =Arrivals!B134 -> 9 | C134: =Arrivals!F134 -> 172 | D134: =Arrivals!K134 -> 300 | E134: =D134*8/ACE_Input!S14+ACE_Input!T14 -> 24.02 | F134: =C134 -> 172 | G134: =K133 -> 194.16 | H134: =MAX(F134,G134) -> 194.16 | I134: =MOD(H134-Settings!$B$32,Settings!$B$33) -> 194.16 | J134: =IF(I134<Settings!$B$30,IF(Settings!$B$30-I134>=E134,H134,H134+(Settings!$B$30-I134)+Settings!$B$31),H134+(Settings!$B$33-I134)) -> 194.16 | K134: =J134+E134 -> 218.18 | L134: =K134 -> 218.18 | M134: =P133 -> 198.47855 | N134: =MAX(L134,M134) -> 218.18 | O134: =Arrivals!I134 -> 1.7054899 | P134: =N134+O134 -> 219.88549 | Q134: =P134-C134 -> 47.88549 | R134: =H134-F134 -> 22.16 | S134: =J134-H134 -> 0 | T134: =N134-L134 -> 0 | U134: =R134+S134+T134 -> 22.16 | V134: =IF(MOD(C134-Settings!$B$32,Settings!$B$33)<Settings!$B$30,"Up","Down") -> Up | W134: =IF(OR(E134>Settings!$B$30,Q134>Settings!$B$37),0,1) -> 1 | X134: =IF(AND(W134=1,Q134<=Settings!$B$36),1,0) -> 1
A135: =Arrivals!A135 -> 2 | B135: =Arrivals!B135 -> 10 | C135: =Arrivals!F135 -> 177 | D135: =Arrivals!K135 -> 300 | E135: =D135*8/ACE_Input!S15+ACE_Input!T15 -> 24.02 | F135: =C135 -> 177 | G135: =K134 -> 218.18 | H135: =MAX(F135,G135) -> 218.18 | I135: =MOD(H135-Settings!$B$32,Settings!$B$33) -> 218.18 | J135: =IF(I135<Settings!$B$30,IF(Settings!$B$30-I135>=E135,H135,H135+(Settings!$B$30-I135)+Settings!$B$31),H135+(Settings!$B$33-I135)) -> 218.18 | K135: =J135+E135 -> 242.2 | L135: =K135 -> 242.2 | M135: =P134 -> 219.88549 | N135: =MAX(L135,M135) -> 242.2 | O135: =Arrivals!I135 -> 0.70412258 | P135: =N135+O135 -> 242.90412 | Q135: =P135-C135 -> 65.904123 | R135: =H135-F135 -> 41.18 | S135: =J135-H135 -> 0 | T135: =N135-L135 -> 0 | U135: =R135+S135+T135 -> 41.18 | V135: =IF(MOD(C135-Settings!$B$32,Settings!$B$33)<Settings!$B$30,"Up","Down") -> Up | W135: =IF(OR(E135>Settings!$B$30,Q135>Settings!$B$37),0,1) -> 1 | X135: =IF(AND(W135=1,Q135<=Settings!$B$36),1,0) -> 1
A136: =Arrivals!A136 -> 2 | B136: =Arrivals!B136 -> 11 | C136: =Arrivals!F136 -> 182 | D136: =Arrivals!K136 -> 300 | E136: =D136*8/ACE_Input!S16+ACE_Input!T16 -> 24.02 | F136: =C136 -> 182 | G136: =K135 -> 242.2 | H136: =MAX(F136,G136) -> 242.2 | I136: =MOD(H136-Settings!$B$32,Settings!$B$33) -> 242.2 | J136: =IF(I136<Settings!$B$30,IF(Settings!$B$30-I136>=E136,H136,H136+(Settings!$B$30-I136)+Settings!$B$31),H136+(Settings!$B$33-I136)) -> 242.2 | K136: =J136+E136 -> 266.22 | L136: =K136 -> 266.22 | M136: =P135 -> 242.90412 | N136: =MAX(L136,M136) -> 266.22 | O136: =Arrivals!I136 -> 6.0473159 | P136: =N136+O136 -> 272.26732 | Q136: =P136-C136 -> 90.267316 | R136: =H136-F136 -> 60.2 | S136: =J136-H136 -> 0 | T136: =N136-L136 -> 0 | U136: =R136+S136+T136 -> 60.2 | V136: =IF(MOD(C136-Settings!$B$32,Settings!$B$33)<Settings!$B$30,"Up","Down") -> Up | W136: =IF(OR(E136>Settings!$B$30,Q136>Settings!$B$37),0,1) -> 1 | X136: =IF(AND(W136=1,Q136<=Settings!$B$36),1,0) -> 1
A137: =Arrivals!A137 -> 2 | B137: =Arrivals!B137 -> 12 | C137: =Arrivals!F137 -> 187 | D137: =Arrivals!K137 -> 300 | E137: =D137*8/ACE_Input!S17+ACE_Input!T17 -> 24.02 | F137: =C137 -> 187 | G137: =K136 -> 266.22 | H137: =MAX(F137,G137) -> 266.22 | I137: =MOD(H137-Settings!$B$32,Settings!$B$33) -> 266.22 | J137: =IF(I137<Settings!$B$30,IF(Settings!$B$30-I137>=E137,H137,H137+(Settings!$B$30-I137)+Settings!$B$31),H137+(Settings!$B$33-I137)) -> 266.22 | K137: =J137+E137 -> 290.24 | L137: =K137 -> 290.24 | M137: =P136 -> 272.26732 | N137: =MAX(L137,M137) -> 290.24 | O137: =Arrivals!I137 -> 12.023838 | P137: =N137+O137 -> 302.26384 | Q137: =P137-C137 -> 115.26384 | R137: =H137-F137 -> 79.22 | S137: =J137-H137 -> 0 | T137: =N137-L137 -> 0 | U137: =R137+S137+T137 -> 79.22 | V137: =IF(MOD(C137-Settings!$B$32,Settings!$B$33)<Settings!$B$30,"Up","Down") -> Up | W137: =IF(OR(E137>Settings!$B$30,Q137>Settings!$B$37),0,1) -> 1 | X137: =IF(AND(W137=1,Q137<=Settings!$B$36),1,0) -> 1
A138: =Arrivals!A138 -> 2 | B138: =Arrivals!B138 -> 13 | C138: =Arrivals!F138 -> 192 | D138: =Arrivals!K138 -> 300 | E138: =D138*8/ACE_Input!S18+ACE_Input!T18 -> 24.02 | F138: =C138 -> 192 | G138: =K137 -> 290.24 | H138: =MAX(F138,G138) -> 290.24 | I138: =MOD(H138-Settings!$B$32,Settings!$B$33) -> 290.24 | J138: =IF(I138<Settings!$B$30,IF(Settings!$B$30-I138>=E138,H138,H138+(Settings!$B$30-I138)+Settings!$B$31),H138+(Settings!$B$33-I138)) -> 290.24 | K138: =J138+E138 -> 314.26 | L138: =K138 -> 314.26 | M138: =P137 -> 302.26384 | N138: =MAX(L138,M138) -> 314.26 | O138: =Arrivals!I138 -> 0.89628395 | P138: =N138+O138 -> 315.15628 | Q138: =P138-C138 -> 123.15628 | R138: =H138-F138 -> 98.24 | S138: =J138-H138 -> 0 | T138: =N138-L138 -> 0 | U138: =R138+S138+T138 -> 98.24 | V138: =IF(MOD(C138-Settings!$B$32,Settings!$B$33)<Settings!$B$30,"Up","Down") -> Up | W138: =IF(OR(E138>Settings!$B$30,Q138>Settings!$B$37),0,1) -> 1 | X138: =IF(AND(W138=1,Q138<=Settings!$B$36),1,0) -> 0
... A225: =Arrivals!A225 -> 2 | B225: =Arrivals!B225 -> 100 | C225: =Arrivals!F225 -> 689 | D225: =Arrivals!K225 -> 300 | E225: =D225*8/ACE_Input!S105+ACE_Input!T105 -> 24.02 | F225: =C225 -> 689 | G225: =K224 -> 2952.06 | H225: =MAX(F225,G225) -> 2952.06 | I225: =MOD(H225-Settings!$B$32,Settings!$B$33) -> 72.06 | J225: =IF(I225<Settings!$B$30,IF(Settings!$B$30-I225>=E225,H225,H225+(Settings!$B$30-I225)+Settings!$B$31),H225+(Settings!$B$33-I225)) -> 2952.06 | K225: =J225+E225 -> 2976.08 | L225: =K225 -> 2976.08 | M225: =P224 -> 2958.1514 | N225: =MAX(L225,M225) -> 2976.08 | O225: =Arrivals!I225 -> 3.282615 | P225: =N225+O225 -> 2979.3626 | Q225: =P225-C225 -> 2290.3626 | R225: =H225-F225 -> 2263.06 | S225: =J225-H225 -> 0 | T225: =N225-L225 -> 0 | U225: =R225+S225+T225 -> 2263.06 | V225: =IF(MOD(C225-Settings!$B$32,Settings!$B$33)<Settings!$B$30,"Up","Down") -> Down | W225: =IF(OR(E225>Settings!$B$30,Q225>Settings!$B$37),0,1) -> 0 | X225: =IF(AND(W225=1,Q225<=Settings!$B$36),1,0) -> 0
A246: =Arrivals!A246 -> 3 | B246: =Arrivals!B246 -> 1 | C246: =Arrivals!F246 -> 2 | D246: =Arrivals!K246 -> 300 | E246: =D246*8/ACE_Input!S6+ACE_Input!T6 -> 24.02 | F246: =C246 -> 2 | G246: =0 -> 0 | H246: =MAX(F246,G246) -> 2 | I246: =MOD(H246-Settings!$B$32,Settings!$B$33) -> 2 | J246: =IF(I246<Settings!$B$30,IF(Settings!$B$30-I246>=E246,H246,H246+(Settings!$B$30-I246)+Settings!$B$31),H246+(Settings!$B$33-I246)) -> 2 | K246: =J246+E246 -> 26.02 | L246: =K246 -> 26.02 | M246: =0 -> 0 | N246: =MAX(L246,M246) -> 26.02 | O246: =Arrivals!I246 -> 3.2063581 | P246: =N246+O246 -> 29.226358 | Q246: =P246-C246 -> 27.226358 | R246: =H246-F246 -> 0 | S246: =J246-H246 -> 0 | T246: =N246-L246 -> 0 | U246: =R246+S246+T246 -> 0 | V246: =IF(MOD(C246-Settings!$B$32,Settings!$B$33)<Settings!$B$30,"Up","Down") -> Up | W246: =IF(OR(E246>Settings!$B$30,Q246>Settings!$B$37),0,1) -> 1 | X246: =IF(AND(W246=1,Q246<=Settings!$B$36),1,0) -> 1
A247: =Arrivals!A247 -> 3 | B247: =Arrivals!B247 -> 2 | C247: =Arrivals!F247 -> 7 | D247: =Arrivals!K247 -> 300 | E247: =D247*8/ACE_Input!S7+ACE_Input!T7 -> 24.02 | F247: =C247 -> 7 | G247: =K246 -> 26.02 | H247: =MAX(F247,G247) -> 26.02 | I247: =MOD(H247-Settings!$B$32,Settings!$B$33) -> 26.02 | J247: =IF(I247<Settings!$B$30,IF(Settings!$B$30-I247>=E247,H247,H247+(Settings!$B$30-I247)+Settings!$B$31),H247+(Settings!$B$33-I247)) -> 26.02 | K247: =J247+E247 -> 50.04 | L247: =K247 -> 50.04 | M247: =P246 -> 29.226358 | N247: =MAX(L247,M247) -> 50.04 | O247: =Arrivals!I247 -> 0.52246644 | P247: =N247+O247 -> 50.562466 | Q247: =P247-C247 -> 43.562466 | R247: =H247-F247 -> 19.02 | S247: =J247-H247 -> 0 | T247: =N247-L247 -> 0 | U247: =R247+S247+T247 -> 19.02 | V247: =IF(MOD(C247-Settings!$B$32,Settings!$B$33)<Settings!$B$30,"Up","Down") -> Up | W247: =IF(OR(E247>Settings!$B$30,Q247>Settings!$B$37),0,1) -> 1 | X247: =IF(AND(W247=1,Q247<=Settings!$B$36),1,0) -> 1
A248: =Arrivals!A248 -> 3 | B248: =Arrivals!B248 -> 3 | C248: =Arrivals!F248 -> 32 | D248: =Arrivals!K248 -> 300 | E248: =D248*8/ACE_Input!S8+ACE_Input!T8 -> 24.02 | F248: =C248 -> 32 | G248: =K247 -> 50.04 | H248: =MAX(F248,G248) -> 50.04 | I248: =MOD(H248-Settings!$B$32,Settings!$B$33) -> 50.04 | J248: =IF(I248<Settings!$B$30,IF(Settings!$B$30-I248>=E248,H248,H248+(Settings!$B$30-I248)+Settings!$B$31),H248+(Settings!$B$33-I248)) -> 50.04 | K248: =J248+E248 -> 74.06 | L248: =K248 -> 74.06 | M248: =P247 -> 50.562466 | N248: =MAX(L248,M248) -> 74.06 | O248: =Arrivals!I248 -> 11.774568 | P248: =N248+O248 -> 85.834568 | Q248: =P248-C248 -> 53.834568 | R248: =H248-F248 -> 18.04 | S248: =J248-H248 -> 0 | T248: =N248-L248 -> 0 | U248: =R248+S248+T248 -> 18.04 | V248: =IF(MOD(C248-Settings!$B$32,Settings!$B$33)<Settings!$B$30,"Up","Down") -> Up | W248: =IF(OR(E248>Settings!$B$30,Q248>Settings!$B$37),0,1) -> 1 | X248: =IF(AND(W248=1,Q248<=Settings!$B$36),1,0) -> 1
A249: =Arrivals!A249 -> 3 | B249: =Arrivals!B249 -> 4 | C249: =Arrivals!F249 -> 37 | D249: =Arrivals!K249 -> 300 | E249: =D249*8/ACE_Input!S9+ACE_Input!T9 -> 24.02 | F249: =C249 -> 37 | G249: =K248 -> 74.06 | H249: =MAX(F249,G249) -> 74.06 | I249: =MOD(H249-Settings!$B$32,Settings!$B$33) -> 74.06 | J249: =IF(I249<Settings!$B$30,IF(Settings!$B$30-I249>=E249,H249,H249+(Settings!$B$30-I249)+Settings!$B$31),H249+(Settings!$B$33-I249)) -> 74.06 | K249: =J249+E249 -> 98.08 | L249: =K249 -> 98.08 | M249: =P248 -> 85.834568 | N249: =MAX(L249,M249) -> 98.08 | O249: =Arrivals!I249 -> 5.0321396 | P249: =N249+O249 -> 103.11214 | Q249: =P249-C249 -> 66.11214 | R249: =H249-F249 -> 37.06 | S249: =J249-H249 -> 0 | T249: =N249-L249 -> 0 | U249: =R249+S249+T249 -> 37.06 | V249: =IF(MOD(C249-Settings!$B$32,Settings!$B$33)<Settings!$B$30,"Up","Down") -> Up | W249: =IF(OR(E249>Settings!$B$30,Q249>Settings!$B$37),0,1) -> 1 | X249: =IF(AND(W249=1,Q249<=Settings!$B$36),1,0) -> 1
A250: =Arrivals!A250 -> 3 | B250: =Arrivals!B250 -> 5 | C250: =Arrivals!F250 -> 42 | D250: =Arrivals!K250 -> 300 | E250: =D250*8/ACE_Input!S10+ACE_Input!T10 -> 24.02 | F250: =C250 -> 42 | G250: =K249 -> 98.08 | H250: =MAX(F250,G250) -> 98.08 | I250: =MOD(H250-Settings!$B$32,Settings!$B$33) -> 98.08 | J250: =IF(I250<Settings!$B$30,IF(Settings!$B$30-I250>=E250,H250,H250+(Settings!$B$30-I250)+Settings!$B$31),H250+(Settings!$B$33-I250)) -> 98.08 | K250: =J250+E250 -> 122.1 | L250: =K250 -> 122.1 | M250: =P249 -> 103.11214 | N250: =MAX(L250,M250) -> 122.1 | O250: =Arrivals!I250 -> 1.1463802 | P250: =N250+O250 -> 123.24638 | Q250: =P250-C250 -> 81.24638 | R250: =H250-F250 -> 56.08 | S250: =J250-H250 -> 0 | T250: =N250-L250 -> 0 | U250: =R250+S250+T250 -> 56.08 | V250: =IF(MOD(C250-Settings!$B$32,Settings!$B$33)<Settings!$B$30,"Up","Down") -> Up | W250: =IF(OR(E250>Settings!$B$30,Q250>Settings!$B$37),0,1) -> 1 | X250: =IF(AND(W250=1,Q250<=Settings!$B$36),1,0) -> 1
A251: =Arrivals!A251 -> 3 | B251: =Arrivals!B251 -> 6 | C251: =Arrivals!F251 -> 47 | D251: =Arrivals!K251 -> 300 | E251: =D251*8/ACE_Input!S11+ACE_Input!T11 -> 24.02 | F251: =C251 -> 47 | G251: =K250 -> 122.1 | H251: =MAX(F251,G251) -> 122.1 | I251: =MOD(H251-Settings!$B$32,Settings!$B$33) -> 122.1 | J251: =IF(I251<Settings!$B$30,IF(Settings!$B$30-I251>=E251,H251,H251+(Settings!$B$30-I251)+Settings!$B$31),H251+(Settings!$B$33-I251)) -> 122.1 | K251: =J251+E251 -> 146.12 | L251: =K251 -> 146.12 | M251: =P250 -> 123.24638 | N251: =MAX(L251,M251) -> 146.12 | O251: =Arrivals!I251 -> 0.16529051 | P251: =N251+O251 -> 146.28529 | Q251: =P251-C251 -> 99.285291 | R251: =H251-F251 -> 75.1 | S251: =J251-H251 -> 0 | T251: =N251-L251 -> 0 | U251: =R251+S251+T251 -> 75.1 | V251: =IF(MOD(C251-Settings!$B$32,Settings!$B$33)<Settings!$B$30,"Up","Down") -> Up | W251: =IF(OR(E251>Settings!$B$30,Q251>Settings!$B$37),0,1) -> 1 | X251: =IF(AND(W251=1,Q251<=Settings!$B$36),1,0) -> 1
A252: =Arrivals!A252 -> 3 | B252: =Arrivals!B252 -> 7 | C252: =Arrivals!F252 -> 52 | D252: =Arrivals!K252 -> 300 | E252: =D252*8/ACE_Input!S12+ACE_Input!T12 -> 24.02 | F252: =C252 -> 52 | G252: =K251 -> 146.12 | H252: =MAX(F252,G252) -> 146.12 | I252: =MOD(H252-Settings!$B$32,Settings!$B$33) -> 146.12 | J252: =IF(I252<Settings!$B$30,IF(Settings!$B$30-I252>=E252,H252,H252+(Settings!$B$30-I252)+Settings!$B$31),H252+(Settings!$B$33-I252)) -> 146.12 | K252: =J252+E252 -> 170.14 | L252: =K252 -> 170.14 | M252: =P251 -> 146.28529 | N252: =MAX(L252,M252) -> 170.14 | O252: =Arrivals!I252 -> 1.7574568 | P252: =N252+O252 -> 171.89746 | Q252: =P252-C252 -> 119.89746 | R252: =H252-F252 -> 94.12 | S252: =J252-H252 -> 0 | T252: =N252-L252 -> 0 | U252: =R252+S252+T252 -> 94.12 | V252: =IF(MOD(C252-Settings!$B$32,Settings!$B$33)<Settings!$B$30,"Up","Down") -> Up | W252: =IF(OR(E252>Settings!$B$30,Q252>Settings!$B$37),0,1) -> 1 | X252: =IF(AND(W252=1,Q252<=Settings!$B$36),1,0) -> 1
A253: =Arrivals!A253 -> 3 | B253: =Arrivals!B253 -> 8 | C253: =Arrivals!F253 -> 57 | D253: =Arrivals!K253 -> 300 | E253: =D253*8/ACE_Input!S13+ACE_Input!T13 -> 24.02 | F253: =C253 -> 57 | G253: =K252 -> 170.14 | H253: =MAX(F253,G253) -> 170.14 | I253: =MOD(H253-Settings!$B$32,Settings!$B$33) -> 170.14 | J253: =IF(I253<Settings!$B$30,IF(Settings!$B$30-I253>=E253,H253,H253+(Settings!$B$30-I253)+Settings!$B$31),H253+(Settings!$B$33-I253)) -> 170.14 | K253: =J253+E253 -> 194.16 | L253: =K253 -> 194.16 | M253: =P252 -> 171.89746 | N253: =MAX(L253,M253) -> 194.16 | O253: =Arrivals!I253 -> 6.3500089 | P253: =N253+O253 -> 200.51001 | Q253: =P253-C253 -> 143.51001 | R253: =H253-F253 -> 113.14 | S253: =J253-H253 -> 0 | T253: =N253-L253 -> 0 | U253: =R253+S253+T253 -> 113.14 | V253: =IF(MOD(C253-Settings!$B$32,Settings!$B$33)<Settings!$B$30,"Up","Down") -> Up | W253: =IF(OR(E253>Settings!$B$30,Q253>Settings!$B$37),0,1) -> 1 | X253: =IF(AND(W253=1,Q253<=Settings!$B$36),1,0) -> 0
A254: =Arrivals!A254 -> 3 | B254: =Arrivals!B254 -> 9 | C254: =Arrivals!F254 -> 172 | D254: =Arrivals!K254 -> 300 | E254: =D254*8/ACE_Input!S14+ACE_Input!T14 -> 24.02 | F254: =C254 -> 172 | G254: =K253 -> 194.16 | H254: =MAX(F254,G254) -> 194.16 | I254: =MOD(H254-Settings!$B$32,Settings!$B$33) -> 194.16 | J254: =IF(I254<Settings!$B$30,IF(Settings!$B$30-I254>=E254,H254,H254+(Settings!$B$30-I254)+Settings!$B$31),H254+(Settings!$B$33-I254)) -> 194.16 | K254: =J254+E254 -> 218.18 | L254: =K254 -> 218.18 | M254: =P253 -> 200.51001 | N254: =MAX(L254,M254) -> 218.18 | O254: =Arrivals!I254 -> 0.20821029 | P254: =N254+O254 -> 218.38821 | Q254: =P254-C254 -> 46.38821 | R254: =H254-F254 -> 22.16 | S254: =J254-H254 -> 0 | T254: =N254-L254 -> 0 | U254: =R254+S254+T254 -> 22.16 | V254: =IF(MOD(C254-Settings!$B$32,Settings!$B$33)<Settings!$B$30,"Up","Down") -> Up | W254: =IF(OR(E254>Settings!$B$30,Q254>Settings!$B$37),0,1) -> 1 | X254: =IF(AND(W254=1,Q254<=Settings!$B$36),1,0) -> 1
A255: =Arrivals!A255 -> 3 | B255: =Arrivals!B255 -> 10 | C255: =Arrivals!F255 -> 177 | D255: =Arrivals!K255 -> 300 | E255: =D255*8/ACE_Input!S15+ACE_Input!T15 -> 24.02 | F255: =C255 -> 177 | G255: =K254 -> 218.18 | H255: =MAX(F255,G255) -> 218.18 | I255: =MOD(H255-Settings!$B$32,Settings!$B$33) -> 218.18 | J255: =IF(I255<Settings!$B$30,IF(Settings!$B$30-I255>=E255,H255,H255+(Settings!$B$30-I255)+Settings!$B$31),H255+(Settings!$B$33-I255)) -> 218.18 | K255: =J255+E255 -> 242.2 | L255: =K255 -> 242.2 | M255: =P254 -> 218.38821 | N255: =MAX(L255,M255) -> 242.2 | O255: =Arrivals!I255 -> 2.5282969 | P255: =N255+O255 -> 244.7283 | Q255: =P255-C255 -> 67.728297 | R255: =H255-F255 -> 41.18 | S255: =J255-H255 -> 0 | T255: =N255-L255 -> 0 | U255: =R255+S255+T255 -> 41.18 | V255: =IF(MOD(C255-Settings!$B$32,Settings!$B$33)<Settings!$B$30,"Up","Down") -> Up | W255: =IF(OR(E255>Settings!$B$30,Q255>Settings!$B$37),0,1) -> 1 | X255: =IF(AND(W255=1,Q255<=Settings!$B$36),1,0) -> 1
A256: =Arrivals!A256 -> 3 | B256: =Arrivals!B256 -> 11 | C256: =Arrivals!F256 -> 182 | D256: =Arrivals!K256 -> 300 | E256: =D256*8/ACE_Input!S16+ACE_Input!T16 -> 24.02 | F256: =C256 -> 182 | G256: =K255 -> 242.2 | H256: =MAX(F256,G256) -> 242.2 | I256: =MOD(H256-Settings!$B$32,Settings!$B$33) -> 242.2 | J256: =IF(I256<Settings!$B$30,IF(Settings!$B$30-I256>=E256,H256,H256+(Settings!$B$30-I256)+Settings!$B$31),H256+(Settings!$B$33-I256)) -> 242.2 | K256: =J256+E256 -> 266.22 | L256: =K256 -> 266.22 | M256: =P255 -> 244.7283 | N256: =MAX(L256,M256) -> 266.22 | O256: =Arrivals!I256 -> 1.2996875 | P256: =N256+O256 -> 267.51969 | Q256: =P256-C256 -> 85.519688 | R256: =H256-F256 -> 60.2 | S256: =J256-H256 -> 0 | T256: =N256-L256 -> 0 | U256: =R256+S256+T256 -> 60.2 | V256: =IF(MOD(C256-Settings!$B$32,Settings!$B$33)<Settings!$B$30,"Up","Down") -> Up | W256: =IF(OR(E256>Settings!$B$30,Q256>Settings!$B$37),0,1) -> 1 | X256: =IF(AND(W256=1,Q256<=Settings!$B$36),1,0) -> 1
A257: =Arrivals!A257 -> 3 | B257: =Arrivals!B257 -> 12 | C257: =Arrivals!F257 -> 187 | D257: =Arrivals!K257 -> 300 | E257: =D257*8/ACE_Input!S17+ACE_Input!T17 -> 24.02 | F257: =C257 -> 187 | G257: =K256 -> 266.22 | H257: =MAX(F257,G257) -> 266.22 | I257: =MOD(H257-Settings!$B$32,Settings!$B$33) -> 266.22 | J257: =IF(I257<Settings!$B$30,IF(Settings!$B$30-I257>=E257,H257,H257+(Settings!$B$30-I257)+Settings!$B$31),H257+(Settings!$B$33-I257)) -> 266.22 | K257: =J257+E257 -> 290.24 | L257: =K257 -> 290.24 | M257: =P256 -> 267.51969 | N257: =MAX(L257,M257) -> 290.24 | O257: =Arrivals!I257 -> 3.0554521 | P257: =N257+O257 -> 293.29545 | Q257: =P257-C257 -> 106.29545 | R257: =H257-F257 -> 79.22 | S257: =J257-H257 -> 0 | T257: =N257-L257 -> 0 | U257: =R257+S257+T257 -> 79.22 | V257: =IF(MOD(C257-Settings!$B$32,Settings!$B$33)<Settings!$B$30,"Up","Down") -> Up | W257: =IF(OR(E257>Settings!$B$30,Q257>Settings!$B$37),0,1) -> 1 | X257: =IF(AND(W257=1,Q257<=Settings!$B$36),1,0) -> 1
A258: =Arrivals!A258 -> 3 | B258: =Arrivals!B258 -> 13 | C258: =Arrivals!F258 -> 192 | D258: =Arrivals!K258 -> 300 | E258: =D258*8/ACE_Input!S18+ACE_Input!T18 -> 24.02 | F258: =C258 -> 192 | G258: =K257 -> 290.24 | H258: =MAX(F258,G258) -> 290.24 | I258: =MOD(H258-Settings!$B$32,Settings!$B$33) -> 290.24 | J258: =IF(I258<Settings!$B$30,IF(Settings!$B$30-I258>=E258,H258,H258+(Settings!$B$30-I258)+Settings!$B$31),H258+(Settings!$B$33-I258)) -> 290.24 | K258: =J258+E258 -> 314.26 | L258: =K258 -> 314.26 | M258: =P257 -> 293.29545 | N258: =MAX(L258,M258) -> 314.26 | O258: =Arrivals!I258 -> 1.0735863 | P258: =N258+O258 -> 315.33359 | Q258: =P258-C258 -> 123.33359 | R258: =H258-F258 -> 98.24 | S258: =J258-H258 -> 0 | T258: =N258-L258 -> 0 | U258: =R258+S258+T258 -> 98.24 | V258: =IF(MOD(C258-Settings!$B$32,Settings!$B$33)<Settings!$B$30,"Up","Down") -> Up | W258: =IF(OR(E258>Settings!$B$30,Q258>Settings!$B$37),0,1) -> 1 | X258: =IF(AND(W258=1,Q258<=Settings!$B$36),1,0) -> 0
... A345: =Arrivals!A345 -> 3 | B345: =Arrivals!B345 -> 100 | C345: =Arrivals!F345 -> 689 | D345: =Arrivals!K345 -> 300 | E345: =D345*8/ACE_Input!S105+ACE_Input!T105 -> 24.02 | F345: =C345 -> 689 | G345: =K344 -> 2952.06 | H345: =MAX(F345,G345) -> 2952.06 | I345: =MOD(H345-Settings!$B$32,Settings!$B$33) -> 72.06 | J345: =IF(I345<Settings!$B$30,IF(Settings!$B$30-I345>=E345,H345,H345+(Settings!$B$30-I345)+Settings!$B$31),H345+(Settings!$B$33-I345)) -> 2952.06 | K345: =J345+E345 -> 2976.08 | L345: =K345 -> 2976.08 | M345: =P344 -> 2954.5592 | N345: =MAX(L345,M345) -> 2976.08 | O345: =Arrivals!I345 -> 0.72244697 | P345: =N345+O345 -> 2976.8024 | Q345: =P345-C345 -> 2287.8024 | R345: =H345-F345 -> 2263.06 | S345: =J345-H345 -> 0 | T345: =N345-L345 -> 0 | U345: =R345+S345+T345 -> 2263.06 | V345: =IF(MOD(C345-Settings!$B$32,Settings!$B$33)<Settings!$B$30,"Up","Down") -> Down | W345: =IF(OR(E345>Settings!$B$30,Q345>Settings!$B$37),0,1) -> 0 | X345: =IF(AND(W345=1,Q345<=Settings!$B$36),1,0) -> 0
A366: =Arrivals!A366 -> 4 | B366: =Arrivals!B366 -> 1 | C366: =Arrivals!F366 -> 2 | D366: =Arrivals!K366 -> 300 | E366: =D366*8/ACE_Input!S6+ACE_Input!T6 -> 24.02 | F366: =C366 -> 2 | G366: =0 -> 0 | H366: =MAX(F366,G366) -> 2 | I366: =MOD(H366-Settings!$B$32,Settings!$B$33) -> 2 | J366: =IF(I366<Settings!$B$30,IF(Settings!$B$30-I366>=E366,H366,H366+(Settings!$B$30-I366)+Settings!$B$31),H366+(Settings!$B$33-I366)) -> 2 | K366: =J366+E366 -> 26.02 | L366: =K366 -> 26.02 | M366: =0 -> 0 | N366: =MAX(L366,M366) -> 26.02 | O366: =Arrivals!I366 -> 3.1371774 | P366: =N366+O366 -> 29.157177 | Q366: =P366-C366 -> 27.157177 | R366: =H366-F366 -> 0 | S366: =J366-H366 -> 0 | T366: =N366-L366 -> 0 | U366: =R366+S366+T366 -> 0 | V366: =IF(MOD(C366-Settings!$B$32,Settings!$B$33)<Settings!$B$30,"Up","Down") -> Up | W366: =IF(OR(E366>Settings!$B$30,Q366>Settings!$B$37),0,1) -> 1 | X366: =IF(AND(W366=1,Q366<=Settings!$B$36),1,0) -> 1
A367: =Arrivals!A367 -> 4 | B367: =Arrivals!B367 -> 2 | C367: =Arrivals!F367 -> 7 | D367: =Arrivals!K367 -> 300 | E367: =D367*8/ACE_Input!S7+ACE_Input!T7 -> 24.02 | F367: =C367 -> 7 | G367: =K366 -> 26.02 | H367: =MAX(F367,G367) -> 26.02 | I367: =MOD(H367-Settings!$B$32,Settings!$B$33) -> 26.02 | J367: =IF(I367<Settings!$B$30,IF(Settings!$B$30-I367>=E367,H367,H367+(Settings!$B$30-I367)+Settings!$B$31),H367+(Settings!$B$33-I367)) -> 26.02 | K367: =J367+E367 -> 50.04 | L367: =K367 -> 50.04 | M367: =P366 -> 29.157177 | N367: =MAX(L367,M367) -> 50.04 | O367: =Arrivals!I367 -> 3.5146091 | P367: =N367+O367 -> 53.554609 | Q367: =P367-C367 -> 46.554609 | R367: =H367-F367 -> 19.02 | S367: =J367-H367 -> 0 | T367: =N367-L367 -> 0 | U367: =R367+S367+T367 -> 19.02 | V367: =IF(MOD(C367-Settings!$B$32,Settings!$B$33)<Settings!$B$30,"Up","Down") -> Up | W367: =IF(OR(E367>Settings!$B$30,Q367>Settings!$B$37),0,1) -> 1 | X367: =IF(AND(W367=1,Q367<=Settings!$B$36),1,0) -> 1
A368: =Arrivals!A368 -> 4 | B368: =Arrivals!B368 -> 3 | C368: =Arrivals!F368 -> 32 | D368: =Arrivals!K368 -> 300 | E368: =D368*8/ACE_Input!S8+ACE_Input!T8 -> 24.02 | F368: =C368 -> 32 | G368: =K367 -> 50.04 | H368: =MAX(F368,G368) -> 50.04 | I368: =MOD(H368-Settings!$B$32,Settings!$B$33) -> 50.04 | J368: =IF(I368<Settings!$B$30,IF(Settings!$B$30-I368>=E368,H368,H368+(Settings!$B$30-I368)+Settings!$B$31),H368+(Settings!$B$33-I368)) -> 50.04 | K368: =J368+E368 -> 74.06 | L368: =K368 -> 74.06 | M368: =P367 -> 53.554609 | N368: =MAX(L368,M368) -> 74.06 | O368: =Arrivals!I368 -> 1.6742273 | P368: =N368+O368 -> 75.734227 | Q368: =P368-C368 -> 43.734227 | R368: =H368-F368 -> 18.04 | S368: =J368-H368 -> 0 | T368: =N368-L368 -> 0 | U368: =R368+S368+T368 -> 18.04 | V368: =IF(MOD(C368-Settings!$B$32,Settings!$B$33)<Settings!$B$30,"Up","Down") -> Up | W368: =IF(OR(E368>Settings!$B$30,Q368>Settings!$B$37),0,1) -> 1 | X368: =IF(AND(W368=1,Q368<=Settings!$B$36),1,0) -> 1
A369: =Arrivals!A369 -> 4 | B369: =Arrivals!B369 -> 4 | C369: =Arrivals!F369 -> 37 | D369: =Arrivals!K369 -> 300 | E369: =D369*8/ACE_Input!S9+ACE_Input!T9 -> 24.02 | F369: =C369 -> 37 | G369: =K368 -> 74.06 | H369: =MAX(F369,G369) -> 74.06 | I369: =MOD(H369-Settings!$B$32,Settings!$B$33) -> 74.06 | J369: =IF(I369<Settings!$B$30,IF(Settings!$B$30-I369>=E369,H369,H369+(Settings!$B$30-I369)+Settings!$B$31),H369+(Settings!$B$33-I369)) -> 74.06 | K369: =J369+E369 -> 98.08 | L369: =K369 -> 98.08 | M369: =P368 -> 75.734227 | N369: =MAX(L369,M369) -> 98.08 | O369: =Arrivals!I369 -> 0.2716428 | P369: =N369+O369 -> 98.351643 | Q369: =P369-C369 -> 61.351643 | R369: =H369-F369 -> 37.06 | S369: =J369-H369 -> 0 | T369: =N369-L369 -> 0 | U369: =R369+S369+T369 -> 37.06 | V369: =IF(MOD(C369-Settings!$B$32,Settings!$B$33)<Settings!$B$30,"Up","Down") -> Up | W369: =IF(OR(E369>Settings!$B$30,Q369>Settings!$B$37),0,1) -> 1 | X369: =IF(AND(W369=1,Q369<=Settings!$B$36),1,0) -> 1
A370: =Arrivals!A370 -> 4 | B370: =Arrivals!B370 -> 5 | C370: =Arrivals!F370 -> 42 | D370: =Arrivals!K370 -> 300 | E370: =D370*8/ACE_Input!S10+ACE_Input!T10 -> 24.02 | F370: =C370 -> 42 | G370: =K369 -> 98.08 | H370: =MAX(F370,G370) -> 98.08 | I370: =MOD(H370-Settings!$B$32,Settings!$B$33) -> 98.08 | J370: =IF(I370<Settings!$B$30,IF(Settings!$B$30-I370>=E370,H370,H370+(Settings!$B$30-I370)+Settings!$B$31),H370+(Settings!$B$33-I370)) -> 98.08 | K370: =J370+E370 -> 122.1 | L370: =K370 -> 122.1 | M370: =P369 -> 98.351643 | N370: =MAX(L370,M370) -> 122.1 | O370: =Arrivals!I370 -> 2.63071 | P370: =N370+O370 -> 124.73071 | Q370: =P370-C370 -> 82.73071 | R370: =H370-F370 -> 56.08 | S370: =J370-H370 -> 0 | T370: =N370-L370 -> 0 | U370: =R370+S370+T370 -> 56.08 | V370: =IF(MOD(C370-Settings!$B$32,Settings!$B$33)<Settings!$B$30,"Up","Down") -> Up | W370: =IF(OR(E370>Settings!$B$30,Q370>Settings!$B$37),0,1) -> 1 | X370: =IF(AND(W370=1,Q370<=Settings!$B$36),1,0) -> 1
A371: =Arrivals!A371 -> 4 | B371: =Arrivals!B371 -> 6 | C371: =Arrivals!F371 -> 47 | D371: =Arrivals!K371 -> 300 | E371: =D371*8/ACE_Input!S11+ACE_Input!T11 -> 24.02 | F371: =C371 -> 47 | G371: =K370 -> 122.1 | H371: =MAX(F371,G371) -> 122.1 | I371: =MOD(H371-Settings!$B$32,Settings!$B$33) -> 122.1 | J371: =IF(I371<Settings!$B$30,IF(Settings!$B$30-I371>=E371,H371,H371+(Settings!$B$30-I371)+Settings!$B$31),H371+(Settings!$B$33-I371)) -> 122.1 | K371: =J371+E371 -> 146.12 | L371: =K371 -> 146.12 | M371: =P370 -> 124.73071 | N371: =MAX(L371,M371) -> 146.12 | O371: =Arrivals!I371 -> 0.33915718 | P371: =N371+O371 -> 146.45916 | Q371: =P371-C371 -> 99.459157 | R371: =H371-F371 -> 75.1 | S371: =J371-H371 -> 0 | T371: =N371-L371 -> 0 | U371: =R371+S371+T371 -> 75.1 | V371: =IF(MOD(C371-Settings!$B$32,Settings!$B$33)<Settings!$B$30,"Up","Down") -> Up | W371: =IF(OR(E371>Settings!$B$30,Q371>Settings!$B$37),0,1) -> 1 | X371: =IF(AND(W371=1,Q371<=Settings!$B$36),1,0) -> 1
A372: =Arrivals!A372 -> 4 | B372: =Arrivals!B372 -> 7 | C372: =Arrivals!F372 -> 52 | D372: =Arrivals!K372 -> 300 | E372: =D372*8/ACE_Input!S12+ACE_Input!T12 -> 24.02 | F372: =C372 -> 52 | G372: =K371 -> 146.12 | H372: =MAX(F372,G372) -> 146.12 | I372: =MOD(H372-Settings!$B$32,Settings!$B$33) -> 146.12 | J372: =IF(I372<Settings!$B$30,IF(Settings!$B$30-I372>=E372,H372,H372+(Settings!$B$30-I372)+Settings!$B$31),H372+(Settings!$B$33-I372)) -> 146.12 | K372: =J372+E372 -> 170.14 | L372: =K372 -> 170.14 | M372: =P371 -> 146.45916 | N372: =MAX(L372,M372) -> 170.14 | O372: =Arrivals!I372 -> 1.4896947 | P372: =N372+O372 -> 171.62969 | Q372: =P372-C372 -> 119.62969 | R372: =H372-F372 -> 94.12 | S372: =J372-H372 -> 0 | T372: =N372-L372 -> 0 | U372: =R372+S372+T372 -> 94.12 | V372: =IF(MOD(C372-Settings!$B$32,Settings!$B$33)<Settings!$B$30,"Up","Down") -> Up | W372: =IF(OR(E372>Settings!$B$30,Q372>Settings!$B$37),0,1) -> 1 | X372: =IF(AND(W372=1,Q372<=Settings!$B$36),1,0) -> 1
A373: =Arrivals!A373 -> 4 | B373: =Arrivals!B373 -> 8 | C373: =Arrivals!F373 -> 57 | D373: =Arrivals!K373 -> 300 | E373: =D373*8/ACE_Input!S13+ACE_Input!T13 -> 24.02 | F373: =C373 -> 57 | G373: =K372 -> 170.14 | H373: =MAX(F373,G373) -> 170.14 | I373: =MOD(H373-Settings!$B$32,Settings!$B$33) -> 170.14 | J373: =IF(I373<Settings!$B$30,IF(Settings!$B$30-I373>=E373,H373,H373+(Settings!$B$30-I373)+Settings!$B$31),H373+(Settings!$B$33-I373)) -> 170.14 | K373: =J373+E373 -> 194.16 | L373: =K373 -> 194.16 | M373: =P372 -> 171.62969 | N373: =MAX(L373,M373) -> 194.16 | O373: =Arrivals!I373 -> 10.685766 | P373: =N373+O373 -> 204.84577 | Q373: =P373-C373 -> 147.84577 | R373: =H373-F373 -> 113.14 | S373: =J373-H373 -> 0 | T373: =N373-L373 -> 0 | U373: =R373+S373+T373 -> 113.14 | V373: =IF(MOD(C373-Settings!$B$32,Settings!$B$33)<Settings!$B$30,"Up","Down") -> Up | W373: =IF(OR(E373>Settings!$B$30,Q373>Settings!$B$37),0,1) -> 1 | X373: =IF(AND(W373=1,Q373<=Settings!$B$36),1,0) -> 0
A374: =Arrivals!A374 -> 4 | B374: =Arrivals!B374 -> 9 | C374: =Arrivals!F374 -> 172 | D374: =Arrivals!K374 -> 300 | E374: =D374*8/ACE_Input!S14+ACE_Input!T14 -> 24.02 | F374: =C374 -> 172 | G374: =K373 -> 194.16 | H374: =MAX(F374,G374) -> 194.16 | I374: =MOD(H374-Settings!$B$32,Settings!$B$33) -> 194.16 | J374: =IF(I374<Settings!$B$30,IF(Settings!$B$30-I374>=E374,H374,H374+(Settings!$B$30-I374)+Settings!$B$31),H374+(Settings!$B$33-I374)) -> 194.16 | K374: =J374+E374 -> 218.18 | L374: =K374 -> 218.18 | M374: =P373 -> 204.84577 | N374: =MAX(L374,M374) -> 218.18 | O374: =Arrivals!I374 -> 5.6148235 | P374: =N374+O374 -> 223.79482 | Q374: =P374-C374 -> 51.794824 | R374: =H374-F374 -> 22.16 | S374: =J374-H374 -> 0 | T374: =N374-L374 -> 0 | U374: =R374+S374+T374 -> 22.16 | V374: =IF(MOD(C374-Settings!$B$32,Settings!$B$33)<Settings!$B$30,"Up","Down") -> Up | W374: =IF(OR(E374>Settings!$B$30,Q374>Settings!$B$37),0,1) -> 1 | X374: =IF(AND(W374=1,Q374<=Settings!$B$36),1,0) -> 1
A375: =Arrivals!A375 -> 4 | B375: =Arrivals!B375 -> 10 | C375: =Arrivals!F375 -> 177 | D375: =Arrivals!K375 -> 300 | E375: =D375*8/ACE_Input!S15+ACE_Input!T15 -> 24.02 | F375: =C375 -> 177 | G375: =K374 -> 218.18 | H375: =MAX(F375,G375) -> 218.18 | I375: =MOD(H375-Settings!$B$32,Settings!$B$33) -> 218.18 | J375: =IF(I375<Settings!$B$30,IF(Settings!$B$30-I375>=E375,H375,H375+(Settings!$B$30-I375)+Settings!$B$31),H375+(Settings!$B$33-I375)) -> 218.18 | K375: =J375+E375 -> 242.2 | L375: =K375 -> 242.2 | M375: =P374 -> 223.79482 | N375: =MAX(L375,M375) -> 242.2 | O375: =Arrivals!I375 -> 5.9775827 | P375: =N375+O375 -> 248.17758 | Q375: =P375-C375 -> 71.177583 | R375: =H375-F375 -> 41.18 | S375: =J375-H375 -> 0 | T375: =N375-L375 -> 0 | U375: =R375+S375+T375 -> 41.18 | V375: =IF(MOD(C375-Settings!$B$32,Settings!$B$33)<Settings!$B$30,"Up","Down") -> Up | W375: =IF(OR(E375>Settings!$B$30,Q375>Settings!$B$37),0,1) -> 1 | X375: =IF(AND(W375=1,Q375<=Settings!$B$36),1,0) -> 1
A376: =Arrivals!A376 -> 4 | B376: =Arrivals!B376 -> 11 | C376: =Arrivals!F376 -> 182 | D376: =Arrivals!K376 -> 300 | E376: =D376*8/ACE_Input!S16+ACE_Input!T16 -> 24.02 | F376: =C376 -> 182 | G376: =K375 -> 242.2 | H376: =MAX(F376,G376) -> 242.2 | I376: =MOD(H376-Settings!$B$32,Settings!$B$33) -> 242.2 | J376: =IF(I376<Settings!$B$30,IF(Settings!$B$30-I376>=E376,H376,H376+(Settings!$B$30-I376)+Settings!$B$31),H376+(Settings!$B$33-I376)) -> 242.2 | K376: =J376+E376 -> 266.22 | L376: =K376 -> 266.22 | M376: =P375 -> 248.17758 | N376: =MAX(L376,M376) -> 266.22 | O376: =Arrivals!I376 -> 5.9726456 | P376: =N376+O376 -> 272.19265 | Q376: =P376-C376 -> 90.192646 | R376: =H376-F376 -> 60.2 | S376: =J376-H376 -> 0 | T376: =N376-L376 -> 0 | U376: =R376+S376+T376 -> 60.2 | V376: =IF(MOD(C376-Settings!$B$32,Settings!$B$33)<Settings!$B$30,"Up","Down") -> Up | W376: =IF(OR(E376>Settings!$B$30,Q376>Settings!$B$37),0,1) -> 1 | X376: =IF(AND(W376=1,Q376<=Settings!$B$36),1,0) -> 1
A377: =Arrivals!A377 -> 4 | B377: =Arrivals!B377 -> 12 | C377: =Arrivals!F377 -> 187 | D377: =Arrivals!K377 -> 300 | E377: =D377*8/ACE_Input!S17+ACE_Input!T17 -> 24.02 | F377: =C377 -> 187 | G377: =K376 -> 266.22 | H377: =MAX(F377,G377) -> 266.22 | I377: =MOD(H377-Settings!$B$32,Settings!$B$33) -> 266.22 | J377: =IF(I377<Settings!$B$30,IF(Settings!$B$30-I377>=E377,H377,H377+(Settings!$B$30-I377)+Settings!$B$31),H377+(Settings!$B$33-I377)) -> 266.22 | K377: =J377+E377 -> 290.24 | L377: =K377 -> 290.24 | M377: =P376 -> 272.19265 | N377: =MAX(L377,M377) -> 290.24 | O377: =Arrivals!I377 -> 0.50118557 | P377: =N377+O377 -> 290.74119 | Q377: =P377-C377 -> 103.74119 | R377: =H377-F377 -> 79.22 | S377: =J377-H377 -> 0 | T377: =N377-L377 -> 0 | U377: =R377+S377+T377 -> 79.22 | V377: =IF(MOD(C377-Settings!$B$32,Settings!$B$33)<Settings!$B$30,"Up","Down") -> Up | W377: =IF(OR(E377>Settings!$B$30,Q377>Settings!$B$37),0,1) -> 1 | X377: =IF(AND(W377=1,Q377<=Settings!$B$36),1,0) -> 1
A378: =Arrivals!A378 -> 4 | B378: =Arrivals!B378 -> 13 | C378: =Arrivals!F378 -> 192 | D378: =Arrivals!K378 -> 300 | E378: =D378*8/ACE_Input!S18+ACE_Input!T18 -> 24.02 | F378: =C378 -> 192 | G378: =K377 -> 290.24 | H378: =MAX(F378,G378) -> 290.24 | I378: =MOD(H378-Settings!$B$32,Settings!$B$33) -> 290.24 | J378: =IF(I378<Settings!$B$30,IF(Settings!$B$30-I378>=E378,H378,H378+(Settings!$B$30-I378)+Settings!$B$31),H378+(Settings!$B$33-I378)) -> 290.24 | K378: =J378+E378 -> 314.26 | L378: =K378 -> 314.26 | M378: =P377 -> 290.74119 | N378: =MAX(L378,M378) -> 314.26 | O378: =Arrivals!I378 -> 1.2591136 | P378: =N378+O378 -> 315.51911 | Q378: =P378-C378 -> 123.51911 | R378: =H378-F378 -> 98.24 | S378: =J378-H378 -> 0 | T378: =N378-L378 -> 0 | U378: =R378+S378+T378 -> 98.24 | V378: =IF(MOD(C378-Settings!$B$32,Settings!$B$33)<Settings!$B$30,"Up","Down") -> Up | W378: =IF(OR(E378>Settings!$B$30,Q378>Settings!$B$37),0,1) -> 1 | X378: =IF(AND(W378=1,Q378<=Settings!$B$36),1,0) -> 0
... A465: =Arrivals!A465 -> 4 | B465: =Arrivals!B465 -> 100 | C465: =Arrivals!F465 -> 689 | D465: =Arrivals!K465 -> 300 | E465: =D465*8/ACE_Input!S105+ACE_Input!T105 -> 24.02 | F465: =C465 -> 689 | G465: =K464 -> 2952.06 | H465: =MAX(F465,G465) -> 2952.06 | I465: =MOD(H465-Settings!$B$32,Settings!$B$33) -> 72.06 | J465: =IF(I465<Settings!$B$30,IF(Settings!$B$30-I465>=E465,H465,H465+(Settings!$B$30-I465)+Settings!$B$31),H465+(Settings!$B$33-I465)) -> 2952.06 | K465: =J465+E465 -> 2976.08 | L465: =K465 -> 2976.08 | M465: =P464 -> 2952.6977 | N465: =MAX(L465,M465) -> 2976.08 | O465: =Arrivals!I465 -> 5.8895887 | P465: =N465+O465 -> 2981.9696 | Q465: =P465-C465 -> 2292.9696 | R465: =H465-F465 -> 2263.06 | S465: =J465-H465 -> 0 | T465: =N465-L465 -> 0 | U465: =R465+S465+T465 -> 2263.06 | V465: =IF(MOD(C465-Settings!$B$32,Settings!$B$33)<Settings!$B$30,"Up","Down") -> Down | W465: =IF(OR(E465>Settings!$B$30,Q465>Settings!$B$37),0,1) -> 0 | X465: =IF(AND(W465=1,Q465<=Settings!$B$36),1,0) -> 0
A486: =Arrivals!A486 -> 5 | B486: =Arrivals!B486 -> 1 | C486: =Arrivals!F486 -> 2 | D486: =Arrivals!K486 -> 300 | E486: =D486*8/ACE_Input!S6+ACE_Input!T6 -> 24.02 | F486: =C486 -> 2 | G486: =0 -> 0 | H486: =MAX(F486,G486) -> 2 | I486: =MOD(H486-Settings!$B$32,Settings!$B$33) -> 2 | J486: =IF(I486<Settings!$B$30,IF(Settings!$B$30-I486>=E486,H486,H486+(Settings!$B$30-I486)+Settings!$B$31),H486+(Settings!$B$33-I486)) -> 2 | K486: =J486+E486 -> 26.02 | L486: =K486 -> 26.02 | M486: =0 -> 0 | N486: =MAX(L486,M486) -> 26.02 | O486: =Arrivals!I486 -> 3.0691728 | P486: =N486+O486 -> 29.089173 | Q486: =P486-C486 -> 27.089173 | R486: =H486-F486 -> 0 | S486: =J486-H486 -> 0 | T486: =N486-L486 -> 0 | U486: =R486+S486+T486 -> 0 | V486: =IF(MOD(C486-Settings!$B$32,Settings!$B$33)<Settings!$B$30,"Up","Down") -> Up | W486: =IF(OR(E486>Settings!$B$30,Q486>Settings!$B$37),0,1) -> 1 | X486: =IF(AND(W486=1,Q486<=Settings!$B$36),1,0) -> 1
A487: =Arrivals!A487 -> 5 | B487: =Arrivals!B487 -> 2 | C487: =Arrivals!F487 -> 7 | D487: =Arrivals!K487 -> 300 | E487: =D487*8/ACE_Input!S7+ACE_Input!T7 -> 24.02 | F487: =C487 -> 7 | G487: =K486 -> 26.02 | H487: =MAX(F487,G487) -> 26.02 | I487: =MOD(H487-Settings!$B$32,Settings!$B$33) -> 26.02 | J487: =IF(I487<Settings!$B$30,IF(Settings!$B$30-I487>=E487,H487,H487+(Settings!$B$30-I487)+Settings!$B$31),H487+(Settings!$B$33-I487)) -> 26.02 | K487: =J487+E487 -> 50.04 | L487: =K487 -> 50.04 | M487: =P486 -> 29.089173 | N487: =MAX(L487,M487) -> 50.04 | O487: =Arrivals!I487 -> 0.19201404 | P487: =N487+O487 -> 50.232014 | Q487: =P487-C487 -> 43.232014 | R487: =H487-F487 -> 19.02 | S487: =J487-H487 -> 0 | T487: =N487-L487 -> 0 | U487: =R487+S487+T487 -> 19.02 | V487: =IF(MOD(C487-Settings!$B$32,Settings!$B$33)<Settings!$B$30,"Up","Down") -> Up | W487: =IF(OR(E487>Settings!$B$30,Q487>Settings!$B$37),0,1) -> 1 | X487: =IF(AND(W487=1,Q487<=Settings!$B$36),1,0) -> 1
A488: =Arrivals!A488 -> 5 | B488: =Arrivals!B488 -> 3 | C488: =Arrivals!F488 -> 32 | D488: =Arrivals!K488 -> 300 | E488: =D488*8/ACE_Input!S8+ACE_Input!T8 -> 24.02 | F488: =C488 -> 32 | G488: =K487 -> 50.04 | H488: =MAX(F488,G488) -> 50.04 | I488: =MOD(H488-Settings!$B$32,Settings!$B$33) -> 50.04 | J488: =IF(I488<Settings!$B$30,IF(Settings!$B$30-I488>=E488,H488,H488+(Settings!$B$30-I488)+Settings!$B$31),H488+(Settings!$B$33-I488)) -> 50.04 | K488: =J488+E488 -> 74.06 | L488: =K488 -> 74.06 | M488: =P487 -> 50.232014 | N488: =MAX(L488,M488) -> 74.06 | O488: =Arrivals!I488 -> 5.3375724 | P488: =N488+O488 -> 79.397572 | Q488: =P488-C488 -> 47.397572 | R488: =H488-F488 -> 18.04 | S488: =J488-H488 -> 0 | T488: =N488-L488 -> 0 | U488: =R488+S488+T488 -> 18.04 | V488: =IF(MOD(C488-Settings!$B$32,Settings!$B$33)<Settings!$B$30,"Up","Down") -> Up | W488: =IF(OR(E488>Settings!$B$30,Q488>Settings!$B$37),0,1) -> 1 | X488: =IF(AND(W488=1,Q488<=Settings!$B$36),1,0) -> 1
A489: =Arrivals!A489 -> 5 | B489: =Arrivals!B489 -> 4 | C489: =Arrivals!F489 -> 37 | D489: =Arrivals!K489 -> 300 | E489: =D489*8/ACE_Input!S9+ACE_Input!T9 -> 24.02 | F489: =C489 -> 37 | G489: =K488 -> 74.06 | H489: =MAX(F489,G489) -> 74.06 | I489: =MOD(H489-Settings!$B$32,Settings!$B$33) -> 74.06 | J489: =IF(I489<Settings!$B$30,IF(Settings!$B$30-I489>=E489,H489,H489+(Settings!$B$30-I489)+Settings!$B$31),H489+(Settings!$B$33-I489)) -> 74.06 | K489: =J489+E489 -> 98.08 | L489: =K489 -> 98.08 | M489: =P488 -> 79.397572 | N489: =MAX(L489,M489) -> 98.08 | O489: =Arrivals!I489 -> 2.1481594 | P489: =N489+O489 -> 100.22816 | Q489: =P489-C489 -> 63.228159 | R489: =H489-F489 -> 37.06 | S489: =J489-H489 -> 0 | T489: =N489-L489 -> 0 | U489: =R489+S489+T489 -> 37.06 | V489: =IF(MOD(C489-Settings!$B$32,Settings!$B$33)<Settings!$B$30,"Up","Down") -> Up | W489: =IF(OR(E489>Settings!$B$30,Q489>Settings!$B$37),0,1) -> 1 | X489: =IF(AND(W489=1,Q489<=Settings!$B$36),1,0) -> 1
A490: =Arrivals!A490 -> 5 | B490: =Arrivals!B490 -> 5 | C490: =Arrivals!F490 -> 42 | D490: =Arrivals!K490 -> 300 | E490: =D490*8/ACE_Input!S10+ACE_Input!T10 -> 24.02 | F490: =C490 -> 42 | G490: =K489 -> 98.08 | H490: =MAX(F490,G490) -> 98.08 | I490: =MOD(H490-Settings!$B$32,Settings!$B$33) -> 98.08 | J490: =IF(I490<Settings!$B$30,IF(Settings!$B$30-I490>=E490,H490,H490+(Settings!$B$30-I490)+Settings!$B$31),H490+(Settings!$B$33-I490)) -> 98.08 | K490: =J490+E490 -> 122.1 | L490: =K490 -> 122.1 | M490: =P489 -> 100.22816 | N490: =MAX(L490,M490) -> 122.1 | O490: =Arrivals!I490 -> 5.0169889 | P490: =N490+O490 -> 127.11699 | Q490: =P490-C490 -> 85.116989 | R490: =H490-F490 -> 56.08 | S490: =J490-H490 -> 0 | T490: =N490-L490 -> 0 | U490: =R490+S490+T490 -> 56.08 | V490: =IF(MOD(C490-Settings!$B$32,Settings!$B$33)<Settings!$B$30,"Up","Down") -> Up | W490: =IF(OR(E490>Settings!$B$30,Q490>Settings!$B$37),0,1) -> 1 | X490: =IF(AND(W490=1,Q490<=Settings!$B$36),1,0) -> 1
A491: =Arrivals!A491 -> 5 | B491: =Arrivals!B491 -> 6 | C491: =Arrivals!F491 -> 47 | D491: =Arrivals!K491 -> 300 | E491: =D491*8/ACE_Input!S11+ACE_Input!T11 -> 24.02 | F491: =C491 -> 47 | G491: =K490 -> 122.1 | H491: =MAX(F491,G491) -> 122.1 | I491: =MOD(H491-Settings!$B$32,Settings!$B$33) -> 122.1 | J491: =IF(I491<Settings!$B$30,IF(Settings!$B$30-I491>=E491,H491,H491+(Settings!$B$30-I491)+Settings!$B$31),H491+(Settings!$B$33-I491)) -> 122.1 | K491: =J491+E491 -> 146.12 | L491: =K491 -> 146.12 | M491: =P490 -> 127.11699 | N491: =MAX(L491,M491) -> 146.12 | O491: =Arrivals!I491 -> 0.52092603 | P491: =N491+O491 -> 146.64093 | Q491: =P491-C491 -> 99.640926 | R491: =H491-F491 -> 75.1 | S491: =J491-H491 -> 0 | T491: =N491-L491 -> 0 | U491: =R491+S491+T491 -> 75.1 | V491: =IF(MOD(C491-Settings!$B$32,Settings!$B$33)<Settings!$B$30,"Up","Down") -> Up | W491: =IF(OR(E491>Settings!$B$30,Q491>Settings!$B$37),0,1) -> 1 | X491: =IF(AND(W491=1,Q491<=Settings!$B$36),1,0) -> 1
A492: =Arrivals!A492 -> 5 | B492: =Arrivals!B492 -> 7 | C492: =Arrivals!F492 -> 52 | D492: =Arrivals!K492 -> 300 | E492: =D492*8/ACE_Input!S12+ACE_Input!T12 -> 24.02 | F492: =C492 -> 52 | G492: =K491 -> 146.12 | H492: =MAX(F492,G492) -> 146.12 | I492: =MOD(H492-Settings!$B$32,Settings!$B$33) -> 146.12 | J492: =IF(I492<Settings!$B$30,IF(Settings!$B$30-I492>=E492,H492,H492+(Settings!$B$30-I492)+Settings!$B$31),H492+(Settings!$B$33-I492)) -> 146.12 | K492: =J492+E492 -> 170.14 | L492: =K492 -> 170.14 | M492: =P491 -> 146.64093 | N492: =MAX(L492,M492) -> 170.14 | O492: =Arrivals!I492 -> 1.2387376 | P492: =N492+O492 -> 171.37874 | Q492: =P492-C492 -> 119.37874 | R492: =H492-F492 -> 94.12 | S492: =J492-H492 -> 0 | T492: =N492-L492 -> 0 | U492: =R492+S492+T492 -> 94.12 | V492: =IF(MOD(C492-Settings!$B$32,Settings!$B$33)<Settings!$B$30,"Up","Down") -> Up | W492: =IF(OR(E492>Settings!$B$30,Q492>Settings!$B$37),0,1) -> 1 | X492: =IF(AND(W492=1,Q492<=Settings!$B$36),1,0) -> 1
A493: =Arrivals!A493 -> 5 | B493: =Arrivals!B493 -> 8 | C493: =Arrivals!F493 -> 57 | D493: =Arrivals!K493 -> 300 | E493: =D493*8/ACE_Input!S13+ACE_Input!T13 -> 24.02 | F493: =C493 -> 57 | G493: =K492 -> 170.14 | H493: =MAX(F493,G493) -> 170.14 | I493: =MOD(H493-Settings!$B$32,Settings!$B$33) -> 170.14 | J493: =IF(I493<Settings!$B$30,IF(Settings!$B$30-I493>=E493,H493,H493+(Settings!$B$30-I493)+Settings!$B$31),H493+(Settings!$B$33-I493)) -> 170.14 | K493: =J493+E493 -> 194.16 | L493: =K493 -> 194.16 | M493: =P492 -> 171.37874 | N493: =MAX(L493,M493) -> 194.16 | O493: =Arrivals!I493 -> 0.27367495 | P493: =N493+O493 -> 194.43367 | Q493: =P493-C493 -> 137.43367 | R493: =H493-F493 -> 113.14 | S493: =J493-H493 -> 0 | T493: =N493-L493 -> 0 | U493: =R493+S493+T493 -> 113.14 | V493: =IF(MOD(C493-Settings!$B$32,Settings!$B$33)<Settings!$B$30,"Up","Down") -> Up | W493: =IF(OR(E493>Settings!$B$30,Q493>Settings!$B$37),0,1) -> 1 | X493: =IF(AND(W493=1,Q493<=Settings!$B$36),1,0) -> 0
A494: =Arrivals!A494 -> 5 | B494: =Arrivals!B494 -> 9 | C494: =Arrivals!F494 -> 172 | D494: =Arrivals!K494 -> 300 | E494: =D494*8/ACE_Input!S14+ACE_Input!T14 -> 24.02 | F494: =C494 -> 172 | G494: =K493 -> 194.16 | H494: =MAX(F494,G494) -> 194.16 | I494: =MOD(H494-Settings!$B$32,Settings!$B$33) -> 194.16 | J494: =IF(I494<Settings!$B$30,IF(Settings!$B$30-I494>=E494,H494,H494+(Settings!$B$30-I494)+Settings!$B$31),H494+(Settings!$B$33-I494)) -> 194.16 | K494: =J494+E494 -> 218.18 | L494: =K494 -> 218.18 | M494: =P493 -> 194.43367 | N494: =MAX(L494,M494) -> 218.18 | O494: =Arrivals!I494 -> 2.4492883 | P494: =N494+O494 -> 220.62929 | Q494: =P494-C494 -> 48.629288 | R494: =H494-F494 -> 22.16 | S494: =J494-H494 -> 0 | T494: =N494-L494 -> 0 | U494: =R494+S494+T494 -> 22.16 | V494: =IF(MOD(C494-Settings!$B$32,Settings!$B$33)<Settings!$B$30,"Up","Down") -> Up | W494: =IF(OR(E494>Settings!$B$30,Q494>Settings!$B$37),0,1) -> 1 | X494: =IF(AND(W494=1,Q494<=Settings!$B$36),1,0) -> 1
A495: =Arrivals!A495 -> 5 | B495: =Arrivals!B495 -> 10 | C495: =Arrivals!F495 -> 177 | D495: =Arrivals!K495 -> 300 | E495: =D495*8/ACE_Input!S15+ACE_Input!T15 -> 24.02 | F495: =C495 -> 177 | G495: =K494 -> 218.18 | H495: =MAX(F495,G495) -> 218.18 | I495: =MOD(H495-Settings!$B$32,Settings!$B$33) -> 218.18 | J495: =IF(I495<Settings!$B$30,IF(Settings!$B$30-I495>=E495,H495,H495+(Settings!$B$30-I495)+Settings!$B$31),H495+(Settings!$B$33-I495)) -> 218.18 | K495: =J495+E495 -> 242.2 | L495: =K495 -> 242.2 | M495: =P494 -> 220.62929 | N495: =MAX(L495,M495) -> 242.2 | O495: =Arrivals!I495 -> 0.34536958 | P495: =N495+O495 -> 242.54537 | Q495: =P495-C495 -> 65.54537 | R495: =H495-F495 -> 41.18 | S495: =J495-H495 -> 0 | T495: =N495-L495 -> 0 | U495: =R495+S495+T495 -> 41.18 | V495: =IF(MOD(C495-Settings!$B$32,Settings!$B$33)<Settings!$B$30,"Up","Down") -> Up | W495: =IF(OR(E495>Settings!$B$30,Q495>Settings!$B$37),0,1) -> 1 | X495: =IF(AND(W495=1,Q495<=Settings!$B$36),1,0) -> 1
A496: =Arrivals!A496 -> 5 | B496: =Arrivals!B496 -> 11 | C496: =Arrivals!F496 -> 182 | D496: =Arrivals!K496 -> 300 | E496: =D496*8/ACE_Input!S16+ACE_Input!T16 -> 24.02 | F496: =C496 -> 182 | G496: =K495 -> 242.2 | H496: =MAX(F496,G496) -> 242.2 | I496: =MOD(H496-Settings!$B$32,Settings!$B$33) -> 242.2 | J496: =IF(I496<Settings!$B$30,IF(Settings!$B$30-I496>=E496,H496,H496+(Settings!$B$30-I496)+Settings!$B$31),H496+(Settings!$B$33-I496)) -> 242.2 | K496: =J496+E496 -> 266.22 | L496: =K496 -> 266.22 | M496: =P495 -> 242.54537 | N496: =MAX(L496,M496) -> 266.22 | O496: =Arrivals!I496 -> 1.2767527 | P496: =N496+O496 -> 267.49675 | Q496: =P496-C496 -> 85.496753 | R496: =H496-F496 -> 60.2 | S496: =J496-H496 -> 0 | T496: =N496-L496 -> 0 | U496: =R496+S496+T496 -> 60.2 | V496: =IF(MOD(C496-Settings!$B$32,Settings!$B$33)<Settings!$B$30,"Up","Down") -> Up | W496: =IF(OR(E496>Settings!$B$30,Q496>Settings!$B$37),0,1) -> 1 | X496: =IF(AND(W496=1,Q496<=Settings!$B$36),1,0) -> 1
A497: =Arrivals!A497 -> 5 | B497: =Arrivals!B497 -> 12 | C497: =Arrivals!F497 -> 187 | D497: =Arrivals!K497 -> 300 | E497: =D497*8/ACE_Input!S17+ACE_Input!T17 -> 24.02 | F497: =C497 -> 187 | G497: =K496 -> 266.22 | H497: =MAX(F497,G497) -> 266.22 | I497: =MOD(H497-Settings!$B$32,Settings!$B$33) -> 266.22 | J497: =IF(I497<Settings!$B$30,IF(Settings!$B$30-I497>=E497,H497,H497+(Settings!$B$30-I497)+Settings!$B$31),H497+(Settings!$B$33-I497)) -> 266.22 | K497: =J497+E497 -> 290.24 | L497: =K497 -> 290.24 | M497: =P496 -> 267.49675 | N497: =MAX(L497,M497) -> 290.24 | O497: =Arrivals!I497 -> 4.8345019 | P497: =N497+O497 -> 295.0745 | Q497: =P497-C497 -> 108.0745 | R497: =H497-F497 -> 79.22 | S497: =J497-H497 -> 0 | T497: =N497-L497 -> 0 | U497: =R497+S497+T497 -> 79.22 | V497: =IF(MOD(C497-Settings!$B$32,Settings!$B$33)<Settings!$B$30,"Up","Down") -> Up | W497: =IF(OR(E497>Settings!$B$30,Q497>Settings!$B$37),0,1) -> 1 | X497: =IF(AND(W497=1,Q497<=Settings!$B$36),1,0) -> 1
A498: =Arrivals!A498 -> 5 | B498: =Arrivals!B498 -> 13 | C498: =Arrivals!F498 -> 192 | D498: =Arrivals!K498 -> 300 | E498: =D498*8/ACE_Input!S18+ACE_Input!T18 -> 24.02 | F498: =C498 -> 192 | G498: =K497 -> 290.24 | H498: =MAX(F498,G498) -> 290.24 | I498: =MOD(H498-Settings!$B$32,Settings!$B$33) -> 290.24 | J498: =IF(I498<Settings!$B$30,IF(Settings!$B$30-I498>=E498,H498,H498+(Settings!$B$30-I498)+Settings!$B$31),H498+(Settings!$B$33-I498)) -> 290.24 | K498: =J498+E498 -> 314.26 | L498: =K498 -> 314.26 | M498: =P497 -> 295.0745 | N498: =MAX(L498,M498) -> 314.26 | O498: =Arrivals!I498 -> 1.4536663 | P498: =N498+O498 -> 315.71367 | Q498: =P498-C498 -> 123.71367 | R498: =H498-F498 -> 98.24 | S498: =J498-H498 -> 0 | T498: =N498-L498 -> 0 | U498: =R498+S498+T498 -> 98.24 | V498: =IF(MOD(C498-Settings!$B$32,Settings!$B$33)<Settings!$B$30,"Up","Down") -> Up | W498: =IF(OR(E498>Settings!$B$30,Q498>Settings!$B$37),0,1) -> 1 | X498: =IF(AND(W498=1,Q498<=Settings!$B$36),1,0) -> 0
... A585: =Arrivals!A585 -> 5 | B585: =Arrivals!B585 -> 100 | C585: =Arrivals!F585 -> 689 | D585: =Arrivals!K585 -> 300 | E585: =D585*8/ACE_Input!S105+ACE_Input!T105 -> 24.02 | F585: =C585 -> 689 | G585: =K584 -> 2952.06 | H585: =MAX(F585,G585) -> 2952.06 | I585: =MOD(H585-Settings!$B$32,Settings!$B$33) -> 72.06 | J585: =IF(I585<Settings!$B$30,IF(Settings!$B$30-I585>=E585,H585,H585+(Settings!$B$30-I585)+Settings!$B$31),H585+(Settings!$B$33-I585)) -> 2952.06 | K585: =J585+E585 -> 2976.08 | L585: =K585 -> 2976.08 | M585: =P584 -> 2959.15 | N585: =MAX(L585,M585) -> 2976.08 | O585: =Arrivals!I585 -> 1.8864802 | P585: =N585+O585 -> 2977.9665 | Q585: =P585-C585 -> 2288.9665 | R585: =H585-F585 -> 2263.06 | S585: =J585-H585 -> 0 | T585: =N585-L585 -> 0 | U585: =R585+S585+T585 -> 2263.06 | V585: =IF(MOD(C585-Settings!$B$32,Settings!$B$33)<Settings!$B$30,"Up","Down") -> Down | W585: =IF(OR(E585>Settings!$B$30,Q585>Settings!$B$37),0,1) -> 0 | X585: =IF(AND(W585=1,Q585<=Settings!$B$36),1,0) -> 0
A606: =Arrivals!A606 -> 6 | B606: =Arrivals!B606 -> 1 | C606: =Arrivals!F606 -> 2 | D606: =Arrivals!K606 -> 300 | E606: =D606*8/ACE_Input!S6+ACE_Input!T6 -> 24.02 | F606: =C606 -> 2 | G606: =0 -> 0 | H606: =MAX(F606,G606) -> 2 | I606: =MOD(H606-Settings!$B$32,Settings!$B$33) -> 2 | J606: =IF(I606<Settings!$B$30,IF(Settings!$B$30-I606>=E606,H606,H606+(Settings!$B$30-I606)+Settings!$B$31),H606+(Settings!$B$33-I606)) -> 2 | K606: =J606+E606 -> 26.02 | L606: =K606 -> 26.02 | M606: =0 -> 0 | N606: =MAX(L606,M606) -> 26.02 | O606: =Arrivals!I606 -> 3.0023051 | P606: =N606+O606 -> 29.022305 | Q606: =P606-C606 -> 27.022305 | R606: =H606-F606 -> 0 | S606: =J606-H606 -> 0 | T606: =N606-L606 -> 0 | U606: =R606+S606+T606 -> 0 | V606: =IF(MOD(C606-Settings!$B$32,Settings!$B$33)<Settings!$B$30,"Up","Down") -> Up | W606: =IF(OR(E606>Settings!$B$30,Q606>Settings!$B$37),0,1) -> 1 | X606: =IF(AND(W606=1,Q606<=Settings!$B$36),1,0) -> 1
A607: =Arrivals!A607 -> 6 | B607: =Arrivals!B607 -> 2 | C607: =Arrivals!F607 -> 7 | D607: =Arrivals!K607 -> 300 | E607: =D607*8/ACE_Input!S7+ACE_Input!T7 -> 24.02 | F607: =C607 -> 7 | G607: =K606 -> 26.02 | H607: =MAX(F607,G607) -> 26.02 | I607: =MOD(H607-Settings!$B$32,Settings!$B$33) -> 26.02 | J607: =IF(I607<Settings!$B$30,IF(Settings!$B$30-I607>=E607,H607,H607+(Settings!$B$30-I607)+Settings!$B$31),H607+(Settings!$B$33-I607)) -> 26.02 | K607: =J607+E607 -> 50.04 | L607: =K607 -> 50.04 | M607: =P606 -> 29.022305 | N607: =MAX(L607,M607) -> 50.04 | O607: =Arrivals!I607 -> 2.8459079 | P607: =N607+O607 -> 52.885908 | Q607: =P607-C607 -> 45.885908 | R607: =H607-F607 -> 19.02 | S607: =J607-H607 -> 0 | T607: =N607-L607 -> 0 | U607: =R607+S607+T607 -> 19.02 | V607: =IF(MOD(C607-Settings!$B$32,Settings!$B$33)<Settings!$B$30,"Up","Down") -> Up | W607: =IF(OR(E607>Settings!$B$30,Q607>Settings!$B$37),0,1) -> 1 | X607: =IF(AND(W607=1,Q607<=Settings!$B$36),1,0) -> 1
A608: =Arrivals!A608 -> 6 | B608: =Arrivals!B608 -> 3 | C608: =Arrivals!F608 -> 32 | D608: =Arrivals!K608 -> 300 | E608: =D608*8/ACE_Input!S8+ACE_Input!T8 -> 24.02 | F608: =C608 -> 32 | G608: =K607 -> 50.04 | H608: =MAX(F608,G608) -> 50.04 | I608: =MOD(H608-Settings!$B$32,Settings!$B$33) -> 50.04 | J608: =IF(I608<Settings!$B$30,IF(Settings!$B$30-I608>=E608,H608,H608+(Settings!$B$30-I608)+Settings!$B$31),H608+(Settings!$B$33-I608)) -> 50.04 | K608: =J608+E608 -> 74.06 | L608: =K608 -> 74.06 | M608: =P607 -> 52.885908 | N608: =MAX(L608,M608) -> 74.06 | O608: =Arrivals!I608 -> 0.56330545 | P608: =N608+O608 -> 74.623305 | Q608: =P608-C608 -> 42.623305 | R608: =H608-F608 -> 18.04 | S608: =J608-H608 -> 0 | T608: =N608-L608 -> 0 | U608: =R608+S608+T608 -> 18.04 | V608: =IF(MOD(C608-Settings!$B$32,Settings!$B$33)<Settings!$B$30,"Up","Down") -> Up | W608: =IF(OR(E608>Settings!$B$30,Q608>Settings!$B$37),0,1) -> 1 | X608: =IF(AND(W608=1,Q608<=Settings!$B$36),1,0) -> 1
A609: =Arrivals!A609 -> 6 | B609: =Arrivals!B609 -> 4 | C609: =Arrivals!F609 -> 37 | D609: =Arrivals!K609 -> 300 | E609: =D609*8/ACE_Input!S9+ACE_Input!T9 -> 24.02 | F609: =C609 -> 37 | G609: =K608 -> 74.06 | H609: =MAX(F609,G609) -> 74.06 | I609: =MOD(H609-Settings!$B$32,Settings!$B$33) -> 74.06 | J609: =IF(I609<Settings!$B$30,IF(Settings!$B$30-I609>=E609,H609,H609+(Settings!$B$30-I609)+Settings!$B$31),H609+(Settings!$B$33-I609)) -> 74.06 | K609: =J609+E609 -> 98.08 | L609: =K609 -> 98.08 | M609: =P608 -> 74.623305 | N609: =MAX(L609,M609) -> 98.08 | O609: =Arrivals!I609 -> 5.7993612 | P609: =N609+O609 -> 103.87936 | Q609: =P609-C609 -> 66.879361 | R609: =H609-F609 -> 37.06 | S609: =J609-H609 -> 0 | T609: =N609-L609 -> 0 | U609: =R609+S609+T609 -> 37.06 | V609: =IF(MOD(C609-Settings!$B$32,Settings!$B$33)<Settings!$B$30,"Up","Down") -> Up | W609: =IF(OR(E609>Settings!$B$30,Q609>Settings!$B$37),0,1) -> 1 | X609: =IF(AND(W609=1,Q609<=Settings!$B$36),1,0) -> 1
A610: =Arrivals!A610 -> 6 | B610: =Arrivals!B610 -> 5 | C610: =Arrivals!F610 -> 42 | D610: =Arrivals!K610 -> 300 | E610: =D610*8/ACE_Input!S10+ACE_Input!T10 -> 24.02 | F610: =C610 -> 42 | G610: =K609 -> 98.08 | H610: =MAX(F610,G610) -> 98.08 | I610: =MOD(H610-Settings!$B$32,Settings!$B$33) -> 98.08 | J610: =IF(I610<Settings!$B$30,IF(Settings!$B$30-I610>=E610,H610,H610+(Settings!$B$30-I610)+Settings!$B$31),H610+(Settings!$B$33-I610)) -> 98.08 | K610: =J610+E610 -> 122.1 | L610: =K610 -> 122.1 | M610: =P609 -> 103.87936 | N610: =MAX(L610,M610) -> 122.1 | O610: =Arrivals!I610 -> 11.78564 | P610: =N610+O610 -> 133.88564 | Q610: =P610-C610 -> 91.88564 | R610: =H610-F610 -> 56.08 | S610: =J610-H610 -> 0 | T610: =N610-L610 -> 0 | U610: =R610+S610+T610 -> 56.08 | V610: =IF(MOD(C610-Settings!$B$32,Settings!$B$33)<Settings!$B$30,"Up","Down") -> Up | W610: =IF(OR(E610>Settings!$B$30,Q610>Settings!$B$37),0,1) -> 1 | X610: =IF(AND(W610=1,Q610<=Settings!$B$36),1,0) -> 1
A611: =Arrivals!A611 -> 6 | B611: =Arrivals!B611 -> 6 | C611: =Arrivals!F611 -> 47 | D611: =Arrivals!K611 -> 300 | E611: =D611*8/ACE_Input!S11+ACE_Input!T11 -> 24.02 | F611: =C611 -> 47 | G611: =K610 -> 122.1 | H611: =MAX(F611,G611) -> 122.1 | I611: =MOD(H611-Settings!$B$32,Settings!$B$33) -> 122.1 | J611: =IF(I611<Settings!$B$30,IF(Settings!$B$30-I611>=E611,H611,H611+(Settings!$B$30-I611)+Settings!$B$31),H611+(Settings!$B$33-I611)) -> 122.1 | K611: =J611+E611 -> 146.12 | L611: =K611 -> 146.12 | M611: =P610 -> 133.88564 | N611: =MAX(L611,M611) -> 146.12 | O611: =Arrivals!I611 -> 0.71134972 | P611: =N611+O611 -> 146.83135 | Q611: =P611-C611 -> 99.83135 | R611: =H611-F611 -> 75.1 | S611: =J611-H611 -> 0 | T611: =N611-L611 -> 0 | U611: =R611+S611+T611 -> 75.1 | V611: =IF(MOD(C611-Settings!$B$32,Settings!$B$33)<Settings!$B$30,"Up","Down") -> Up | W611: =IF(OR(E611>Settings!$B$30,Q611>Settings!$B$37),0,1) -> 1 | X611: =IF(AND(W611=1,Q611<=Settings!$B$36),1,0) -> 1
A612: =Arrivals!A612 -> 6 | B612: =Arrivals!B612 -> 7 | C612: =Arrivals!F612 -> 52 | D612: =Arrivals!K612 -> 300 | E612: =D612*8/ACE_Input!S12+ACE_Input!T12 -> 24.02 | F612: =C612 -> 52 | G612: =K611 -> 146.12 | H612: =MAX(F612,G612) -> 146.12 | I612: =MOD(H612-Settings!$B$32,Settings!$B$33) -> 146.12 | J612: =IF(I612<Settings!$B$30,IF(Settings!$B$30-I612>=E612,H612,H612+(Settings!$B$30-I612)+Settings!$B$31),H612+(Settings!$B$33-I612)) -> 146.12 | K612: =J612+E612 -> 170.14 | L612: =K612 -> 170.14 | M612: =P611 -> 146.83135 | N612: =MAX(L612,M612) -> 170.14 | O612: =Arrivals!I612 -> 1.0026003 | P612: =N612+O612 -> 171.1426 | Q612: =P612-C612 -> 119.1426 | R612: =H612-F612 -> 94.12 | S612: =J612-H612 -> 0 | T612: =N612-L612 -> 0 | U612: =R612+S612+T612 -> 94.12 | V612: =IF(MOD(C612-Settings!$B$32,Settings!$B$33)<Settings!$B$30,"Up","Down") -> Up | W612: =IF(OR(E612>Settings!$B$30,Q612>Settings!$B$37),0,1) -> 1 | X612: =IF(AND(W612=1,Q612<=Settings!$B$36),1,0) -> 1
A613: =Arrivals!A613 -> 6 | B613: =Arrivals!B613 -> 8 | C613: =Arrivals!F613 -> 57 | D613: =Arrivals!K613 -> 300 | E613: =D613*8/ACE_Input!S13+ACE_Input!T13 -> 24.02 | F613: =C613 -> 57 | G613: =K612 -> 170.14 | H613: =MAX(F613,G613) -> 170.14 | I613: =MOD(H613-Settings!$B$32,Settings!$B$33) -> 170.14 | J613: =IF(I613<Settings!$B$30,IF(Settings!$B$30-I613>=E613,H613,H613+(Settings!$B$30-I613)+Settings!$B$31),H613+(Settings!$B$33-I613)) -> 170.14 | K613: =J613+E613 -> 194.16 | L613: =K613 -> 194.16 | M613: =P612 -> 171.1426 | N613: =MAX(L613,M613) -> 194.16 | O613: =Arrivals!I613 -> 0.89964939 | P613: =N613+O613 -> 195.05965 | Q613: =P613-C613 -> 138.05965 | R613: =H613-F613 -> 113.14 | S613: =J613-H613 -> 0 | T613: =N613-L613 -> 0 | U613: =R613+S613+T613 -> 113.14 | V613: =IF(MOD(C613-Settings!$B$32,Settings!$B$33)<Settings!$B$30,"Up","Down") -> Up | W613: =IF(OR(E613>Settings!$B$30,Q613>Settings!$B$37),0,1) -> 1 | X613: =IF(AND(W613=1,Q613<=Settings!$B$36),1,0) -> 0
A614: =Arrivals!A614 -> 6 | B614: =Arrivals!B614 -> 9 | C614: =Arrivals!F614 -> 172 | D614: =Arrivals!K614 -> 300 | E614: =D614*8/ACE_Input!S14+ACE_Input!T14 -> 24.02 | F614: =C614 -> 172 | G614: =K613 -> 194.16 | H614: =MAX(F614,G614) -> 194.16 | I614: =MOD(H614-Settings!$B$32,Settings!$B$33) -> 194.16 | J614: =IF(I614<Settings!$B$30,IF(Settings!$B$30-I614>=E614,H614,H614+(Settings!$B$30-I614)+Settings!$B$31),H614+(Settings!$B$33-I614)) -> 194.16 | K614: =J614+E614 -> 218.18 | L614: =K614 -> 218.18 | M614: =P613 -> 195.05965 | N614: =MAX(L614,M614) -> 218.18 | O614: =Arrivals!I614 -> 0.70457963 | P614: =N614+O614 -> 218.88458 | Q614: =P614-C614 -> 46.88458 | R614: =H614-F614 -> 22.16 | S614: =J614-H614 -> 0 | T614: =N614-L614 -> 0 | U614: =R614+S614+T614 -> 22.16 | V614: =IF(MOD(C614-Settings!$B$32,Settings!$B$33)<Settings!$B$30,"Up","Down") -> Up | W614: =IF(OR(E614>Settings!$B$30,Q614>Settings!$B$37),0,1) -> 1 | X614: =IF(AND(W614=1,Q614<=Settings!$B$36),1,0) -> 1
A615: =Arrivals!A615 -> 6 | B615: =Arrivals!B615 -> 10 | C615: =Arrivals!F615 -> 177 | D615: =Arrivals!K615 -> 300 | E615: =D615*8/ACE_Input!S15+ACE_Input!T15 -> 24.02 | F615: =C615 -> 177 | G615: =K614 -> 218.18 | H615: =MAX(F615,G615) -> 218.18 | I615: =MOD(H615-Settings!$B$32,Settings!$B$33) -> 218.18 | J615: =IF(I615<Settings!$B$30,IF(Settings!$B$30-I615>=E615,H615,H615+(Settings!$B$30-I615)+Settings!$B$31),H615+(Settings!$B$33-I615)) -> 218.18 | K615: =J615+E615 -> 242.2 | L615: =K615 -> 242.2 | M615: =P614 -> 218.88458 | N615: =MAX(L615,M615) -> 242.2 | O615: =Arrivals!I615 -> 1.976031 | P615: =N615+O615 -> 244.17603 | Q615: =P615-C615 -> 67.176031 | R615: =H615-F615 -> 41.18 | S615: =J615-H615 -> 0 | T615: =N615-L615 -> 0 | U615: =R615+S615+T615 -> 41.18 | V615: =IF(MOD(C615-Settings!$B$32,Settings!$B$33)<Settings!$B$30,"Up","Down") -> Up | W615: =IF(OR(E615>Settings!$B$30,Q615>Settings!$B$37),0,1) -> 1 | X615: =IF(AND(W615=1,Q615<=Settings!$B$36),1,0) -> 1
A616: =Arrivals!A616 -> 6 | B616: =Arrivals!B616 -> 11 | C616: =Arrivals!F616 -> 182 | D616: =Arrivals!K616 -> 300 | E616: =D616*8/ACE_Input!S16+ACE_Input!T16 -> 24.02 | F616: =C616 -> 182 | G616: =K615 -> 242.2 | H616: =MAX(F616,G616) -> 242.2 | I616: =MOD(H616-Settings!$B$32,Settings!$B$33) -> 242.2 | J616: =IF(I616<Settings!$B$30,IF(Settings!$B$30-I616>=E616,H616,H616+(Settings!$B$30-I616)+Settings!$B$31),H616+(Settings!$B$33-I616)) -> 242.2 | K616: =J616+E616 -> 266.22 | L616: =K616 -> 266.22 | M616: =P615 -> 244.17603 | N616: =MAX(L616,M616) -> 266.22 | O616: =Arrivals!I616 -> 5.8993437 | P616: =N616+O616 -> 272.11934 | Q616: =P616-C616 -> 90.119344 | R616: =H616-F616 -> 60.2 | S616: =J616-H616 -> 0 | T616: =N616-L616 -> 0 | U616: =R616+S616+T616 -> 60.2 | V616: =IF(MOD(C616-Settings!$B$32,Settings!$B$33)<Settings!$B$30,"Up","Down") -> Up | W616: =IF(OR(E616>Settings!$B$30,Q616>Settings!$B$37),0,1) -> 1 | X616: =IF(AND(W616=1,Q616<=Settings!$B$36),1,0) -> 1
A617: =Arrivals!A617 -> 6 | B617: =Arrivals!B617 -> 12 | C617: =Arrivals!F617 -> 187 | D617: =Arrivals!K617 -> 300 | E617: =D617*8/ACE_Input!S17+ACE_Input!T17 -> 24.02 | F617: =C617 -> 187 | G617: =K616 -> 266.22 | H617: =MAX(F617,G617) -> 266.22 | I617: =MOD(H617-Settings!$B$32,Settings!$B$33) -> 266.22 | J617: =IF(I617<Settings!$B$30,IF(Settings!$B$30-I617>=E617,H617,H617+(Settings!$B$30-I617)+Settings!$B$31),H617+(Settings!$B$33-I617)) -> 266.22 | K617: =J617+E617 -> 290.24 | L617: =K617 -> 290.24 | M617: =P616 -> 272.11934 | N617: =MAX(L617,M617) -> 290.24 | O617: =Arrivals!I617 -> 1.3420056 | P617: =N617+O617 -> 291.58201 | Q617: =P617-C617 -> 104.58201 | R617: =H617-F617 -> 79.22 | S617: =J617-H617 -> 0 | T617: =N617-L617 -> 0 | U617: =R617+S617+T617 -> 79.22 | V617: =IF(MOD(C617-Settings!$B$32,Settings!$B$33)<Settings!$B$30,"Up","Down") -> Up | W617: =IF(OR(E617>Settings!$B$30,Q617>Settings!$B$37),0,1) -> 1 | X617: =IF(AND(W617=1,Q617<=Settings!$B$36),1,0) -> 1
A618: =Arrivals!A618 -> 6 | B618: =Arrivals!B618 -> 13 | C618: =Arrivals!F618 -> 192 | D618: =Arrivals!K618 -> 300 | E618: =D618*8/ACE_Input!S18+ACE_Input!T18 -> 24.02 | F618: =C618 -> 192 | G618: =K617 -> 290.24 | H618: =MAX(F618,G618) -> 290.24 | I618: =MOD(H618-Settings!$B$32,Settings!$B$33) -> 290.24 | J618: =IF(I618<Settings!$B$30,IF(Settings!$B$30-I618>=E618,H618,H618+(Settings!$B$30-I618)+Settings!$B$31),H618+(Settings!$B$33-I618)) -> 290.24 | K618: =J618+E618 -> 314.26 | L618: =K618 -> 314.26 | M618: =P617 -> 291.58201 | N618: =MAX(L618,M618) -> 314.26 | O618: =Arrivals!I618 -> 1.6581676 | P618: =N618+O618 -> 315.91817 | Q618: =P618-C618 -> 123.91817 | R618: =H618-F618 -> 98.24 | S618: =J618-H618 -> 0 | T618: =N618-L618 -> 0 | U618: =R618+S618+T618 -> 98.24 | V618: =IF(MOD(C618-Settings!$B$32,Settings!$B$33)<Settings!$B$30,"Up","Down") -> Up | W618: =IF(OR(E618>Settings!$B$30,Q618>Settings!$B$37),0,1) -> 1 | X618: =IF(AND(W618=1,Q618<=Settings!$B$36),1,0) -> 0
... A705: =Arrivals!A705 -> 6 | B705: =Arrivals!B705 -> 100 | C705: =Arrivals!F705 -> 689 | D705: =Arrivals!K705 -> 300 | E705: =D705*8/ACE_Input!S105+ACE_Input!T105 -> 24.02 | F705: =C705 -> 689 | G705: =K704 -> 2952.06 | H705: =MAX(F705,G705) -> 2952.06 | I705: =MOD(H705-Settings!$B$32,Settings!$B$33) -> 72.06 | J705: =IF(I705<Settings!$B$30,IF(Settings!$B$30-I705>=E705,H705,H705+(Settings!$B$30-I705)+Settings!$B$31),H705+(Settings!$B$33-I705)) -> 2952.06 | K705: =J705+E705 -> 2976.08 | L705: =K705 -> 2976.08 | M705: =P704 -> 2954.9365 | N705: =MAX(L705,M705) -> 2976.08 | O705: =Arrivals!I705 -> 15.937058 | P705: =N705+O705 -> 2992.0171 | Q705: =P705-C705 -> 2303.0171 | R705: =H705-F705 -> 2263.06 | S705: =J705-H705 -> 0 | T705: =N705-L705 -> 0 | U705: =R705+S705+T705 -> 2263.06 | V705: =IF(MOD(C705-Settings!$B$32,Settings!$B$33)<Settings!$B$30,"Up","Down") -> Down | W705: =IF(OR(E705>Settings!$B$30,Q705>Settings!$B$37),0,1) -> 0 | X705: =IF(AND(W705=1,Q705<=Settings!$B$36),1,0) -> 0
A726: =Arrivals!A726 -> 7 | B726: =Arrivals!B726 -> 1 | C726: =Arrivals!F726 -> 2 | D726: =Arrivals!K726 -> 300 | E726: =D726*8/ACE_Input!S6+ACE_Input!T6 -> 24.02 | F726: =C726 -> 2 | G726: =0 -> 0 | H726: =MAX(F726,G726) -> 2 | I726: =MOD(H726-Settings!$B$32,Settings!$B$33) -> 2 | J726: =IF(I726<Settings!$B$30,IF(Settings!$B$30-I726>=E726,H726,H726+(Settings!$B$30-I726)+Settings!$B$31),H726+(Settings!$B$33-I726)) -> 2 | K726: =J726+E726 -> 26.02 | L726: =K726 -> 26.02 | M726: =0 -> 0 | N726: =MAX(L726,M726) -> 26.02 | O726: =Arrivals!I726 -> 2.9365368 | P726: =N726+O726 -> 28.956537 | Q726: =P726-C726 -> 26.956537 | R726: =H726-F726 -> 0 | S726: =J726-H726 -> 0 | T726: =N726-L726 -> 0 | U726: =R726+S726+T726 -> 0 | V726: =IF(MOD(C726-Settings!$B$32,Settings!$B$33)<Settings!$B$30,"Up","Down") -> Up | W726: =IF(OR(E726>Settings!$B$30,Q726>Settings!$B$37),0,1) -> 1 | X726: =IF(AND(W726=1,Q726<=Settings!$B$36),1,0) -> 1
A727: =Arrivals!A727 -> 7 | B727: =Arrivals!B727 -> 2 | C727: =Arrivals!F727 -> 7 | D727: =Arrivals!K727 -> 300 | E727: =D727*8/ACE_Input!S7+ACE_Input!T7 -> 24.02 | F727: =C727 -> 7 | G727: =K726 -> 26.02 | H727: =MAX(F727,G727) -> 26.02 | I727: =MOD(H727-Settings!$B$32,Settings!$B$33) -> 26.02 | J727: =IF(I727<Settings!$B$30,IF(Settings!$B$30-I727>=E727,H727,H727+(Settings!$B$30-I727)+Settings!$B$31),H727+(Settings!$B$33-I727)) -> 26.02 | K727: =J727+E727 -> 50.04 | L727: =K727 -> 50.04 | M727: =P726 -> 28.956537 | N727: =MAX(L727,M727) -> 50.04 | O727: =Arrivals!I727 -> 14.202495 | P727: =N727+O727 -> 64.242495 | Q727: =P727-C727 -> 57.242495 | R727: =H727-F727 -> 19.02 | S727: =J727-H727 -> 0 | T727: =N727-L727 -> 0 | U727: =R727+S727+T727 -> 19.02 | V727: =IF(MOD(C727-Settings!$B$32,Settings!$B$33)<Settings!$B$30,"Up","Down") -> Up | W727: =IF(OR(E727>Settings!$B$30,Q727>Settings!$B$37),0,1) -> 1 | X727: =IF(AND(W727=1,Q727<=Settings!$B$36),1,0) -> 1
A728: =Arrivals!A728 -> 7 | B728: =Arrivals!B728 -> 3 | C728: =Arrivals!F728 -> 32 | D728: =Arrivals!K728 -> 300 | E728: =D728*8/ACE_Input!S8+ACE_Input!T8 -> 24.02 | F728: =C728 -> 32 | G728: =K727 -> 50.04 | H728: =MAX(F728,G728) -> 50.04 | I728: =MOD(H728-Settings!$B$32,Settings!$B$33) -> 50.04 | J728: =IF(I728<Settings!$B$30,IF(Settings!$B$30-I728>=E728,H728,H728+(Settings!$B$30-I728)+Settings!$B$31),H728+(Settings!$B$33-I728)) -> 50.04 | K728: =J728+E728 -> 74.06 | L728: =K728 -> 74.06 | M728: =P727 -> 64.242495 | N728: =MAX(L728,M728) -> 74.06 | O728: =Arrivals!I728 -> 2.9865098 | P728: =N728+O728 -> 77.04651 | Q728: =P728-C728 -> 45.04651 | R728: =H728-F728 -> 18.04 | S728: =J728-H728 -> 0 | T728: =N728-L728 -> 0 | U728: =R728+S728+T728 -> 18.04 | V728: =IF(MOD(C728-Settings!$B$32,Settings!$B$33)<Settings!$B$30,"Up","Down") -> Up | W728: =IF(OR(E728>Settings!$B$30,Q728>Settings!$B$37),0,1) -> 1 | X728: =IF(AND(W728=1,Q728<=Settings!$B$36),1,0) -> 1
A729: =Arrivals!A729 -> 7 | B729: =Arrivals!B729 -> 4 | C729: =Arrivals!F729 -> 37 | D729: =Arrivals!K729 -> 300 | E729: =D729*8/ACE_Input!S9+ACE_Input!T9 -> 24.02 | F729: =C729 -> 37 | G729: =K728 -> 74.06 | H729: =MAX(F729,G729) -> 74.06 | I729: =MOD(H729-Settings!$B$32,Settings!$B$33) -> 74.06 | J729: =IF(I729<Settings!$B$30,IF(Settings!$B$30-I729>=E729,H729,H729+(Settings!$B$30-I729)+Settings!$B$31),H729+(Settings!$B$33-I729)) -> 74.06 | K729: =J729+E729 -> 98.08 | L729: =K729 -> 98.08 | M729: =P728 -> 77.04651 | N729: =MAX(L729,M729) -> 98.08 | O729: =Arrivals!I729 -> 0.48984731 | P729: =N729+O729 -> 98.569847 | Q729: =P729-C729 -> 61.569847 | R729: =H729-F729 -> 37.06 | S729: =J729-H729 -> 0 | T729: =N729-L729 -> 0 | U729: =R729+S729+T729 -> 37.06 | V729: =IF(MOD(C729-Settings!$B$32,Settings!$B$33)<Settings!$B$30,"Up","Down") -> Up | W729: =IF(OR(E729>Settings!$B$30,Q729>Settings!$B$37),0,1) -> 1 | X729: =IF(AND(W729=1,Q729<=Settings!$B$36),1,0) -> 1
A730: =Arrivals!A730 -> 7 | B730: =Arrivals!B730 -> 5 | C730: =Arrivals!F730 -> 42 | D730: =Arrivals!K730 -> 300 | E730: =D730*8/ACE_Input!S10+ACE_Input!T10 -> 24.02 | F730: =C730 -> 42 | G730: =K729 -> 98.08 | H730: =MAX(F730,G730) -> 98.08 | I730: =MOD(H730-Settings!$B$32,Settings!$B$33) -> 98.08 | J730: =IF(I730<Settings!$B$30,IF(Settings!$B$30-I730>=E730,H730,H730+(Settings!$B$30-I730)+Settings!$B$31),H730+(Settings!$B$33-I730)) -> 98.08 | K730: =J730+E730 -> 122.1 | L730: =K730 -> 122.1 | M730: =P729 -> 98.569847 | N730: =MAX(L730,M730) -> 122.1 | O730: =Arrivals!I730 -> 0.79494854 | P730: =N730+O730 -> 122.89495 | Q730: =P730-C730 -> 80.894949 | R730: =H730-F730 -> 56.08 | S730: =J730-H730 -> 0 | T730: =N730-L730 -> 0 | U730: =R730+S730+T730 -> 56.08 | V730: =IF(MOD(C730-Settings!$B$32,Settings!$B$33)<Settings!$B$30,"Up","Down") -> Up | W730: =IF(OR(E730>Settings!$B$30,Q730>Settings!$B$37),0,1) -> 1 | X730: =IF(AND(W730=1,Q730<=Settings!$B$36),1,0) -> 1
A731: =Arrivals!A731 -> 7 | B731: =Arrivals!B731 -> 6 | C731: =Arrivals!F731 -> 47 | D731: =Arrivals!K731 -> 300 | E731: =D731*8/ACE_Input!S11+ACE_Input!T11 -> 24.02 | F731: =C731 -> 47 | G731: =K730 -> 122.1 | H731: =MAX(F731,G731) -> 122.1 | I731: =MOD(H731-Settings!$B$32,Settings!$B$33) -> 122.1 | J731: =IF(I731<Settings!$B$30,IF(Settings!$B$30-I731>=E731,H731,H731+(Settings!$B$30-I731)+Settings!$B$31),H731+(Settings!$B$33-I731)) -> 122.1 | K731: =J731+E731 -> 146.12 | L731: =K731 -> 146.12 | M731: =P730 -> 122.89495 | N731: =MAX(L731,M731) -> 146.12 | O731: =Arrivals!I731 -> 0.91129382 | P731: =N731+O731 -> 147.03129 | Q731: =P731-C731 -> 100.03129 | R731: =H731-F731 -> 75.1 | S731: =J731-H731 -> 0 | T731: =N731-L731 -> 0 | U731: =R731+S731+T731 -> 75.1 | V731: =IF(MOD(C731-Settings!$B$32,Settings!$B$33)<Settings!$B$30,"Up","Down") -> Up | W731: =IF(OR(E731>Settings!$B$30,Q731>Settings!$B$37),0,1) -> 1 | X731: =IF(AND(W731=1,Q731<=Settings!$B$36),1,0) -> 1
A732: =Arrivals!A732 -> 7 | B732: =Arrivals!B732 -> 7 | C732: =Arrivals!F732 -> 52 | D732: =Arrivals!K732 -> 300 | E732: =D732*8/ACE_Input!S12+ACE_Input!T12 -> 24.02 | F732: =C732 -> 52 | G732: =K731 -> 146.12 | H732: =MAX(F732,G732) -> 146.12 | I732: =MOD(H732-Settings!$B$32,Settings!$B$33) -> 146.12 | J732: =IF(I732<Settings!$B$30,IF(Settings!$B$30-I732>=E732,H732,H732+(Settings!$B$30-I732)+Settings!$B$31),H732+(Settings!$B$33-I732)) -> 146.12 | K732: =J732+E732 -> 170.14 | L732: =K732 -> 170.14 | M732: =P731 -> 147.03129 | N732: =MAX(L732,M732) -> 170.14 | O732: =Arrivals!I732 -> 0.77962944 | P732: =N732+O732 -> 170.91963 | Q732: =P732-C732 -> 118.91963 | R732: =H732-F732 -> 94.12 | S732: =J732-H732 -> 0 | T732: =N732-L732 -> 0 | U732: =R732+S732+T732 -> 94.12 | V732: =IF(MOD(C732-Settings!$B$32,Settings!$B$33)<Settings!$B$30,"Up","Down") -> Up | W732: =IF(OR(E732>Settings!$B$30,Q732>Settings!$B$37),0,1) -> 1 | X732: =IF(AND(W732=1,Q732<=Settings!$B$36),1,0) -> 1
A733: =Arrivals!A733 -> 7 | B733: =Arrivals!B733 -> 8 | C733: =Arrivals!F733 -> 57 | D733: =Arrivals!K733 -> 300 | E733: =D733*8/ACE_Input!S13+ACE_Input!T13 -> 24.02 | F733: =C733 -> 57 | G733: =K732 -> 170.14 | H733: =MAX(F733,G733) -> 170.14 | I733: =MOD(H733-Settings!$B$32,Settings!$B$33) -> 170.14 | J733: =IF(I733<Settings!$B$30,IF(Settings!$B$30-I733>=E733,H733,H733+(Settings!$B$30-I733)+Settings!$B$31),H733+(Settings!$B$33-I733)) -> 170.14 | K733: =J733+E733 -> 194.16 | L733: =K733 -> 194.16 | M733: =P732 -> 170.91963 | N733: =MAX(L733,M733) -> 194.16 | O733: =Arrivals!I733 -> 1.642093 | P733: =N733+O733 -> 195.80209 | Q733: =P733-C733 -> 138.80209 | R733: =H733-F733 -> 113.14 | S733: =J733-H733 -> 0 | T733: =N733-L733 -> 0 | U733: =R733+S733+T733 -> 113.14 | V733: =IF(MOD(C733-Settings!$B$32,Settings!$B$33)<Settings!$B$30,"Up","Down") -> Up | W733: =IF(OR(E733>Settings!$B$30,Q733>Settings!$B$37),0,1) -> 1 | X733: =IF(AND(W733=1,Q733<=Settings!$B$36),1,0) -> 0
A734: =Arrivals!A734 -> 7 | B734: =Arrivals!B734 -> 9 | C734: =Arrivals!F734 -> 172 | D734: =Arrivals!K734 -> 300 | E734: =D734*8/ACE_Input!S14+ACE_Input!T14 -> 24.02 | F734: =C734 -> 172 | G734: =K733 -> 194.16 | H734: =MAX(F734,G734) -> 194.16 | I734: =MOD(H734-Settings!$B$32,Settings!$B$33) -> 194.16 | J734: =IF(I734<Settings!$B$30,IF(Settings!$B$30-I734>=E734,H734,H734+(Settings!$B$30-I734)+Settings!$B$31),H734+(Settings!$B$33-I734)) -> 194.16 | K734: =J734+E734 -> 218.18 | L734: =K734 -> 218.18 | M734: =P733 -> 195.80209 | N734: =MAX(L734,M734) -> 218.18 | O734: =Arrivals!I734 -> 8.0128177 | P734: =N734+O734 -> 226.19282 | Q734: =P734-C734 -> 54.192818 | R734: =H734-F734 -> 22.16 | S734: =J734-H734 -> 0 | T734: =N734-L734 -> 0 | U734: =R734+S734+T734 -> 22.16 | V734: =IF(MOD(C734-Settings!$B$32,Settings!$B$33)<Settings!$B$30,"Up","Down") -> Up | W734: =IF(OR(E734>Settings!$B$30,Q734>Settings!$B$37),0,1) -> 1 | X734: =IF(AND(W734=1,Q734<=Settings!$B$36),1,0) -> 1
A735: =Arrivals!A735 -> 7 | B735: =Arrivals!B735 -> 10 | C735: =Arrivals!F735 -> 177 | D735: =Arrivals!K735 -> 300 | E735: =D735*8/ACE_Input!S15+ACE_Input!T15 -> 24.02 | F735: =C735 -> 177 | G735: =K734 -> 218.18 | H735: =MAX(F735,G735) -> 218.18 | I735: =MOD(H735-Settings!$B$32,Settings!$B$33) -> 218.18 | J735: =IF(I735<Settings!$B$30,IF(Settings!$B$30-I735>=E735,H735,H735+(Settings!$B$30-I735)+Settings!$B$31),H735+(Settings!$B$33-I735)) -> 218.18 | K735: =J735+E735 -> 242.2 | L735: =K735 -> 242.2 | M735: =P734 -> 226.19282 | N735: =MAX(L735,M735) -> 242.2 | O735: =Arrivals!I735 -> 4.7751397 | P735: =N735+O735 -> 246.97514 | Q735: =P735-C735 -> 69.97514 | R735: =H735-F735 -> 41.18 | S735: =J735-H735 -> 0 | T735: =N735-L735 -> 0 | U735: =R735+S735+T735 -> 41.18 | V735: =IF(MOD(C735-Settings!$B$32,Settings!$B$33)<Settings!$B$30,"Up","Down") -> Up | W735: =IF(OR(E735>Settings!$B$30,Q735>Settings!$B$37),0,1) -> 1 | X735: =IF(AND(W735=1,Q735<=Settings!$B$36),1,0) -> 1
A736: =Arrivals!A736 -> 7 | B736: =Arrivals!B736 -> 11 | C736: =Arrivals!F736 -> 182 | D736: =Arrivals!K736 -> 300 | E736: =D736*8/ACE_Input!S16+ACE_Input!T16 -> 24.02 | F736: =C736 -> 182 | G736: =K735 -> 242.2 | H736: =MAX(F736,G736) -> 242.2 | I736: =MOD(H736-Settings!$B$32,Settings!$B$33) -> 242.2 | J736: =IF(I736<Settings!$B$30,IF(Settings!$B$30-I736>=E736,H736,H736+(Settings!$B$30-I736)+Settings!$B$31),H736+(Settings!$B$33-I736)) -> 242.2 | K736: =J736+E736 -> 266.22 | L736: =K736 -> 266.22 | M736: =P735 -> 246.97514 | N736: =MAX(L736,M736) -> 266.22 | O736: =Arrivals!I736 -> 1.2539487 | P736: =N736+O736 -> 267.47395 | Q736: =P736-C736 -> 85.473949 | R736: =H736-F736 -> 60.2 | S736: =J736-H736 -> 0 | T736: =N736-L736 -> 0 | U736: =R736+S736+T736 -> 60.2 | V736: =IF(MOD(C736-Settings!$B$32,Settings!$B$33)<Settings!$B$30,"Up","Down") -> Up | W736: =IF(OR(E736>Settings!$B$30,Q736>Settings!$B$37),0,1) -> 1 | X736: =IF(AND(W736=1,Q736<=Settings!$B$36),1,0) -> 1
A737: =Arrivals!A737 -> 7 | B737: =Arrivals!B737 -> 12 | C737: =Arrivals!F737 -> 187 | D737: =Arrivals!K737 -> 300 | E737: =D737*8/ACE_Input!S17+ACE_Input!T17 -> 24.02 | F737: =C737 -> 187 | G737: =K736 -> 266.22 | H737: =MAX(F737,G737) -> 266.22 | I737: =MOD(H737-Settings!$B$32,Settings!$B$33) -> 266.22 | J737: =IF(I737<Settings!$B$30,IF(Settings!$B$30-I737>=E737,H737,H737+(Settings!$B$30-I737)+Settings!$B$31),H737+(Settings!$B$33-I737)) -> 266.22 | K737: =J737+E737 -> 290.24 | L737: =K737 -> 290.24 | M737: =P736 -> 267.47395 | N737: =MAX(L737,M737) -> 290.24 | O737: =Arrivals!I737 -> 8.119511 | P737: =N737+O737 -> 298.35951 | Q737: =P737-C737 -> 111.35951 | R737: =H737-F737 -> 79.22 | S737: =J737-H737 -> 0 | T737: =N737-L737 -> 0 | U737: =R737+S737+T737 -> 79.22 | V737: =IF(MOD(C737-Settings!$B$32,Settings!$B$33)<Settings!$B$30,"Up","Down") -> Up | W737: =IF(OR(E737>Settings!$B$30,Q737>Settings!$B$37),0,1) -> 1 | X737: =IF(AND(W737=1,Q737<=Settings!$B$36),1,0) -> 1
A738: =Arrivals!A738 -> 7 | B738: =Arrivals!B738 -> 13 | C738: =Arrivals!F738 -> 192 | D738: =Arrivals!K738 -> 300 | E738: =D738*8/ACE_Input!S18+ACE_Input!T18 -> 24.02 | F738: =C738 -> 192 | G738: =K737 -> 290.24 | H738: =MAX(F738,G738) -> 290.24 | I738: =MOD(H738-Settings!$B$32,Settings!$B$33) -> 290.24 | J738: =IF(I738<Settings!$B$30,IF(Settings!$B$30-I738>=E738,H738,H738+(Settings!$B$30-I738)+Settings!$B$31),H738+(Settings!$B$33-I738)) -> 290.24 | K738: =J738+E738 -> 314.26 | L738: =K738 -> 314.26 | M738: =P737 -> 298.35951 | N738: =MAX(L738,M738) -> 314.26 | O738: =Arrivals!I738 -> 1.8736902 | P738: =N738+O738 -> 316.13369 | Q738: =P738-C738 -> 124.13369 | R738: =H738-F738 -> 98.24 | S738: =J738-H738 -> 0 | T738: =N738-L738 -> 0 | U738: =R738+S738+T738 -> 98.24 | V738: =IF(MOD(C738-Settings!$B$32,Settings!$B$33)<Settings!$B$30,"Up","Down") -> Up | W738: =IF(OR(E738>Settings!$B$30,Q738>Settings!$B$37),0,1) -> 1 | X738: =IF(AND(W738=1,Q738<=Settings!$B$36),1,0) -> 0
...

Sheet Edge_Run
A1: Edge_Run - arrive > onboard processing > wait for link > downlink reduced volume > delivered
A2: CONDITIONAL SYNTHETIC PERFORMANCE. Stale flags do not cancel jobs; mean completion times include stale-flagged work. No historical OPS-SAT latency or outage is measured here.
A5: Rep | B5: Entity | C5: Arrival (s) | D5: Onboard proc time (s) | E5: Processor free at (s) | F5: Processor start (s) | G5: Processor done (s) | H5: Volume after filtering (MB) | I5: Transmit time (s) | J5: Link free at (s) | K5: Earliest link start (s) | L5: Cycle phase (s) | M5: Link start (s) | N5: Delivered (s) | O5: End-to-end latency (s) | P5: Wait for processor (s) | Q5: Wait in link queue (s) | R5: Wait for link recovery (s) | S5: Total queueing delay (s) | T5: Link state at arrival | U5: Delivered flag | V5: Within deadline
A6: =Arrivals!A6 -> 1 | B6: =Arrivals!B6 -> 1 | C6: =Arrivals!F6 -> 2 | D6: =Arrivals!J6 -> 10.045248 | E6: =0 -> 0 | F6: =MAX(C6,E6) -> 2 | G6: =F6+D6 -> 12.045248 | H6: =Arrivals!L6 -> 75 | I6: =H6*8/ACE_Input!S6+ACE_Input!T6 -> 6.02 | J6: =0 -> 0 | K6: =MAX(G6,J6) -> 12.045248 | L6: =MOD(K6-Settings!$B$32,Settings!$B$33) -> 12.045248 | M6: =IF(L6<Settings!$B$30,IF(Settings!$B$30-L6>=I6,K6,K6+(Settings!$B$30-L6)+Settings!$B$31),K6+(Settings!$B$33-L6)) -> 12.045248 | N6: =M6+I6 -> 18.065248 | O6: =N6-C6 -> 16.065248 | P6: =F6-C6 -> 0 | Q6: =K6-G6 -> 0 | R6: =M6-K6 -> 0 | S6: =P6+Q6+R6 -> 0 | T6: =IF(MOD(C6-Settings!$B$32,Settings!$B$33)<Settings!$B$30,"Up","Down") -> Up | U6: =IF(OR(I6>Settings!$B$30,O6>Settings!$B$37),0,1) -> 1 | V6: =IF(AND(U6=1,O6<=Settings!$B$36),1,0) -> 1
A7: =Arrivals!A7 -> 1 | B7: =Arrivals!B7 -> 2 | C7: =Arrivals!F7 -> 7 | D7: =Arrivals!J7 -> 2.6480912 | E7: =G6 -> 12.045248 | F7: =MAX(C7,E7) -> 12.045248 | G7: =F7+D7 -> 14.693339 | H7: =Arrivals!L7 -> 75 | I7: =H7*8/ACE_Input!S7+ACE_Input!T7 -> 6.02 | J7: =N6 -> 18.065248 | K7: =MAX(G7,J7) -> 18.065248 | L7: =MOD(K7-Settings!$B$32,Settings!$B$33) -> 18.065248 | M7: =IF(L7<Settings!$B$30,IF(Settings!$B$30-L7>=I7,K7,K7+(Settings!$B$30-L7)+Settings!$B$31),K7+(Settings!$B$33-L7)) -> 18.065248 | N7: =M7+I7 -> 24.085248 | O7: =N7-C7 -> 17.085248 | P7: =F7-C7 -> 5.0452479 | Q7: =K7-G7 -> 3.3719088 | R7: =M7-K7 -> 0 | S7: =P7+Q7+R7 -> 8.4171567 | T7: =IF(MOD(C7-Settings!$B$32,Settings!$B$33)<Settings!$B$30,"Up","Down") -> Up | U7: =IF(OR(I7>Settings!$B$30,O7>Settings!$B$37),0,1) -> 1 | V7: =IF(AND(U7=1,O7<=Settings!$B$36),1,0) -> 1
A8: =Arrivals!A8 -> 1 | B8: =Arrivals!B8 -> 3 | C8: =Arrivals!F8 -> 32 | D8: =Arrivals!J8 -> 2.0632877 | E8: =G7 -> 14.693339 | F8: =MAX(C8,E8) -> 32 | G8: =F8+D8 -> 34.063288 | H8: =Arrivals!L8 -> 75 | I8: =H8*8/ACE_Input!S8+ACE_Input!T8 -> 6.02 | J8: =N7 -> 24.085248 | K8: =MAX(G8,J8) -> 34.063288 | L8: =MOD(K8-Settings!$B$32,Settings!$B$33) -> 34.063288 | M8: =IF(L8<Settings!$B$30,IF(Settings!$B$30-L8>=I8,K8,K8+(Settings!$B$30-L8)+Settings!$B$31),K8+(Settings!$B$33-L8)) -> 34.063288 | N8: =M8+I8 -> 40.083288 | O8: =N8-C8 -> 8.0832877 | P8: =F8-C8 -> 0 | Q8: =K8-G8 -> 0 | R8: =M8-K8 -> 0 | S8: =P8+Q8+R8 -> 0 | T8: =IF(MOD(C8-Settings!$B$32,Settings!$B$33)<Settings!$B$30,"Up","Down") -> Up | U8: =IF(OR(I8>Settings!$B$30,O8>Settings!$B$37),0,1) -> 1 | V8: =IF(AND(U8=1,O8<=Settings!$B$36),1,0) -> 1
A9: =Arrivals!A9 -> 1 | B9: =Arrivals!B9 -> 4 | C9: =Arrivals!F9 -> 37 | D9: =Arrivals!J9 -> 0.19418507 | E9: =G8 -> 34.063288 | F9: =MAX(C9,E9) -> 37 | G9: =F9+D9 -> 37.194185 | H9: =Arrivals!L9 -> 75 | I9: =H9*8/ACE_Input!S9+ACE_Input!T9 -> 6.02 | J9: =N8 -> 40.083288 | K9: =MAX(G9,J9) -> 40.083288 | L9: =MOD(K9-Settings!$B$32,Settings!$B$33) -> 40.083288 | M9: =IF(L9<Settings!$B$30,IF(Settings!$B$30-L9>=I9,K9,K9+(Settings!$B$30-L9)+Settings!$B$31),K9+(Settings!$B$33-L9)) -> 40.083288 | N9: =M9+I9 -> 46.103288 | O9: =N9-C9 -> 9.1032877 | P9: =F9-C9 -> 0 | Q9: =K9-G9 -> 2.8891027 | R9: =M9-K9 -> 0 | S9: =P9+Q9+R9 -> 2.8891027 | T9: =IF(MOD(C9-Settings!$B$32,Settings!$B$33)<Settings!$B$30,"Up","Down") -> Up | U9: =IF(OR(I9>Settings!$B$30,O9>Settings!$B$37),0,1) -> 1 | V9: =IF(AND(U9=1,O9<=Settings!$B$36),1,0) -> 1
A10: =Arrivals!A10 -> 1 | B10: =Arrivals!B10 -> 5 | C10: =Arrivals!F10 -> 42 | D10: =Arrivals!J10 -> 18.3708 | E10: =G9 -> 37.194185 | F10: =MAX(C10,E10) -> 42 | G10: =F10+D10 -> 60.3708 | H10: =Arrivals!L10 -> 75 | I10: =H10*8/ACE_Input!S10+ACE_Input!T10 -> 6.02 | J10: =N9 -> 46.103288 | K10: =MAX(G10,J10) -> 60.3708 | L10: =MOD(K10-Settings!$B$32,Settings!$B$33) -> 60.3708 | M10: =IF(L10<Settings!$B$30,IF(Settings!$B$30-L10>=I10,K10,K10+(Settings!$B$30-L10)+Settings!$B$31),K10+(Settings!$B$33-L10)) -> 60.3708 | N10: =M10+I10 -> 66.3908 | O10: =N10-C10 -> 24.3908 | P10: =F10-C10 -> 0 | Q10: =K10-G10 -> 0 | R10: =M10-K10 -> 0 | S10: =P10+Q10+R10 -> 0 | T10: =IF(MOD(C10-Settings!$B$32,Settings!$B$33)<Settings!$B$30,"Up","Down") -> Up | U10: =IF(OR(I10>Settings!$B$30,O10>Settings!$B$37),0,1) -> 1 | V10: =IF(AND(U10=1,O10<=Settings!$B$36),1,0) -> 1
A11: =Arrivals!A11 -> 1 | B11: =Arrivals!B11 -> 6 | C11: =Arrivals!F11 -> 47 | D11: =Arrivals!J11 -> 38.287293 | E11: =G10 -> 60.3708 | F11: =MAX(C11,E11) -> 60.3708 | G11: =F11+D11 -> 98.658093 | H11: =Arrivals!L11 -> 75 | I11: =H11*8/ACE_Input!S11+ACE_Input!T11 -> 6.02 | J11: =N10 -> 66.3908 | K11: =MAX(G11,J11) -> 98.658093 | L11: =MOD(K11-Settings!$B$32,Settings!$B$33) -> 98.658093 | M11: =IF(L11<Settings!$B$30,IF(Settings!$B$30-L11>=I11,K11,K11+(Settings!$B$30-L11)+Settings!$B$31),K11+(Settings!$B$33-L11)) -> 98.658093 | N11: =M11+I11 -> 104.67809 | O11: =N11-C11 -> 57.678093 | P11: =F11-C11 -> 13.3708 | Q11: =K11-G11 -> 0 | R11: =M11-K11 -> 0 | S11: =P11+Q11+R11 -> 13.3708 | T11: =IF(MOD(C11-Settings!$B$32,Settings!$B$33)<Settings!$B$30,"Up","Down") -> Up | U11: =IF(OR(I11>Settings!$B$30,O11>Settings!$B$37),0,1) -> 1 | V11: =IF(AND(U11=1,O11<=Settings!$B$36),1,0) -> 1
A12: =Arrivals!A12 -> 1 | B12: =Arrivals!B12 -> 7 | C12: =Arrivals!F12 -> 52 | D12: =Arrivals!J12 -> 7.0608285 | E12: =G11 -> 98.658093 | F12: =MAX(C12,E12) -> 98.658093 | G12: =F12+D12 -> 105.71892 | H12: =Arrivals!L12 -> 75 | I12: =H12*8/ACE_Input!S12+ACE_Input!T12 -> 6.02 | J12: =N11 -> 104.67809 | K12: =MAX(G12,J12) -> 105.71892 | L12: =MOD(K12-Settings!$B$32,Settings!$B$33) -> 105.71892 | M12: =IF(L12<Settings!$B$30,IF(Settings!$B$30-L12>=I12,K12,K12+(Settings!$B$30-L12)+Settings!$B$31),K12+(Settings!$B$33-L12)) -> 105.71892 | N12: =M12+I12 -> 111.73892 | O12: =N12-C12 -> 59.738921 | P12: =F12-C12 -> 46.658093 | Q12: =K12-G12 -> 0 | R12: =M12-K12 -> 0 | S12: =P12+Q12+R12 -> 46.658093 | T12: =IF(MOD(C12-Settings!$B$32,Settings!$B$33)<Settings!$B$30,"Up","Down") -> Up | U12: =IF(OR(I12>Settings!$B$30,O12>Settings!$B$37),0,1) -> 1 | V12: =IF(AND(U12=1,O12<=Settings!$B$36),1,0) -> 1
A13: =Arrivals!A13 -> 1 | B13: =Arrivals!B13 -> 8 | C13: =Arrivals!F13 -> 57 | D13: =Arrivals!J13 -> 8.9332384 | E13: =G12 -> 105.71892 | F13: =MAX(C13,E13) -> 105.71892 | G13: =F13+D13 -> 114.65216 | H13: =Arrivals!L13 -> 75 | I13: =H13*8/ACE_Input!S13+ACE_Input!T13 -> 6.02 | J13: =N12 -> 111.73892 | K13: =MAX(G13,J13) -> 114.65216 | L13: =MOD(K13-Settings!$B$32,Settings!$B$33) -> 114.65216 | M13: =IF(L13<Settings!$B$30,IF(Settings!$B$30-L13>=I13,K13,K13+(Settings!$B$30-L13)+Settings!$B$31),K13+(Settings!$B$33-L13)) -> 114.65216 | N13: =M13+I13 -> 120.67216 | O13: =N13-C13 -> 63.67216 | P13: =F13-C13 -> 48.718921 | Q13: =K13-G13 -> 0 | R13: =M13-K13 -> 0 | S13: =P13+Q13+R13 -> 48.718921 | T13: =IF(MOD(C13-Settings!$B$32,Settings!$B$33)<Settings!$B$30,"Up","Down") -> Up | U13: =IF(OR(I13>Settings!$B$30,O13>Settings!$B$37),0,1) -> 1 | V13: =IF(AND(U13=1,O13<=Settings!$B$36),1,0) -> 1
A14: =Arrivals!A14 -> 1 | B14: =Arrivals!B14 -> 9 | C14: =Arrivals!F14 -> 172 | D14: =Arrivals!J14 -> 12.378154 | E14: =G13 -> 114.65216 | F14: =MAX(C14,E14) -> 172 | G14: =F14+D14 -> 184.37815 | H14: =Arrivals!L14 -> 75 | I14: =H14*8/ACE_Input!S14+ACE_Input!T14 -> 6.02 | J14: =N13 -> 120.67216 | K14: =MAX(G14,J14) -> 184.37815 | L14: =MOD(K14-Settings!$B$32,Settings!$B$33) -> 184.37815 | M14: =IF(L14<Settings!$B$30,IF(Settings!$B$30-L14>=I14,K14,K14+(Settings!$B$30-L14)+Settings!$B$31),K14+(Settings!$B$33-L14)) -> 184.37815 | N14: =M14+I14 -> 190.39815 | O14: =N14-C14 -> 18.398154 | P14: =F14-C14 -> 0 | Q14: =K14-G14 -> 0 | R14: =M14-K14 -> 0 | S14: =P14+Q14+R14 -> 0 | T14: =IF(MOD(C14-Settings!$B$32,Settings!$B$33)<Settings!$B$30,"Up","Down") -> Up | U14: =IF(OR(I14>Settings!$B$30,O14>Settings!$B$37),0,1) -> 1 | V14: =IF(AND(U14=1,O14<=Settings!$B$36),1,0) -> 1
A15: =Arrivals!A15 -> 1 | B15: =Arrivals!B15 -> 10 | C15: =Arrivals!F15 -> 177 | D15: =Arrivals!J15 -> 23.114768 | E15: =G14 -> 184.37815 | F15: =MAX(C15,E15) -> 184.37815 | G15: =F15+D15 -> 207.49292 | H15: =Arrivals!L15 -> 75 | I15: =H15*8/ACE_Input!S15+ACE_Input!T15 -> 6.02 | J15: =N14 -> 190.39815 | K15: =MAX(G15,J15) -> 207.49292 | L15: =MOD(K15-Settings!$B$32,Settings!$B$33) -> 207.49292 | M15: =IF(L15<Settings!$B$30,IF(Settings!$B$30-L15>=I15,K15,K15+(Settings!$B$30-L15)+Settings!$B$31),K15+(Settings!$B$33-L15)) -> 207.49292 | N15: =M15+I15 -> 213.51292 | O15: =N15-C15 -> 36.512922 | P15: =F15-C15 -> 7.3781537 | Q15: =K15-G15 -> 0 | R15: =M15-K15 -> 0 | S15: =P15+Q15+R15 -> 7.3781537 | T15: =IF(MOD(C15-Settings!$B$32,Settings!$B$33)<Settings!$B$30,"Up","Down") -> Up | U15: =IF(OR(I15>Settings!$B$30,O15>Settings!$B$37),0,1) -> 1 | V15: =IF(AND(U15=1,O15<=Settings!$B$36),1,0) -> 1
A16: =Arrivals!A16 -> 1 | B16: =Arrivals!B16 -> 11 | C16: =Arrivals!F16 -> 182 | D16: =Arrivals!J16 -> 3.9682638 | E16: =G15 -> 207.49292 | F16: =MAX(C16,E16) -> 207.49292 | G16: =F16+D16 -> 211.46119 | H16: =Arrivals!L16 -> 75 | I16: =H16*8/ACE_Input!S16+ACE_Input!T16 -> 6.02 | J16: =N15 -> 213.51292 | K16: =MAX(G16,J16) -> 213.51292 | L16: =MOD(K16-Settings!$B$32,Settings!$B$33) -> 213.51292 | M16: =IF(L16<Settings!$B$30,IF(Settings!$B$30-L16>=I16,K16,K16+(Settings!$B$30-L16)+Settings!$B$31),K16+(Settings!$B$33-L16)) -> 213.51292 | N16: =M16+I16 -> 219.53292 | O16: =N16-C16 -> 37.532922 | P16: =F16-C16 -> 25.492922 | Q16: =K16-G16 -> 2.0517362 | R16: =M16-K16 -> 0 | S16: =P16+Q16+R16 -> 27.544658 | T16: =IF(MOD(C16-Settings!$B$32,Settings!$B$33)<Settings!$B$30,"Up","Down") -> Up | U16: =IF(OR(I16>Settings!$B$30,O16>Settings!$B$37),0,1) -> 1 | V16: =IF(AND(U16=1,O16<=Settings!$B$36),1,0) -> 1
A17: =Arrivals!A17 -> 1 | B17: =Arrivals!B17 -> 12 | C17: =Arrivals!F17 -> 187 | D17: =Arrivals!J17 -> 5.4851593 | E17: =G16 -> 211.46119 | F17: =MAX(C17,E17) -> 211.46119 | G17: =F17+D17 -> 216.94634 | H17: =Arrivals!L17 -> 75 | I17: =H17*8/ACE_Input!S17+ACE_Input!T17 -> 6.02 | J17: =N16 -> 219.53292 | K17: =MAX(G17,J17) -> 219.53292 | L17: =MOD(K17-Settings!$B$32,Settings!$B$33) -> 219.53292 | M17: =IF(L17<Settings!$B$30,IF(Settings!$B$30-L17>=I17,K17,K17+(Settings!$B$30-L17)+Settings!$B$31),K17+(Settings!$B$33-L17)) -> 219.53292 | N17: =M17+I17 -> 225.55292 | O17: =N17-C17 -> 38.552922 | P17: =F17-C17 -> 24.461185 | Q17: =K17-G17 -> 2.5865769 | R17: =M17-K17 -> 0 | S17: =P17+Q17+R17 -> 27.047762 | T17: =IF(MOD(C17-Settings!$B$32,Settings!$B$33)<Settings!$B$30,"Up","Down") -> Up | U17: =IF(OR(I17>Settings!$B$30,O17>Settings!$B$37),0,1) -> 1 | V17: =IF(AND(U17=1,O17<=Settings!$B$36),1,0) -> 1
A18: =Arrivals!A18 -> 1 | B18: =Arrivals!B18 -> 13 | C18: =Arrivals!F18 -> 192 | D18: =Arrivals!J18 -> 2.1795247 | E18: =G17 -> 216.94634 | F18: =MAX(C18,E18) -> 216.94634 | G18: =F18+D18 -> 219.12587 | H18: =Arrivals!L18 -> 75 | I18: =H18*8/ACE_Input!S18+ACE_Input!T18 -> 6.02 | J18: =N17 -> 225.55292 | K18: =MAX(G18,J18) -> 225.55292 | L18: =MOD(K18-Settings!$B$32,Settings!$B$33) -> 225.55292 | M18: =IF(L18<Settings!$B$30,IF(Settings!$B$30-L18>=I18,K18,K18+(Settings!$B$30-L18)+Settings!$B$31),K18+(Settings!$B$33-L18)) -> 225.55292 | N18: =M18+I18 -> 231.57292 | O18: =N18-C18 -> 39.572922 | P18: =F18-C18 -> 24.946345 | Q18: =K18-G18 -> 6.4270522 | R18: =M18-K18 -> 0 | S18: =P18+Q18+R18 -> 31.373397 | T18: =IF(MOD(C18-Settings!$B$32,Settings!$B$33)<Settings!$B$30,"Up","Down") -> Up | U18: =IF(OR(I18>Settings!$B$30,O18>Settings!$B$37),0,1) -> 1 | V18: =IF(AND(U18=1,O18<=Settings!$B$36),1,0) -> 1
... A105: =Arrivals!A105 -> 1 | B105: =Arrivals!B105 -> 100 | C105: =Arrivals!F105 -> 689 | D105: =Arrivals!J105 -> 37.073068 | E105: =G104 -> 1100.739 | F105: =MAX(C105,E105) -> 1100.739 | G105: =F105+D105 -> 1137.812 | H105: =Arrivals!L105 -> 75 | I105: =H105*8/ACE_Input!S105+ACE_Input!T105 -> 6.02 | J105: =N104 -> 1111.5256 | K105: =MAX(G105,J105) -> 1137.812 | L105: =MOD(K105-Settings!$B$32,Settings!$B$33) -> 417.81205 | M105: =IF(L105<Settings!$B$30,IF(Settings!$B$30-L105>=I105,K105,K105+(Settings!$B$30-L105)+Settings!$B$31),K105+(Settings!$B$33-L105)) -> 1137.812 | N105: =M105+I105 -> 1143.832 | O105: =N105-C105 -> 454.83205 | P105: =F105-C105 -> 411.73898 | Q105: =K105-G105 -> 0 | R105: =M105-K105 -> 0 | S105: =P105+Q105+R105 -> 411.73898 | T105: =IF(MOD(C105-Settings!$B$32,Settings!$B$33)<Settings!$B$30,"Up","Down") -> Down | U105: =IF(OR(I105>Settings!$B$30,O105>Settings!$B$37),0,1) -> 1 | V105: =IF(AND(U105=1,O105<=Settings!$B$36),1,0) -> 0
A126: =Arrivals!A126 -> 2 | B126: =Arrivals!B126 -> 1 | C126: =Arrivals!F126 -> 2 | D126: =Arrivals!J126 -> 9.8302693 | E126: =0 -> 0 | F126: =MAX(C126,E126) -> 2 | G126: =F126+D126 -> 11.830269 | H126: =Arrivals!L126 -> 75 | I126: =H126*8/ACE_Input!S6+ACE_Input!T6 -> 6.02 | J126: =0 -> 0 | K126: =MAX(G126,J126) -> 11.830269 | L126: =MOD(K126-Settings!$B$32,Settings!$B$33) -> 11.830269 | M126: =IF(L126<Settings!$B$30,IF(Settings!$B$30-L126>=I126,K126,K126+(Settings!$B$30-L126)+Settings!$B$31),K126+(Settings!$B$33-L126)) -> 11.830269 | N126: =M126+I126 -> 17.850269 | O126: =N126-C126 -> 15.850269 | P126: =F126-C126 -> 0 | Q126: =K126-G126 -> 0 | R126: =M126-K126 -> 0 | S126: =P126+Q126+R126 -> 0 | T126: =IF(MOD(C126-Settings!$B$32,Settings!$B$33)<Settings!$B$30,"Up","Down") -> Up | U126: =IF(OR(I126>Settings!$B$30,O126>Settings!$B$37),0,1) -> 1 | V126: =IF(AND(U126=1,O126<=Settings!$B$36),1,0) -> 1
A127: =Arrivals!A127 -> 2 | B127: =Arrivals!B127 -> 2 | C127: =Arrivals!F127 -> 7 | D127: =Arrivals!J127 -> 12.953977 | E127: =G126 -> 11.830269 | F127: =MAX(C127,E127) -> 11.830269 | G127: =F127+D127 -> 24.784246 | H127: =Arrivals!L127 -> 75 | I127: =H127*8/ACE_Input!S7+ACE_Input!T7 -> 6.02 | J127: =N126 -> 17.850269 | K127: =MAX(G127,J127) -> 24.784246 | L127: =MOD(K127-Settings!$B$32,Settings!$B$33) -> 24.784246 | M127: =IF(L127<Settings!$B$30,IF(Settings!$B$30-L127>=I127,K127,K127+(Settings!$B$30-L127)+Settings!$B$31),K127+(Settings!$B$33-L127)) -> 24.784246 | N127: =M127+I127 -> 30.804246 | O127: =N127-C127 -> 23.804246 | P127: =F127-C127 -> 4.8302693 | Q127: =K127-G127 -> 0 | R127: =M127-K127 -> 0 | S127: =P127+Q127+R127 -> 4.8302693 | T127: =IF(MOD(C127-Settings!$B$32,Settings!$B$33)<Settings!$B$30,"Up","Down") -> Up | U127: =IF(OR(I127>Settings!$B$30,O127>Settings!$B$37),0,1) -> 1 | V127: =IF(AND(U127=1,O127<=Settings!$B$36),1,0) -> 1
A128: =Arrivals!A128 -> 2 | B128: =Arrivals!B128 -> 3 | C128: =Arrivals!F128 -> 32 | D128: =Arrivals!J128 -> 9.6529318 | E128: =G127 -> 24.784246 | F128: =MAX(C128,E128) -> 32 | G128: =F128+D128 -> 41.652932 | H128: =Arrivals!L128 -> 75 | I128: =H128*8/ACE_Input!S8+ACE_Input!T8 -> 6.02 | J128: =N127 -> 30.804246 | K128: =MAX(G128,J128) -> 41.652932 | L128: =MOD(K128-Settings!$B$32,Settings!$B$33) -> 41.652932 | M128: =IF(L128<Settings!$B$30,IF(Settings!$B$30-L128>=I128,K128,K128+(Settings!$B$30-L128)+Settings!$B$31),K128+(Settings!$B$33-L128)) -> 41.652932 | N128: =M128+I128 -> 47.672932 | O128: =N128-C128 -> 15.672932 | P128: =F128-C128 -> 0 | Q128: =K128-G128 -> 0 | R128: =M128-K128 -> 0 | S128: =P128+Q128+R128 -> 0 | T128: =IF(MOD(C128-Settings!$B$32,Settings!$B$33)<Settings!$B$30,"Up","Down") -> Up | U128: =IF(OR(I128>Settings!$B$30,O128>Settings!$B$37),0,1) -> 1 | V128: =IF(AND(U128=1,O128<=Settings!$B$36),1,0) -> 1
A129: =Arrivals!A129 -> 2 | B129: =Arrivals!B129 -> 4 | C129: =Arrivals!F129 -> 37 | D129: =Arrivals!J129 -> 5.4669606 | E129: =G128 -> 41.652932 | F129: =MAX(C129,E129) -> 41.652932 | G129: =F129+D129 -> 47.119892 | H129: =Arrivals!L129 -> 75 | I129: =H129*8/ACE_Input!S9+ACE_Input!T9 -> 6.02 | J129: =N128 -> 47.672932 | K129: =MAX(G129,J129) -> 47.672932 | L129: =MOD(K129-Settings!$B$32,Settings!$B$33) -> 47.672932 | M129: =IF(L129<Settings!$B$30,IF(Settings!$B$30-L129>=I129,K129,K129+(Settings!$B$30-L129)+Settings!$B$31),K129+(Settings!$B$33-L129)) -> 47.672932 | N129: =M129+I129 -> 53.692932 | O129: =N129-C129 -> 16.692932 | P129: =F129-C129 -> 4.6529318 | Q129: =K129-G129 -> 0.55303935 | R129: =M129-K129 -> 0 | S129: =P129+Q129+R129 -> 5.2059711 | T129: =IF(MOD(C129-Settings!$B$32,Settings!$B$33)<Settings!$B$30,"Up","Down") -> Up | U129: =IF(OR(I129>Settings!$B$30,O129>Settings!$B$37),0,1) -> 1 | V129: =IF(AND(U129=1,O129<=Settings!$B$36),1,0) -> 1
A130: =Arrivals!A130 -> 2 | B130: =Arrivals!B130 -> 5 | C130: =Arrivals!F130 -> 42 | D130: =Arrivals!J130 -> 0.19869648 | E130: =G129 -> 47.119892 | F130: =MAX(C130,E130) -> 47.119892 | G130: =F130+D130 -> 47.318589 | H130: =Arrivals!L130 -> 75 | I130: =H130*8/ACE_Input!S10+ACE_Input!T10 -> 6.02 | J130: =N129 -> 53.692932 | K130: =MAX(G130,J130) -> 53.692932 | L130: =MOD(K130-Settings!$B$32,Settings!$B$33) -> 53.692932 | M130: =IF(L130<Settings!$B$30,IF(Settings!$B$30-L130>=I130,K130,K130+(Settings!$B$30-L130)+Settings!$B$31),K130+(Settings!$B$33-L130)) -> 53.692932 | N130: =M130+I130 -> 59.712932 | O130: =N130-C130 -> 17.712932 | P130: =F130-C130 -> 5.1198924 | Q130: =K130-G130 -> 6.3743429 | R130: =M130-K130 -> 0 | S130: =P130+Q130+R130 -> 11.494235 | T130: =IF(MOD(C130-Settings!$B$32,Settings!$B$33)<Settings!$B$30,"Up","Down") -> Up | U130: =IF(OR(I130>Settings!$B$30,O130>Settings!$B$37),0,1) -> 1 | V130: =IF(AND(U130=1,O130<=Settings!$B$36),1,0) -> 1
A131: =Arrivals!A131 -> 2 | B131: =Arrivals!B131 -> 6 | C131: =Arrivals!F131 -> 47 | D131: =Arrivals!J131 -> 96.081774 | E131: =G130 -> 47.318589 | F131: =MAX(C131,E131) -> 47.318589 | G131: =F131+D131 -> 143.40036 | H131: =Arrivals!L131 -> 75 | I131: =H131*8/ACE_Input!S11+ACE_Input!T11 -> 6.02 | J131: =N130 -> 59.712932 | K131: =MAX(G131,J131) -> 143.40036 | L131: =MOD(K131-Settings!$B$32,Settings!$B$33) -> 143.40036 | M131: =IF(L131<Settings!$B$30,IF(Settings!$B$30-L131>=I131,K131,K131+(Settings!$B$30-L131)+Settings!$B$31),K131+(Settings!$B$33-L131)) -> 143.40036 | N131: =M131+I131 -> 149.42036 | O131: =N131-C131 -> 102.42036 | P131: =F131-C131 -> 0.31858893 | Q131: =K131-G131 -> 0 | R131: =M131-K131 -> 0 | S131: =P131+Q131+R131 -> 0.31858893 | T131: =IF(MOD(C131-Settings!$B$32,Settings!$B$33)<Settings!$B$30,"Up","Down") -> Up | U131: =IF(OR(I131>Settings!$B$30,O131>Settings!$B$37),0,1) -> 1 | V131: =IF(AND(U131=1,O131<=Settings!$B$36),1,0) -> 1
A132: =Arrivals!A132 -> 2 | B132: =Arrivals!B132 -> 7 | C132: =Arrivals!F132 -> 52 | D132: =Arrivals!J132 -> 6.1333116 | E132: =G131 -> 143.40036 | F132: =MAX(C132,E132) -> 143.40036 | G132: =F132+D132 -> 149.53368 | H132: =Arrivals!L132 -> 75 | I132: =H132*8/ACE_Input!S12+ACE_Input!T12 -> 6.02 | J132: =N131 -> 149.42036 | K132: =MAX(G132,J132) -> 149.53368 | L132: =MOD(K132-Settings!$B$32,Settings!$B$33) -> 149.53368 | M132: =IF(L132<Settings!$B$30,IF(Settings!$B$30-L132>=I132,K132,K132+(Settings!$B$30-L132)+Settings!$B$31),K132+(Settings!$B$33-L132)) -> 149.53368 | N132: =M132+I132 -> 155.55368 | O132: =N132-C132 -> 103.55368 | P132: =F132-C132 -> 91.400363 | Q132: =K132-G132 -> 0 | R132: =M132-K132 -> 0 | S132: =P132+Q132+R132 -> 91.400363 | T132: =IF(MOD(C132-Settings!$B$32,Settings!$B$33)<Settings!$B$30,"Up","Down") -> Up | U132: =IF(OR(I132>Settings!$B$30,O132>Settings!$B$37),0,1) -> 1 | V132: =IF(AND(U132=1,O132<=Settings!$B$36),1,0) -> 1
A133: =Arrivals!A133 -> 2 | B133: =Arrivals!B133 -> 8 | C133: =Arrivals!F133 -> 57 | D133: =Arrivals!J133 -> 12.955647 | E133: =G132 -> 149.53368 | F133: =MAX(C133,E133) -> 149.53368 | G133: =F133+D133 -> 162.48932 | H133: =Arrivals!L133 -> 75 | I133: =H133*8/ACE_Input!S13+ACE_Input!T13 -> 6.02 | J133: =N132 -> 155.55368 | K133: =MAX(G133,J133) -> 162.48932 | L133: =MOD(K133-Settings!$B$32,Settings!$B$33) -> 162.48932 | M133: =IF(L133<Settings!$B$30,IF(Settings!$B$30-L133>=I133,K133,K133+(Settings!$B$30-L133)+Settings!$B$31),K133+(Settings!$B$33-L133)) -> 162.48932 | N133: =M133+I133 -> 168.50932 | O133: =N133-C133 -> 111.50932 | P133: =F133-C133 -> 92.533675 | Q133: =K133-G133 -> 0 | R133: =M133-K133 -> 0 | S133: =P133+Q133+R133 -> 92.533675 | T133: =IF(MOD(C133-Settings!$B$32,Settings!$B$33)<Settings!$B$30,"Up","Down") -> Up | U133: =IF(OR(I133>Settings!$B$30,O133>Settings!$B$37),0,1) -> 1 | V133: =IF(AND(U133=1,O133<=Settings!$B$36),1,0) -> 1
A134: =Arrivals!A134 -> 2 | B134: =Arrivals!B134 -> 9 | C134: =Arrivals!F134 -> 172 | D134: =Arrivals!J134 -> 5.1164696 | E134: =G133 -> 162.48932 | F134: =MAX(C134,E134) -> 172 | G134: =F134+D134 -> 177.11647 | H134: =Arrivals!L134 -> 75 | I134: =H134*8/ACE_Input!S14+ACE_Input!T14 -> 6.02 | J134: =N133 -> 168.50932 | K134: =MAX(G134,J134) -> 177.11647 | L134: =MOD(K134-Settings!$B$32,Settings!$B$33) -> 177.11647 | M134: =IF(L134<Settings!$B$30,IF(Settings!$B$30-L134>=I134,K134,K134+(Settings!$B$30-L134)+Settings!$B$31),K134+(Settings!$B$33-L134)) -> 177.11647 | N134: =M134+I134 -> 183.13647 | O134: =N134-C134 -> 11.13647 | P134: =F134-C134 -> 0 | Q134: =K134-G134 -> 0 | R134: =M134-K134 -> 0 | S134: =P134+Q134+R134 -> 0 | T134: =IF(MOD(C134-Settings!$B$32,Settings!$B$33)<Settings!$B$30,"Up","Down") -> Up | U134: =IF(OR(I134>Settings!$B$30,O134>Settings!$B$37),0,1) -> 1 | V134: =IF(AND(U134=1,O134<=Settings!$B$36),1,0) -> 1
A135: =Arrivals!A135 -> 2 | B135: =Arrivals!B135 -> 10 | C135: =Arrivals!F135 -> 177 | D135: =Arrivals!J135 -> 2.1123678 | E135: =G134 -> 177.11647 | F135: =MAX(C135,E135) -> 177.11647 | G135: =F135+D135 -> 179.22884 | H135: =Arrivals!L135 -> 75 | I135: =H135*8/ACE_Input!S15+ACE_Input!T15 -> 6.02 | J135: =N134 -> 183.13647 | K135: =MAX(G135,J135) -> 183.13647 | L135: =MOD(K135-Settings!$B$32,Settings!$B$33) -> 183.13647 | M135: =IF(L135<Settings!$B$30,IF(Settings!$B$30-L135>=I135,K135,K135+(Settings!$B$30-L135)+Settings!$B$31),K135+(Settings!$B$33-L135)) -> 183.13647 | N135: =M135+I135 -> 189.15647 | O135: =N135-C135 -> 12.15647 | P135: =F135-C135 -> 0.11646959 | Q135: =K135-G135 -> 3.9076322 | R135: =M135-K135 -> 0 | S135: =P135+Q135+R135 -> 4.0241018 | T135: =IF(MOD(C135-Settings!$B$32,Settings!$B$33)<Settings!$B$30,"Up","Down") -> Up | U135: =IF(OR(I135>Settings!$B$30,O135>Settings!$B$37),0,1) -> 1 | V135: =IF(AND(U135=1,O135<=Settings!$B$36),1,0) -> 1
A136: =Arrivals!A136 -> 2 | B136: =Arrivals!B136 -> 11 | C136: =Arrivals!F136 -> 182 | D136: =Arrivals!J136 -> 18.141948 | E136: =G135 -> 179.22884 | F136: =MAX(C136,E136) -> 182 | G136: =F136+D136 -> 200.14195 | H136: =Arrivals!L136 -> 75 | I136: =H136*8/ACE_Input!S16+ACE_Input!T16 -> 6.02 | J136: =N135 -> 189.15647 | K136: =MAX(G136,J136) -> 200.14195 | L136: =MOD(K136-Settings!$B$32,Settings!$B$33) -> 200.14195 | M136: =IF(L136<Settings!$B$30,IF(Settings!$B$30-L136>=I136,K136,K136+(Settings!$B$30-L136)+Settings!$B$31),K136+(Settings!$B$33-L136)) -> 200.14195 | N136: =M136+I136 -> 206.16195 | O136: =N136-C136 -> 24.161948 | P136: =F136-C136 -> 0 | Q136: =K136-G136 -> 0 | R136: =M136-K136 -> 0 | S136: =P136+Q136+R136 -> 0 | T136: =IF(MOD(C136-Settings!$B$32,Settings!$B$33)<Settings!$B$30,"Up","Down") -> Up | U136: =IF(OR(I136>Settings!$B$30,O136>Settings!$B$37),0,1) -> 1 | V136: =IF(AND(U136=1,O136<=Settings!$B$36),1,0) -> 1
A137: =Arrivals!A137 -> 2 | B137: =Arrivals!B137 -> 12 | C137: =Arrivals!F137 -> 187 | D137: =Arrivals!J137 -> 36.071515 | E137: =G136 -> 200.14195 | F137: =MAX(C137,E137) -> 200.14195 | G137: =F137+D137 -> 236.21346 | H137: =Arrivals!L137 -> 75 | I137: =H137*8/ACE_Input!S17+ACE_Input!T17 -> 6.02 | J137: =N136 -> 206.16195 | K137: =MAX(G137,J137) -> 236.21346 | L137: =MOD(K137-Settings!$B$32,Settings!$B$33) -> 236.21346 | M137: =IF(L137<Settings!$B$30,IF(Settings!$B$30-L137>=I137,K137,K137+(Settings!$B$30-L137)+Settings!$B$31),K137+(Settings!$B$33-L137)) -> 236.21346 | N137: =M137+I137 -> 242.23346 | O137: =N137-C137 -> 55.233463 | P137: =F137-C137 -> 13.141948 | Q137: =K137-G137 -> 0 | R137: =M137-K137 -> 0 | S137: =P137+Q137+R137 -> 13.141948 | T137: =IF(MOD(C137-Settings!$B$32,Settings!$B$33)<Settings!$B$30,"Up","Down") -> Up | U137: =IF(OR(I137>Settings!$B$30,O137>Settings!$B$37),0,1) -> 1 | V137: =IF(AND(U137=1,O137<=Settings!$B$36),1,0) -> 1
A138: =Arrivals!A138 -> 2 | B138: =Arrivals!B138 -> 13 | C138: =Arrivals!F138 -> 192 | D138: =Arrivals!J138 -> 2.6888519 | E138: =G137 -> 236.21346 | F138: =MAX(C138,E138) -> 236.21346 | G138: =F138+D138 -> 238.90231 | H138: =Arrivals!L138 -> 75 | I138: =H138*8/ACE_Input!S18+ACE_Input!T18 -> 6.02 | J138: =N137 -> 242.23346 | K138: =MAX(G138,J138) -> 242.23346 | L138: =MOD(K138-Settings!$B$32,Settings!$B$33) -> 242.23346 | M138: =IF(L138<Settings!$B$30,IF(Settings!$B$30-L138>=I138,K138,K138+(Settings!$B$30-L138)+Settings!$B$31),K138+(Settings!$B$33-L138)) -> 242.23346 | N138: =M138+I138 -> 248.25346 | O138: =N138-C138 -> 56.253463 | P138: =F138-C138 -> 44.213463 | Q138: =K138-G138 -> 3.3311481 | R138: =M138-K138 -> 0 | S138: =P138+Q138+R138 -> 47.544611 | T138: =IF(MOD(C138-Settings!$B$32,Settings!$B$33)<Settings!$B$30,"Up","Down") -> Up | U138: =IF(OR(I138>Settings!$B$30,O138>Settings!$B$37),0,1) -> 1 | V138: =IF(AND(U138=1,O138<=Settings!$B$36),1,0) -> 1
... A225: =Arrivals!A225 -> 2 | B225: =Arrivals!B225 -> 100 | C225: =Arrivals!F225 -> 689 | D225: =Arrivals!J225 -> 9.8478449 | E225: =G224 -> 1301.5534 | F225: =MAX(C225,E225) -> 1301.5534 | G225: =F225+D225 -> 1311.4012 | H225: =Arrivals!L225 -> 75 | I225: =H225*8/ACE_Input!S105+ACE_Input!T105 -> 6.02 | J225: =N224 -> 1307.5734 | K225: =MAX(G225,J225) -> 1311.4012 | L225: =MOD(K225-Settings!$B$32,Settings!$B$33) -> 591.40121 | M225: =IF(L225<Settings!$B$30,IF(Settings!$B$30-L225>=I225,K225,K225+(Settings!$B$30-L225)+Settings!$B$31),K225+(Settings!$B$33-L225)) -> 1311.4012 | N225: =M225+I225 -> 1317.4212 | O225: =N225-C225 -> 628.42121 | P225: =F225-C225 -> 612.55337 | Q225: =K225-G225 -> 0 | R225: =M225-K225 -> 0 | S225: =P225+Q225+R225 -> 612.55337 | T225: =IF(MOD(C225-Settings!$B$32,Settings!$B$33)<Settings!$B$30,"Up","Down") -> Down | U225: =IF(OR(I225>Settings!$B$30,O225>Settings!$B$37),0,1) -> 1 | V225: =IF(AND(U225=1,O225<=Settings!$B$36),1,0) -> 0
A246: =Arrivals!A246 -> 3 | B246: =Arrivals!B246 -> 1 | C246: =Arrivals!F246 -> 2 | D246: =Arrivals!J246 -> 9.6190743 | E246: =0 -> 0 | F246: =MAX(C246,E246) -> 2 | G246: =F246+D246 -> 11.619074 | H246: =Arrivals!L246 -> 75 | I246: =H246*8/ACE_Input!S6+ACE_Input!T6 -> 6.02 | J246: =0 -> 0 | K246: =MAX(G246,J246) -> 11.619074 | L246: =MOD(K246-Settings!$B$32,Settings!$B$33) -> 11.619074 | M246: =IF(L246<Settings!$B$30,IF(Settings!$B$30-L246>=I246,K246,K246+(Settings!$B$30-L246)+Settings!$B$31),K246+(Settings!$B$33-L246)) -> 11.619074 | N246: =M246+I246 -> 17.639074 | O246: =N246-C246 -> 15.639074 | P246: =F246-C246 -> 0 | Q246: =K246-G246 -> 0 | R246: =M246-K246 -> 0 | S246: =P246+Q246+R246 -> 0 | T246: =IF(MOD(C246-Settings!$B$32,Settings!$B$33)<Settings!$B$30,"Up","Down") -> Up | U246: =IF(OR(I246>Settings!$B$30,O246>Settings!$B$37),0,1) -> 1 | V246: =IF(AND(U246=1,O246<=Settings!$B$36),1,0) -> 1
A247: =Arrivals!A247 -> 3 | B247: =Arrivals!B247 -> 2 | C247: =Arrivals!F247 -> 7 | D247: =Arrivals!J247 -> 1.5673993 | E247: =G246 -> 11.619074 | F247: =MAX(C247,E247) -> 11.619074 | G247: =F247+D247 -> 13.186474 | H247: =Arrivals!L247 -> 75 | I247: =H247*8/ACE_Input!S7+ACE_Input!T7 -> 6.02 | J247: =N246 -> 17.639074 | K247: =MAX(G247,J247) -> 17.639074 | L247: =MOD(K247-Settings!$B$32,Settings!$B$33) -> 17.639074 | M247: =IF(L247<Settings!$B$30,IF(Settings!$B$30-L247>=I247,K247,K247+(Settings!$B$30-L247)+Settings!$B$31),K247+(Settings!$B$33-L247)) -> 17.639074 | N247: =M247+I247 -> 23.659074 | O247: =N247-C247 -> 16.659074 | P247: =F247-C247 -> 4.6190743 | Q247: =K247-G247 -> 4.4526007 | R247: =M247-K247 -> 0 | S247: =P247+Q247+R247 -> 9.071675 | T247: =IF(MOD(C247-Settings!$B$32,Settings!$B$33)<Settings!$B$30,"Up","Down") -> Up | U247: =IF(OR(I247>Settings!$B$30,O247>Settings!$B$37),0,1) -> 1 | V247: =IF(AND(U247=1,O247<=Settings!$B$36),1,0) -> 1
A248: =Arrivals!A248 -> 3 | B248: =Arrivals!B248 -> 3 | C248: =Arrivals!F248 -> 32 | D248: =Arrivals!J248 -> 35.323704 | E248: =G247 -> 13.186474 | F248: =MAX(C248,E248) -> 32 | G248: =F248+D248 -> 67.323704 | H248: =Arrivals!L248 -> 75 | I248: =H248*8/ACE_Input!S8+ACE_Input!T8 -> 6.02 | J248: =N247 -> 23.659074 | K248: =MAX(G248,J248) -> 67.323704 | L248: =MOD(K248-Settings!$B$32,Settings!$B$33) -> 67.323704 | M248: =IF(L248<Settings!$B$30,IF(Settings!$B$30-L248>=I248,K248,K248+(Settings!$B$30-L248)+Settings!$B$31),K248+(Settings!$B$33-L248)) -> 67.323704 | N248: =M248+I248 -> 73.343704 | O248: =N248-C248 -> 41.343704 | P248: =F248-C248 -> 0 | Q248: =K248-G248 -> 0 | R248: =M248-K248 -> 0 | S248: =P248+Q248+R248 -> 0 | T248: =IF(MOD(C248-Settings!$B$32,Settings!$B$33)<Settings!$B$30,"Up","Down") -> Up | U248: =IF(OR(I248>Settings!$B$30,O248>Settings!$B$37),0,1) -> 1 | V248: =IF(AND(U248=1,O248<=Settings!$B$36),1,0) -> 1
A249: =Arrivals!A249 -> 3 | B249: =Arrivals!B249 -> 4 | C249: =Arrivals!F249 -> 37 | D249: =Arrivals!J249 -> 15.096419 | E249: =G248 -> 67.323704 | F249: =MAX(C249,E249) -> 67.323704 | G249: =F249+D249 -> 82.420123 | H249: =Arrivals!L249 -> 75 | I249: =H249*8/ACE_Input!S9+ACE_Input!T9 -> 6.02 | J249: =N248 -> 73.343704 | K249: =MAX(G249,J249) -> 82.420123 | L249: =MOD(K249-Settings!$B$32,Settings!$B$33) -> 82.420123 | M249: =IF(L249<Settings!$B$30,IF(Settings!$B$30-L249>=I249,K249,K249+(Settings!$B$30-L249)+Settings!$B$31),K249+(Settings!$B$33-L249)) -> 82.420123 | N249: =M249+I249 -> 88.440123 | O249: =N249-C249 -> 51.440123 | P249: =F249-C249 -> 30.323704 | Q249: =K249-G249 -> 0 | R249: =M249-K249 -> 0 | S249: =P249+Q249+R249 -> 30.323704 | T249: =IF(MOD(C249-Settings!$B$32,Settings!$B$33)<Settings!$B$30,"Up","Down") -> Up | U249: =IF(OR(I249>Settings!$B$30,O249>Settings!$B$37),0,1) -> 1 | V249: =IF(AND(U249=1,O249<=Settings!$B$36),1,0) -> 1
A250: =Arrivals!A250 -> 3 | B250: =Arrivals!B250 -> 5 | C250: =Arrivals!F250 -> 42 | D250: =Arrivals!J250 -> 3.4391407 | E250: =G249 -> 82.420123 | F250: =MAX(C250,E250) -> 82.420123 | G250: =F250+D250 -> 85.859264 | H250: =Arrivals!L250 -> 75 | I250: =H250*8/ACE_Input!S10+ACE_Input!T10 -> 6.02 | J250: =N249 -> 88.440123 | K250: =MAX(G250,J250) -> 88.440123 | L250: =MOD(K250-Settings!$B$32,Settings!$B$33) -> 88.440123 | M250: =IF(L250<Settings!$B$30,IF(Settings!$B$30-L250>=I250,K250,K250+(Settings!$B$30-L250)+Settings!$B$31),K250+(Settings!$B$33-L250)) -> 88.440123 | N250: =M250+I250 -> 94.460123 | O250: =N250-C250 -> 52.460123 | P250: =F250-C250 -> 40.420123 | Q250: =K250-G250 -> 2.5808593 | R250: =M250-K250 -> 0 | S250: =P250+Q250+R250 -> 43.000982 | T250: =IF(MOD(C250-Settings!$B$32,Settings!$B$33)<Settings!$B$30,"Up","Down") -> Up | U250: =IF(OR(I250>Settings!$B$30,O250>Settings!$B$37),0,1) -> 1 | V250: =IF(AND(U250=1,O250<=Settings!$B$36),1,0) -> 1
A251: =Arrivals!A251 -> 3 | B251: =Arrivals!B251 -> 6 | C251: =Arrivals!F251 -> 47 | D251: =Arrivals!J251 -> 0.49587153 | E251: =G250 -> 85.859264 | F251: =MAX(C251,E251) -> 85.859264 | G251: =F251+D251 -> 86.355135 | H251: =Arrivals!L251 -> 75 | I251: =H251*8/ACE_Input!S11+ACE_Input!T11 -> 6.02 | J251: =N250 -> 94.460123 | K251: =MAX(G251,J251) -> 94.460123 | L251: =MOD(K251-Settings!$B$32,Settings!$B$33) -> 94.460123 | M251: =IF(L251<Settings!$B$30,IF(Settings!$B$30-L251>=I251,K251,K251+(Settings!$B$30-L251)+Settings!$B$31),K251+(Settings!$B$33-L251)) -> 94.460123 | N251: =M251+I251 -> 100.48012 | O251: =N251-C251 -> 53.480123 | P251: =F251-C251 -> 38.859264 | Q251: =K251-G251 -> 8.1049878 | R251: =M251-K251 -> 0 | S251: =P251+Q251+R251 -> 46.964251 | T251: =IF(MOD(C251-Settings!$B$32,Settings!$B$33)<Settings!$B$30,"Up","Down") -> Up | U251: =IF(OR(I251>Settings!$B$30,O251>Settings!$B$37),0,1) -> 1 | V251: =IF(AND(U251=1,O251<=Settings!$B$36),1,0) -> 1
A252: =Arrivals!A252 -> 3 | B252: =Arrivals!B252 -> 7 | C252: =Arrivals!F252 -> 52 | D252: =Arrivals!J252 -> 5.2723704 | E252: =G251 -> 86.355135 | F252: =MAX(C252,E252) -> 86.355135 | G252: =F252+D252 -> 91.627505 | H252: =Arrivals!L252 -> 75 | I252: =H252*8/ACE_Input!S12+ACE_Input!T12 -> 6.02 | J252: =N251 -> 100.48012 | K252: =MAX(G252,J252) -> 100.48012 | L252: =MOD(K252-Settings!$B$32,Settings!$B$33) -> 100.48012 | M252: =IF(L252<Settings!$B$30,IF(Settings!$B$30-L252>=I252,K252,K252+(Settings!$B$30-L252)+Settings!$B$31),K252+(Settings!$B$33-L252)) -> 100.48012 | N252: =M252+I252 -> 106.50012 | O252: =N252-C252 -> 54.500123 | P252: =F252-C252 -> 34.355135 | Q252: =K252-G252 -> 8.8526174 | R252: =M252-K252 -> 0 | S252: =P252+Q252+R252 -> 43.207752 | T252: =IF(MOD(C252-Settings!$B$32,Settings!$B$33)<Settings!$B$30,"Up","Down") -> Up | U252: =IF(OR(I252>Settings!$B$30,O252>Settings!$B$37),0,1) -> 1 | V252: =IF(AND(U252=1,O252<=Settings!$B$36),1,0) -> 1
A253: =Arrivals!A253 -> 3 | B253: =Arrivals!B253 -> 8 | C253: =Arrivals!F253 -> 57 | D253: =Arrivals!J253 -> 19.050027 | E253: =G252 -> 91.627505 | F253: =MAX(C253,E253) -> 91.627505 | G253: =F253+D253 -> 110.67753 | H253: =Arrivals!L253 -> 75 | I253: =H253*8/ACE_Input!S13+ACE_Input!T13 -> 6.02 | J253: =N252 -> 106.50012 | K253: =MAX(G253,J253) -> 110.67753 | L253: =MOD(K253-Settings!$B$32,Settings!$B$33) -> 110.67753 | M253: =IF(L253<Settings!$B$30,IF(Settings!$B$30-L253>=I253,K253,K253+(Settings!$B$30-L253)+Settings!$B$31),K253+(Settings!$B$33-L253)) -> 110.67753 | N253: =M253+I253 -> 116.69753 | O253: =N253-C253 -> 59.697532 | P253: =F253-C253 -> 34.627505 | Q253: =K253-G253 -> 0 | R253: =M253-K253 -> 0 | S253: =P253+Q253+R253 -> 34.627505 | T253: =IF(MOD(C253-Settings!$B$32,Settings!$B$33)<Settings!$B$30,"Up","Down") -> Up | U253: =IF(OR(I253>Settings!$B$30,O253>Settings!$B$37),0,1) -> 1 | V253: =IF(AND(U253=1,O253<=Settings!$B$36),1,0) -> 1
A254: =Arrivals!A254 -> 3 | B254: =Arrivals!B254 -> 9 | C254: =Arrivals!F254 -> 172 | D254: =Arrivals!J254 -> 0.62463086 | E254: =G253 -> 110.67753 | F254: =MAX(C254,E254) -> 172 | G254: =F254+D254 -> 172.62463 | H254: =Arrivals!L254 -> 75 | I254: =H254*8/ACE_Input!S14+ACE_Input!T14 -> 6.02 | J254: =N253 -> 116.69753 | K254: =MAX(G254,J254) -> 172.62463 | L254: =MOD(K254-Settings!$B$32,Settings!$B$33) -> 172.62463 | M254: =IF(L254<Settings!$B$30,IF(Settings!$B$30-L254>=I254,K254,K254+(Settings!$B$30-L254)+Settings!$B$31),K254+(Settings!$B$33-L254)) -> 172.62463 | N254: =M254+I254 -> 178.64463 | O254: =N254-C254 -> 6.6446309 | P254: =F254-C254 -> 0 | Q254: =K254-G254 -> 0 | R254: =M254-K254 -> 0 | S254: =P254+Q254+R254 -> 0 | T254: =IF(MOD(C254-Settings!$B$32,Settings!$B$33)<Settings!$B$30,"Up","Down") -> Up | U254: =IF(OR(I254>Settings!$B$30,O254>Settings!$B$37),0,1) -> 1 | V254: =IF(AND(U254=1,O254<=Settings!$B$36),1,0) -> 1
A255: =Arrivals!A255 -> 3 | B255: =Arrivals!B255 -> 10 | C255: =Arrivals!F255 -> 177 | D255: =Arrivals!J255 -> 7.5848908 | E255: =G254 -> 172.62463 | F255: =MAX(C255,E255) -> 177 | G255: =F255+D255 -> 184.58489 | H255: =Arrivals!L255 -> 75 | I255: =H255*8/ACE_Input!S15+ACE_Input!T15 -> 6.02 | J255: =N254 -> 178.64463 | K255: =MAX(G255,J255) -> 184.58489 | L255: =MOD(K255-Settings!$B$32,Settings!$B$33) -> 184.58489 | M255: =IF(L255<Settings!$B$30,IF(Settings!$B$30-L255>=I255,K255,K255+(Settings!$B$30-L255)+Settings!$B$31),K255+(Settings!$B$33-L255)) -> 184.58489 | N255: =M255+I255 -> 190.60489 | O255: =N255-C255 -> 13.604891 | P255: =F255-C255 -> 0 | Q255: =K255-G255 -> 0 | R255: =M255-K255 -> 0 | S255: =P255+Q255+R255 -> 0 | T255: =IF(MOD(C255-Settings!$B$32,Settings!$B$33)<Settings!$B$30,"Up","Down") -> Up | U255: =IF(OR(I255>Settings!$B$30,O255>Settings!$B$37),0,1) -> 1 | V255: =IF(AND(U255=1,O255<=Settings!$B$36),1,0) -> 1
A256: =Arrivals!A256 -> 3 | B256: =Arrivals!B256 -> 11 | C256: =Arrivals!F256 -> 182 | D256: =Arrivals!J256 -> 3.8990626 | E256: =G255 -> 184.58489 | F256: =MAX(C256,E256) -> 184.58489 | G256: =F256+D256 -> 188.48395 | H256: =Arrivals!L256 -> 75 | I256: =H256*8/ACE_Input!S16+ACE_Input!T16 -> 6.02 | J256: =N255 -> 190.60489 | K256: =MAX(G256,J256) -> 190.60489 | L256: =MOD(K256-Settings!$B$32,Settings!$B$33) -> 190.60489 | M256: =IF(L256<Settings!$B$30,IF(Settings!$B$30-L256>=I256,K256,K256+(Settings!$B$30-L256)+Settings!$B$31),K256+(Settings!$B$33-L256)) -> 190.60489 | N256: =M256+I256 -> 196.62489 | O256: =N256-C256 -> 14.624891 | P256: =F256-C256 -> 2.5848908 | Q256: =K256-G256 -> 2.1209374 | R256: =M256-K256 -> 0 | S256: =P256+Q256+R256 -> 4.7058282 | T256: =IF(MOD(C256-Settings!$B$32,Settings!$B$33)<Settings!$B$30,"Up","Down") -> Up | U256: =IF(OR(I256>Settings!$B$30,O256>Settings!$B$37),0,1) -> 1 | V256: =IF(AND(U256=1,O256<=Settings!$B$36),1,0) -> 1
A257: =Arrivals!A257 -> 3 | B257: =Arrivals!B257 -> 12 | C257: =Arrivals!F257 -> 187 | D257: =Arrivals!J257 -> 9.1663562 | E257: =G256 -> 188.48395 | F257: =MAX(C257,E257) -> 188.48395 | G257: =F257+D257 -> 197.65031 | H257: =Arrivals!L257 -> 75 | I257: =H257*8/ACE_Input!S17+ACE_Input!T17 -> 6.02 | J257: =N256 -> 196.62489 | K257: =MAX(G257,J257) -> 197.65031 | L257: =MOD(K257-Settings!$B$32,Settings!$B$33) -> 197.65031 | M257: =IF(L257<Settings!$B$30,IF(Settings!$B$30-L257>=I257,K257,K257+(Settings!$B$30-L257)+Settings!$B$31),K257+(Settings!$B$33-L257)) -> 197.65031 | N257: =M257+I257 -> 203.67031 | O257: =N257-C257 -> 16.67031 | P257: =F257-C257 -> 1.4839535 | Q257: =K257-G257 -> 0 | R257: =M257-K257 -> 0 | S257: =P257+Q257+R257 -> 1.4839535 | T257: =IF(MOD(C257-Settings!$B$32,Settings!$B$33)<Settings!$B$30,"Up","Down") -> Up | U257: =IF(OR(I257>Settings!$B$30,O257>Settings!$B$37),0,1) -> 1 | V257: =IF(AND(U257=1,O257<=Settings!$B$36),1,0) -> 1
A258: =Arrivals!A258 -> 3 | B258: =Arrivals!B258 -> 13 | C258: =Arrivals!F258 -> 192 | D258: =Arrivals!J258 -> 3.2207588 | E258: =G257 -> 197.65031 | F258: =MAX(C258,E258) -> 197.65031 | G258: =F258+D258 -> 200.87107 | H258: =Arrivals!L258 -> 75 | I258: =H258*8/ACE_Input!S18+ACE_Input!T18 -> 6.02 | J258: =N257 -> 203.67031 | K258: =MAX(G258,J258) -> 203.67031 | L258: =MOD(K258-Settings!$B$32,Settings!$B$33) -> 203.67031 | M258: =IF(L258<Settings!$B$30,IF(Settings!$B$30-L258>=I258,K258,K258+(Settings!$B$30-L258)+Settings!$B$31),K258+(Settings!$B$33-L258)) -> 203.67031 | N258: =M258+I258 -> 209.69031 | O258: =N258-C258 -> 17.69031 | P258: =F258-C258 -> 5.6503097 | Q258: =K258-G258 -> 2.7992412 | R258: =M258-K258 -> 0 | S258: =P258+Q258+R258 -> 8.4495509 | T258: =IF(MOD(C258-Settings!$B$32,Settings!$B$33)<Settings!$B$30,"Up","Down") -> Up | U258: =IF(OR(I258>Settings!$B$30,O258>Settings!$B$37),0,1) -> 1 | V258: =IF(AND(U258=1,O258<=Settings!$B$36),1,0) -> 1
... A345: =Arrivals!A345 -> 3 | B345: =Arrivals!B345 -> 100 | C345: =Arrivals!F345 -> 689 | D345: =Arrivals!J345 -> 2.1673409 | E345: =G344 -> 1074.8677 | F345: =MAX(C345,E345) -> 1074.8677 | G345: =F345+D345 -> 1077.035 | H345: =Arrivals!L345 -> 75 | I345: =H345*8/ACE_Input!S105+ACE_Input!T105 -> 6.02 | J345: =N344 -> 1080.8877 | K345: =MAX(G345,J345) -> 1080.8877 | L345: =MOD(K345-Settings!$B$32,Settings!$B$33) -> 360.88766 | M345: =IF(L345<Settings!$B$30,IF(Settings!$B$30-L345>=I345,K345,K345+(Settings!$B$30-L345)+Settings!$B$31),K345+(Settings!$B$33-L345)) -> 1080.8877 | N345: =M345+I345 -> 1086.9077 | O345: =N345-C345 -> 397.90766 | P345: =F345-C345 -> 385.86766 | Q345: =K345-G345 -> 3.8526591 | R345: =M345-K345 -> 0 | S345: =P345+Q345+R345 -> 389.72032 | T345: =IF(MOD(C345-Settings!$B$32,Settings!$B$33)<Settings!$B$30,"Up","Down") -> Down | U345: =IF(OR(I345>Settings!$B$30,O345>Settings!$B$37),0,1) -> 1 | V345: =IF(AND(U345=1,O345<=Settings!$B$36),1,0) -> 0
A366: =Arrivals!A366 -> 4 | B366: =Arrivals!B366 -> 1 | C366: =Arrivals!F366 -> 2 | D366: =Arrivals!J366 -> 9.4115321 | E366: =0 -> 0 | F366: =MAX(C366,E366) -> 2 | G366: =F366+D366 -> 11.411532 | H366: =Arrivals!L366 -> 75 | I366: =H366*8/ACE_Input!S6+ACE_Input!T6 -> 6.02 | J366: =0 -> 0 | K366: =MAX(G366,J366) -> 11.411532 | L366: =MOD(K366-Settings!$B$32,Settings!$B$33) -> 11.411532 | M366: =IF(L366<Settings!$B$30,IF(Settings!$B$30-L366>=I366,K366,K366+(Settings!$B$30-L366)+Settings!$B$31),K366+(Settings!$B$33-L366)) -> 11.411532 | N366: =M366+I366 -> 17.431532 | O366: =N366-C366 -> 15.431532 | P366: =F366-C366 -> 0 | Q366: =K366-G366 -> 0 | R366: =M366-K366 -> 0 | S366: =P366+Q366+R366 -> 0 | T366: =IF(MOD(C366-Settings!$B$32,Settings!$B$33)<Settings!$B$30,"Up","Down") -> Up | U366: =IF(OR(I366>Settings!$B$30,O366>Settings!$B$37),0,1) -> 1 | V366: =IF(AND(U366=1,O366<=Settings!$B$36),1,0) -> 1
